gene_symbol	strict_lodo_FDR_candidate	meta_FDR	GSE243023_logFC	GSE205050_logFC	GSE10723_logFC
MCM2	True	3.7120671297902166e-08	-0.633923950850568	-1.12990826648042	-0.451417312
MCM7	True	3.7120671297902166e-08	-0.542478089633707	-0.88727289947207	-0.75093536725
SLC38A2	True	5.0850037217760184e-08	1.02279661087166	0.203180247289749	2.07523361425
MCM5	True	1.3845356719014814e-07	-1.06577267839702	-1.08384894053367	-0.426531557
SORD	True	3.166079698568111e-07	-0.322321993505303	-0.507300487444286	-0.96555352575
PRPF31	True	3.312826818452425e-07	-0.500897351626019	-0.444686456364916	-0.9550869505
RNF19A	True	3.312826818452425e-07	0.420937680786137	0.462935408796332	0.8344704765
FUS	True	7.270789726130665e-07	-0.433797263337249	-0.529974126110105	-0.6184053135
IDH2	True	7.270789726130665e-07	-0.716049473779099	-0.66242894149188	-0.73699816525
TRAP1	True	1.092905206128285e-06	-0.903079695372263	-0.478597973992796	-0.4302396545
LIG1	True	1.429655877326163e-06	-0.584967324756917	-0.506365965340199	-0.50749591575
IPO11	True	1.5058487163963887e-06	0.369431379421322	0.393772106024495	0.93836505975
MAP3K1	True	2.015602896307341e-06	0.861748418633781	0.688070215837039	0.706312119
ITM2B	True	2.193167427093032e-06	0.433056893928914	0.613702347112268	0.818370767500001
SSRP1	True	2.3966459734199334e-06	-0.50317839921502	-0.554997291541279	-0.42271705
FILIP1L	True	2.53924996145429e-06	0.412927543109096	0.716723345225617	1.271693875875
FN3KRP	True	3.073716882404957e-06	-0.644178261837642	-0.450117050349332	-0.364805373
SERINC1	True	3.073716882404957e-06	0.47956070111321	0.418199981913128	0.64636865425
C2CD4B	True	3.075256224540608e-06	0.840851106443992	1.05394226253378	1.03022799975
RB1CC1	True	5.346956694858426e-06	0.523452272306407	0.282059201911728	0.95501875625
YPEL5	True	5.560450152823069e-06	0.454139361543523	0.485306401555755	0.533609344
PRPF19	True	5.6005800546763525e-06	-0.338800754091835	-0.414585179858856	-0.58756289925
TBC1D9	True	5.6005800546763525e-06	0.492978265323695	0.384968387660424	0.572159306
TMEM50B	True	5.6005800546763525e-06	0.24912142978511	0.364918477372449	1.536828774
XRCC2	True	5.719527192643977e-06	-0.36279859247419	-1.10687313644487	-1.0163691315
BMI1	True	6.526816401349976e-06	0.792086443662659	0.221589677585539	0.703999222
CLN6	True	6.526816401349976e-06	-0.517946489250256	-0.615985664930261	-0.48235171675
DDX39B	True	6.526816401349976e-06	-0.262732671229381	-0.340424255989066	-0.822757398
PJA2	True	6.526816401349976e-06	0.592027306933805	0.304842340590076	0.9753397945
RND3	True	6.526816401349976e-06	0.527284902521267	1.06340022735729	0.71952270525
SLC17A5	True	6.526816401349976e-06	0.408465232465368	0.653311032816436	0.6474816575
FABP4	True	6.8217774509282674e-06	1.25368423387273	2.17458835479386	0.761845509499999
TMEM217	True	7.079480204835426e-06	0.726821390872221	0.845616169389371	0.71353420875
ENC1	True	9.201667216264632e-06	0.625189303653952	0.299368882391351	0.703179692
NTN4	True	1.016188709479998e-05	0.619495275506392	1.01071517038261	0.248869276
EMCN	True	1.1137013604570104e-05	0.416619157994278	0.963860364463339	0.35973895725
CACYBP	True	1.2984603966012758e-05	-0.0848590270978509	-0.641599187740646	-0.982825431
CD164	True	1.3146274351748856e-05	0.430850592033618	0.235139198749891	0.79260913
FZD4	True	1.389499594204158e-05	0.233152926829746	0.24720786878329	0.70775667925
GOLGA5	True	1.389499594204158e-05	0.618616056412404	0.181279527647396	0.4467184
HNRNPD	True	1.389499594204158e-05	-0.225849289335171	-0.456823598196955	-0.73814916675
RAD23A	True	1.389499594204158e-05	-0.603445935316544	-0.471875339069405	-0.52693504925
TMEM263	True	1.4559088902454372e-05	0.47834149366583	0.140071660353783	0.8972093185
TRAM1	True	1.4559088902454372e-05	0.438142815737505	0.160447017742023	0.878270858500001
PA2G4	True	1.5851670406871643e-05	-0.40658142106196	-0.450530974524217	-0.92601645225
KCNJ2	True	1.700713227536877e-05	1.3979613763744	1.02491708502409	0.6626486715
DUSP4	True	1.7189517118531773e-05	-0.316748731287873	-0.793664572568293	-0.829077356
CCND2	True	1.75614727453102e-05	0.550959679017705	1.00497132866562	0.54518679925
FYTTD1	True	1.75614727453102e-05	0.364993096227722	0.1969503145861	0.74140719125
ITPR3	True	1.75614727453102e-05	-0.711733849194967	-0.208383324555019	-0.593734642
PDAP1	True	1.75614727453102e-05	-0.522861578485022	-0.337622818109096	-0.55068265725
PRKAR1A	True	1.75614727453102e-05	0.411128408213134	0.31979334563216	0.46824711375
TPBG	True	1.75614727453102e-05	0.671677486331824	0.650846642024965	0.41418865525
DNAJB9	True	1.8860738254419635e-05	0.653584883834193	1.00498299269144	0.83972744425
ODC1	True	1.9487563599193965e-05	-0.756417984428546	-0.47759052442665	-0.39715559575
PON2	True	1.9487563599193965e-05	0.163928873974378	0.47538950857362	0.500313085
P4HA1	True	2.0227954521622348e-05	0.827281811008974	0.0802490590169755	0.86674225475
RRP7A	True	2.1014196006080228e-05	-0.767067955222282	-0.311123639166883	-0.52656877625
ARL6IP5	True	2.178077140525632e-05	0.402448683849868	0.224030604405993	0.73607220675
DRAM1	True	2.178077140525632e-05	0.498829281153004	0.19498739056921	0.63567631175
SCARB1	True	2.178077140525632e-05	-0.603832519054813	-0.801627625770504	-0.30225402525
ADGRL2	True	2.181563007249892e-05	0.552382460484402	0.357186009808565	0.65685771925
ATP6V1A	True	2.181563007249892e-05	0.679324981680566	0.203299617000853	0.77931051275
SH3BGRL	True	2.356448896555628e-05	0.167958841778495	0.367507258195272	0.7410333165
PCDH10	True	2.4521363298432405e-05	0.651510595730058	0.376998917873683	0.758868339625
TTLL12	True	2.4521363298432405e-05	-0.756896688788587	-0.432161109939842	-0.303688754
ADCY3	True	2.5879482890310204e-05	-0.660800243419041	-0.755019477349149	-0.1763430455
PIH1D1	True	2.5879482890310204e-05	-0.378954727720096	-0.375451485436013	-0.622551863
PAM	True	2.7598959545228768e-05	0.310635021002893	0.576443460662532	0.53331575175
FBXO32	True	2.8856127268758103e-05	1.00051383815584	0.370086177405238	0.36723028525
FOSL2	True	2.994431089369667e-05	0.23143629237936	0.385043057169887	0.9172701485
SMOX	True	3.348448845596699e-05	-1.19045357837521	-0.0861829429642347	-0.46206396025
ENO1	True	3.3893565051087736e-05	-0.328151552140566	-0.532507762515957	-0.461587257
RALA	True	3.4246754749603124e-05	0.347757635525792	0.239377759348857	0.5523892035
OSTM1	True	3.4953142285063074e-05	0.433970272291313	0.333218537115794	0.4191643385
RTN4	True	3.6351141673842096e-05	0.51162608071912	0.151052541993261	1.0883752375
NEDD9	True	3.647690399042212e-05	0.43994970868276	0.287035899830606	0.636907468
CXXC5	True	3.686977070363905e-05	0.138171521245667	0.97941490203829	0.69419919925
NUP85	True	3.7316671742491865e-05	-0.252757682408125	-0.534485581123966	-0.3305219575
ATRX	True	4.27153892381469e-05	0.743612909758059	0.136979692958277	0.74517841075
NUP93	True	4.5771703822906605e-05	-0.312844677668377	-0.469415082656286	-0.42904713225
PES1	True	5.203409772476981e-05	-0.644826879449756	-0.328015274618692	-0.278051667
SNX8	True	5.4133282079158776e-05	-0.525961393331402	-0.240970447340867	-0.64729515875
CITED2	True	5.543543057649032e-05	0.231283551827464	0.496029898269836	1.08027559025
DAB2	True	5.543543057649032e-05	0.0645601939378828	0.481523782837705	0.874646679
TUBG1	True	5.543543057649032e-05	-0.787961642380519	-0.673344329016247	-0.219350536
BBX	True	5.9028726752676645e-05	0.352388638918304	0.496624259026169	0.2818445835
PSMC3	True	5.9028726752676645e-05	-0.53507782710655	-0.373058503368292	-0.55440042225
PRMT1	True	6.209031836572838e-05	-0.813697405650837	-0.371885689476478	-0.32875965425
CPD	True	6.818099223096231e-05	0.348611083049171	0.258940412955795	0.53230123975
PPM1G	True	6.818099223096231e-05	-0.649397295026257	-0.415258729156461	-0.54886948175
SLC35A5	True	7.111080006357933e-05	0.541452644279831	0.300964942734322	0.46030328025
EFNB2	True	7.184779587565721e-05	0.537394159189372	0.778837362113263	0.4989798365
NDUFS2	True	7.427840718025513e-05	-0.3766371936812	-0.23971435684448	-0.55671074775
ABHD5	True	7.486640585184304e-05	0.474766500346356	0.484392119800925	0.27567714375
EPHB2	True	7.486640585184304e-05	-0.597588984116547	-0.328741143025496	-0.357086729
SDHA	True	7.486640585184304e-05	-0.452764672660746	-0.376831112223224	-0.3391169135
ZMYM2	True	7.486640585184304e-05	0.490965546249406	0.341486428461262	0.842067295
MAP1LC3B	True	7.971556581260924e-05	0.343977665182305	0.71772140695952	0.859677977
TOMM40	True	7.971556581260924e-05	-0.843633000966366	-0.625629925910113	-0.2574954235
SEC62	True	9.44866931160442e-05	0.496024980725149	0.127380264928711	0.62451339475
TMX3	True	9.777168713728946e-05	0.649968160066506	0.200612103980638	0.506142444
ITGBL1	True	9.882821337505766e-05	0.75896501489148	0.319036036067616	0.29167395525
PLSCR4	True	9.882821337505766e-05	0.62326633308616	0.356585578137147	0.8279439465
SEL1L	True	0.000100277918022	0.561852030400915	0.31075439490253	0.30082536325
PGD	True	0.0001074702428502	-0.644549177482984	-0.28032354288306	-0.22687722875
VMP1	True	0.0001092307350458	0.659496848203967	0.205503063049999	0.41020739725
AKR1C3	True	0.000116666031963	0.218480489283083	0.344414470031436	0.862520266750001
LRRC70	True	0.0001173957677133	0.508782707406417	0.271493427037175	0.610037393
MED13L	True	0.0001173957677133	0.612787051922898	0.295033408260627	0.3245925795
TANC1	True	0.0001173957677133	0.329585887188836	0.279631874985012	0.6467763605
EWSR1	True	0.0001296075959587	-0.356380512454434	-0.286222965660585	-0.509635917625
TM4SF18	True	0.000130126944014	0.34704555717646	0.273261248841043	0.5108109845
WASL	True	0.0001393858889567	0.612033352343628	0.0994055051694307	0.6787430985
CNKSR3	True	0.0001439598456114	0.64679832672907	0.412428192300554	0.532089876
FERMT3	True	0.0001458343297528	-0.743514306443798	-0.284357105757787	-0.907427388
SGIP1	True	0.0001531744313955	0.936390899596919	0.646930636275124	0.114395119
TUBA4A	True	0.0001545714942128	-0.82301879918348	-0.847232660642018	-0.274672746
YTHDF3	True	0.0001593682795699	0.415459035314931	0.223439268254917	0.3873716275
SLC25A10	True	0.0001594859915109	-0.978779481504917	-0.687072949427568	-0.4042834775
RECK	True	0.000162169474527	0.432816629544776	0.343946755984052	0.57101602425
FLRT2	True	0.0001795325541261	0.288628044341465	0.578407447976533	0.4512069645
PTPRB	True	0.0001795325541261	0.858623686172036	0.158700549081757	0.5651366565
SYT11	True	0.0001795325541261	0.389261590534978	0.620023102690809	0.337684926
ELL2	True	0.0001813199408361	0.232058200451307	0.311740645115992	0.693920234
SPTLC1	True	0.0001935636799933	0.42624236391852	0.089574282566895	0.7342960295
SNRPC	True	0.0002104656350023	-0.284699305190223	-0.349766992164662	-0.4000752
ADGRG1	True	0.000217553221285	-0.790242155691927	-0.142354639747285	-0.6554788865
FABP5	True	0.0002231376035999	0.592828085671556	0.486123266443761	0.57762558275
TACC1	True	0.0002251114256348	0.243169371287463	0.239402449264123	0.5606143915
ADSL	True	0.0002284489717545	-0.178983410661798	-0.241012017468409	-0.6743417945
TMEM245	True	0.0002284489717545	0.558699435259192	0.202187304692217	0.4586554765
CCT7	True	0.000228497127898	-0.518391921325206	-0.317216298670115	-0.366163430249999
SPOCD1	True	0.0002470686427518	-0.641393775909526	-0.392028083474695	-0.541812125
EXOSC2	True	0.0002605642095116	-0.206145142668163	-0.417251577492416	-0.792964401249999
RAPGEF2	True	0.0002605642095116	0.301392777174609	0.280528272742053	0.665610463
CEBPG	True	0.0002814225164627	0.553069922911445	0.107723893217943	0.562794413
CINP	True	0.0002814225164627	-0.400854946499567	-0.225252072467297	-0.71994665725
S1PR1	True	0.0002930442101947	0.417754037102822	0.386343597794773	0.90118175925
TOMM34	True	0.0003021168363042	-0.634954360424556	-0.336870036173354	-0.23982527225
TBCD	True	0.0003077258494679	-0.666960152593292	-0.211494785665822	-0.38446258325
PCYT2	True	0.0003140830712884	-0.517477602256037	-0.307784681428339	-0.509093606
RRM2B	True	0.0003140830712884	0.293659155656763	0.581433678893828	0.71702750375
KIF1B	True	0.000336781625873	0.438186923347778	0.438370148342265	0.289968619
CCSER2	True	0.0003412017171007	0.46186302522746	0.38520709004311	0.26372614075
APEH	True	0.0003625253734439	-0.407749193427764	-0.294630828705363	-0.631741819
TAX1BP1	True	0.0003625253734439	0.133860691791403	0.257015899559707	0.75755045025
MT1X	True	0.000368178901491	-0.935283749661893	-0.286393247960542	-0.624304313
VPS25	True	0.000368178901491	-0.645089384072701	-0.0961503075176031	-0.451952593
CAV2	True	0.0004155425218852	0.440954736145292	0.142281948431737	0.558646113625
MMP10	True	0.0004497798060893	0.19724631929586	0.307394479779708	0.7736910925
SERPIND1	True	0.0004785592878234	-0.553504422169991	-1.0913646731676	-0.520318182
CHMP5	True	0.0004876902843774	0.251190247834677	0.209018863688546	0.6621048415
PRRC1	True	0.000490301646943	0.531142013024294	1.05729252920467	0.39903184725
RSL24D1	True	0.000490301646943	0.418486726507142	0.099225337812566	0.6800583735
VCAM1	True	0.000490301646943	1.24239735607179	0.371309147178829	0.497085207
TUBA1C	True	0.0004990967085412	-0.738363697165195	-0.936253225119403	-0.06574953325
ZFAND6	True	0.0004990967085412	0.271322040397198	0.148104631576228	0.54179462925
C19ORF12	True	0.0005199009350565	0.50405883637369	0.338980132247511	0.4172130655
SNRPB	True	0.0005296568589393	-0.281208435011105	-0.54378998327766	-0.4575829535
DNAJC3	True	0.000548042980164	0.625298607507501	0.206794527130659	0.2118941205
B3GLCT	True	0.0005635405384684	0.558712923543987	0.220101784177431	0.546778412
TM2D3	True	0.0005859768646107	0.370191147664083	0.391536537610993	0.39560657025
DST	True	0.0005896152054134	0.438344811613024	0.348456793378471	0.19054952125
ATAD1	True	0.0005917913612897	0.578867540662066	0.430307800296553	0.20110122025
ARMCX3	True	0.0006290475794328	0.318675870471913	0.433675641525671	0.24940287725
EOGT	True	0.0006415044664036	0.481236310108213	0.219009880453019	0.1640202835
SND1	True	0.0006415044664036	-0.24386891612561	-0.224388232798765	-0.38890332125
PDGFC	True	0.0006421303929482	0.804414409490087	0.449945615698863	0.4931972085
POLA2	True	0.0006434082713543	-0.218448121040933	-0.563370497585521	-0.7428843225
CABLES1	True	0.0007003843575741	0.218196673119793	0.340682487864956	0.45858193275
YIPF4	True	0.0007128172025572	0.68472393018799	0.130635823242221	0.4088222235
ASAP2	True	0.00073259704152	0.267212308455171	0.278414623738838	0.339249055
CCT3	True	0.0007492583667948	-0.341101778309461	-0.243617026827607	-0.319616835750001
BACH1	True	0.0007736333499225	0.687284724889911	0.250840497885693	0.65043269475
POLR2E	True	0.0007736333499225	-0.684161274766716	-0.28822980057913	-0.33849651525
NRGN	True	0.0007797950240299	-1.0393173009654	-0.590049111132897	-0.29701988875
FAM177A1	True	0.0007806736609055	0.45931880006166	0.465095415667622	0.19444260425
CGRRF1	True	0.0007970002889098	0.924705161957008	0.140080334376393	0.50176831725
GJA1	True	0.0008154602194556	0.643391055875675	0.170912548215796	0.65683571175
TMEM165	True	0.0008154602194556	0.589749828637987	0.0815007123460756	0.513697672
ASCC2	True	0.0008185655873651	-0.734874424334434	-0.275347027545737	-0.22620536175
GOLGB1	True	0.0008185655873651	0.346017382058617	0.401474462877231	0.25706848125
SLC39A10	True	0.0008185655873651	0.840576209024385	0.335688996597733	0.25090357475
PEAK1	True	0.0008351326400961	0.246510192922124	0.222687839006078	0.5120383125
TCEAL8	True	0.0008443529533736	0.287031318476831	0.301201293929116	0.26701893625
CHIC2	True	0.0008538354875146	0.745855569048058	0.18444430073741	0.40354136775
MRPL37	True	0.0008643294052626	-0.492213840381988	-0.304220518445912	-0.469251054
ERBIN	True	0.0008660331680569	0.581126742800467	0.208475940164609	0.404586945
TMEM109	True	0.0008806430949867	-0.350832006453429	-0.206956259432224	-0.286983634249999
CTNNBL1	True	0.0009282726581004	-0.312167088515476	-0.311555866914462	-0.40368095575
BCKDHA	True	0.0009514599431279	-0.718682148428455	-0.199866563205781	-0.48811250775
MAD2L2	True	0.0009554359543592	-0.839373958443643	-0.173550777318205	-0.517819047
PSMC5	True	0.0010417328016548	-0.254236245908183	-0.206705163638927	-0.92055101675
CBY1	True	0.001063869008463	-0.56869281472514	-0.559923688959231	-0.252389821
PSMD8	True	0.001063869008463	-0.368506655141052	-0.227166766228171	-0.5173464045
S100A16	True	0.0010844827251314	-0.430118703316934	-0.144130811395048	-0.48324395775
NPEPPS	True	0.0010850607884649	0.325059297137628	0.202894398185145	0.41672497575
DUSP3	True	0.001091437627039	0.375184157398893	0.132603782912079	0.527225578
NOC2L	True	0.0011006559194607	-0.836064148184646	-0.255614225639307	-0.2280306985
VAC14	True	0.0011006559194607	-0.631970875380365	-0.202207684837175	-0.260567573
PROCR	True	0.0011157550843791	-0.327113813468535	-0.233381999984729	-0.397379253750001
TJP1	True	0.0011773065117204	0.28612626679992	0.270639357113883	0.443887767
TM2D2	True	0.001195768049924	0.331370145507876	0.242251754216182	0.416900243
SEMA3F	True	0.0012482081870284	-0.652244752901253	-0.147991135546937	-0.4882172495
CAP2	True	0.0013097548138049	0.68750388287467	0.400672025448681	0.33141644725
AXL	True	0.001411881524883	-0.435465646734276	-0.409982913720116	-0.2936659145
FLII	True	0.0014338888199144	-0.504263036643243	-0.238454379427461	-0.20615604375
DDX19B	True	0.0014470574415275	-0.436921536820511	-0.163262727600502	-0.51915306
SECISBP2L	True	0.0014543606356344	0.52063444581205	0.217579621323391	0.14275970375
RIOK3	True	0.001481639171473	0.459948550646722	0.0658393325195803	0.472902287
AFF1	True	0.00151912296499	0.37183433261139	0.81432594295468	0.38044584025
BOP1	True	0.0016028057572631	-0.789505475936124	-0.383586181259799	-0.423804733
NME1	True	0.0016263537169086	-0.383175890596585	-0.916497609489138	-0.50424641525
CXCL8	True	0.0016324102167202	0.706141881294035	1.95640599557313	0.6476773285
DYNLT3	True	0.0016664149206122	0.277355534560869	0.287962712105847	0.4834783795
RAB29	True	0.0016664149206122	0.353926966599926	0.156330969813055	0.408267795
RALY	True	0.0016664149206122	-0.749955874593231	-0.169275883124041	-0.40224308225
PRICKLE1	True	0.0017781555916668	0.292827421887861	0.276646473510827	0.338853972
RIPK2	True	0.0017789070522689	0.55436730513831	0.228056247978709	0.29936740575
SLC20A1	True	0.0020476907958526	0.266280699587223	0.23106945395018	0.37957423525
RWDD2A	True	0.0021706233594093	0.392830095976275	0.296584943078845	0.26144293225
RAB32	True	0.0021872538486298	0.40565679276317	0.265392979961952	0.372065101
FAT4	True	0.002188525275903	0.501914048469771	1.07999119798934	0.3939539515
SLC25A11	True	0.0021946343305222	-0.318261715562253	-0.254190026114467	-0.419035732
UBE2J1	True	0.0022337267281796	0.424699753298047	0.162841379349953	0.207859422
ABI3	True	0.0022959233233432	-0.925632200186552	-0.284854139868983	-0.285901217
KHDRBS3	True	0.0023149791937151	0.379356269691274	0.267921754102267	0.51669413375
CARS2	True	0.0024268172507982	-0.445952020335323	-0.290026657329704	-0.4815612395
MACF1	True	0.002538702748608	0.441259306640083	0.116622092721876	0.42187192525
DCTN1	True	0.0025504828190391	-0.72577688609032	-0.0793633108768104	-0.32858321975
MDH2	True	0.0025560722569009	-0.487679768975056	-0.170504159571099	-0.43607641975
DCAF7	True	0.0025722760471315	-0.153157322486869	-0.254498848369615	-0.367597236
CRIM1	True	0.0026988687562946	0.660304370175474	0.146335623265239	0.29259856475
OPN3	True	0.0028080926006963	0.547541755956546	0.349361256951113	0.23843918775
TSR2	True	0.002822648730859	-0.440400246366495	-0.199589583484904	-0.269357738
GCLC	True	0.002836094733512	0.4332881314378	0.267496947283514	0.30150714775
TUFT1	True	0.0030960432888896	0.526981585254231	0.454064098670013	0.17822331125
BTBD3	True	0.0032145072370486	0.63135076046961	0.132728439284023	0.3239029015
SCARA3	True	0.0032546569282109	-1.21732731163132	-0.202500011571391	-0.16577305475
MRPS5	True	0.003395393380544	-0.395795474377346	-0.277405279336237	-0.3342090125
SARS2	True	0.0034154840351758	-0.545840557032107	-1.00865205070967	-0.331421031
OGDH	True	0.0034522342047072	-0.521009603026551	-0.204853686290102	-0.28137990575
TMEM9B	True	0.0036233316899616	0.429337190993548	0.208422204022127	0.28974821525
CELF2	True	0.0036889756713908	0.43762031950274	0.248822468406162	0.29281751675
STX12	True	0.0036889756713908	0.524944383700494	0.118139332553052	0.292185734
AP1B1	True	0.0041092666612739	-0.746906708592295	-0.0982844860401295	-0.2825362575
FAH	True	0.0041744738750231	-0.648395687023557	-0.645977702881142	-0.26690080375
UBR2	True	0.0042777760155132	0.417394295119758	1.29290783202665	0.26058203725
TLR4	True	0.004553858495257	0.508385162765542	0.409246478628011	0.37633161625
FSD1	True	0.0049802285727782	-0.579050364007453	-0.335381583702371	-0.2715573045
RPL19	True	0.0052496072405069	-0.363111882730964	-0.0934911366283551	-0.460486582000001
ILKAP	True	0.0053343983339752	-0.340388676137358	-0.216811412630258	-0.26823834975
IMPDH2	True	0.0059551449746538	-0.527216096198836	-0.155645288455679	-0.301250278
JKAMP	True	0.0059551449746538	0.477027486758626	0.158856951076972	0.2632612315
DNAJC10	True	0.00669885822366	0.42732368209296	0.195853051080768	0.35870396525
BIN1	True	0.0067170745858625	-0.640557460663306	-0.284023505972647	-0.251931478
CLNS1A	True	0.0074533206829077	-0.36840415466466	-0.13552374802557	-0.276828331
MYBL2	False	2.0227954521622348e-05	-1.0694785761032	-1.46569487918836	-0.1738077605
TKT	False	2.4374765901618474e-05	-0.887381562562279	-0.683739164088749	-0.0913046147500003
AURKB	False	4.252689931321304e-05	-0.767576335050799	-1.58202636999176	-0.13764181475
DKK1	False	4.750531230543694e-05	0.710605061529453	0.112483942283914	1.6723210625
YTHDF2	False	5.249327806055033e-05	0.4004137396531	0.0322839544735984	1.2144226345
HSP90B1	False	6.21961532507898e-05	0.0626051159435015	0.109796001574091	1.938216074
PLK2	False	6.21961532507898e-05	0.0849527176895597	0.375415758379036	1.1951228295
SHCBP1	False	8.200554574937569e-05	-0.139583820015184	-1.33776939052873	-0.58802866725
GINS1	False	9.645380225722252e-05	-0.336440346350146	-1.35264820359835	-0.507497542
PPIH	False	0.0001017967817864	-0.473595385300767	-0.697853932413008	-0.16261517925
ILF3	False	0.0001074702428502	-0.256448383059199	-0.42790904314846	-0.2228879425
FBXL5	False	0.0001335562692602	0.420090977644743	0.031236860969309	1.26731521025
SDCBP	False	0.0001335562692602	0.653815613597584	0.105197811361812	0.88840272825
SLX1B	False	0.0001439598456114	-2.12738423144596	-0.326881325293281	-1.303659653
PRR11	False	0.0001505059696412	-0.286770421389931	-1.32763342205424	-0.269947512
DNMT1	False	0.0001638101514254	-0.386067338283906	-0.885986151892801	-0.166383985
PTTG1	False	0.0001744570042346	-0.428659171899707	-1.29500578090795	-0.18836288725
HMGN2	False	0.0001759476549696	-0.0638196025590148	-0.746037253884047	-0.4741006585
ITGB1	False	0.0001795325541261	0.188218128250632	0.336415346975576	0.657482296124999
ZFAND5	False	0.0001908756411132	0.316955554841853	0.133807406370327	0.77315885075
CDK17	False	0.0002017068365398	0.5657624986589	0.0686000835282883	0.91561063825
FAM124B	False	0.000205144778512	0.073676790784063	0.441187949822586	1.00542230025
FBL	False	0.000205144778512	-0.323691168450043	-0.566768905162222	-0.4094179635
PRC1	False	0.000205144778512	-0.361354350057892	-1.43356539482424	-0.0434001862500002
USP38	False	0.000205144778512	0.593727815457673	0.125426172253065	0.84534828275
SMPD4	False	0.0002104656350023	-0.226599254352349	-0.481708753929092	-0.3635973005
TTF2	False	0.0002108812586934	-0.0523281584069908	-0.781291311592153	-0.702429285000001
TMEM47	False	0.0002410659174445	0.736634720452579	0.0540322793885695	1.042179526
TUBA1B	False	0.0002410659174445	-0.526191690955564	-1.01288527645986	-0.0540372259999993
PLAUR	False	0.0002551265745688	-0.61350567300119	-0.262758109237327	-0.692963856
SEC24B	False	0.0002930442101947	0.530611350048774	0.118198433623289	0.74599452225
PAPOLA	False	0.0003021168363042	0.329383259070926	0.175958042983972	1.07807322225
CYTH3	False	0.0003021850293646	0.193069588959367	0.501054739189867	0.34434117175
ZSCAN31	False	0.0003097090320157	0.219424387715204	0.326803394824957	1.31801477275
PGM2L1	False	0.0003140830712884	0.407921524586586	0.102888928469553	1.05011299475
ZFR	False	0.0003342308559732	0.487755907438001	0.10211224207893	0.8212426045
TYMS	False	0.0003423256849599	-0.272726415641362	-1.19986287946547	-0.077005524
FAM53C	False	0.0003451922147873	0.223431380220226	0.121441653773017	0.8366634015
ABL2	False	0.000368178901491	0.424892676445975	0.0654402298657839	0.83625479175
TMEM59	False	0.0003908193705453	0.359274294811412	0.374524228376499	0.3588866105
MRPS7	False	0.000417512713846	-0.389028728999369	-0.360460279784689	-0.242705925
MCM8	False	0.0004366926795861	-0.226915438028194	-0.880458072778608	-0.62268392475
PMF1	False	0.0004620967364753	-0.400607406900043	-0.222726462199546	-0.60613054425
HMGA1	False	0.0004680074528167	-1.14163830794065	-0.540963095859624	-0.0572201369999998
ANXA1	False	0.0004785592878234	0.231994488319861	0.118171780431592	1.57317015975
PMCH	False	0.0004854264845134	0.402048930754243	0.491417657243391	1.42016630675
RBM10	False	0.0004854264845134	-0.605382521828491	-0.454691826615759	-0.24360230075
HBEGF	False	0.000490301646943	0.480862386886984	0.669479470492422	0.2108551705
TALDO1	False	0.000507767691831	-0.588952942783353	-0.447879123626	-0.318393559750001
SLC12A2	False	0.0005199009350565	0.622866188119214	0.376855348188526	0.22732000975
FDPS	False	0.0005296568589393	-0.0022782528885532	-0.267181870842197	-0.826527624499999
DCBLD2	False	0.0005549775851136	0.705510851175228	0.116507880189825	0.84950776225
PFKP	False	0.0005549775851136	-0.392625920099811	-0.152639263592715	-0.919361329250001
TP53INP1	False	0.0005549775851136	0.186301798495134	0.249095213099891	0.8349123055
RHOJ	False	0.0005711081185734	0.21342176998718	0.547366965499078	0.3749982335
TANK	False	0.0005840140337273	0.614838485552909	0.931343507697467	0.206650337
SCARB2	False	0.0005859768646107	0.0709611636548502	0.473781505479243	0.35008721225
GNL3L	False	0.000590926470265	-0.0712603240050758	-0.257593486894602	-0.987806925999999
LRRC8C	False	0.0005956736897036	0.23930411680165	0.211268328503834	0.540338316
WDR18	False	0.0006480058927633	-0.547661965753641	-1.62763317345032	-0.72799356925
MRPL24	False	0.0006555856642746	-0.616561081840105	-0.153953527404805	-0.903119416
UBE2W	False	0.0006555856642746	0.386032923790635	0.168609012330529	0.74838477825
NPM3	False	0.0006675420308285	-0.671588012280338	-0.558582008721976	-0.10841219825
STX3	False	0.000687526666584	0.102674007010379	0.292287025368466	0.396881322
GMPS	False	0.0007003843575741	-0.151409606020387	-0.48787809678611	-0.27033525775
CCPG1	False	0.0007128172025572	0.259470861635488	0.317025838556527	0.3693990585
SAMM50	False	0.0008003845676603	-0.274396619700601	-0.154626524744988	-0.545024308
TGFB2	False	0.0008122992745732	1.3532566426412	1.22394913876009	0.0922132089999998
STX7	False	0.0008154602194556	0.304603772077731	0.498945895750483	0.25658010875
SH3D19	False	0.000831226551849	0.0724225844521653	0.434977182709817	0.75929181925
SEL1L3	False	0.0008517915948961	0.233413333521308	0.410480782244028	0.27798084625
TNFRSF10D	False	0.0008517915948961	0.147295453959045	0.418889101106399	0.35574642825
IFI35	False	0.0008569583004242	-0.933733833133896	-0.2393383895176	-0.80863260675
KDM5B	False	0.0008837891894379	0.167381728631532	0.417202616759459	0.32481316125
CANX	False	0.0009287088992427	0.254465114849108	0.474711170599131	0.668587259
HCLS1	False	0.0009287088992427	-1.10151984585197	-0.0536142925663343	-0.544557262
RBMX	False	0.0009287088992427	-0.0935058875189592	-0.55054767472731	-0.20851382025
THOP1	False	0.0009287088992427	-0.758893773734445	-0.713503126213297	-0.1703012145
ANO6	False	0.0009342187582465	0.635024955493542	0.309035169442852	0.2028041495
ZNF462	False	0.0009342187582465	0.331465676056815	0.677889729660218	0.108304654
NECTIN3	False	0.0009474254092122	0.506111395228228	0.342685883239114	0.20885735975
FADS2	False	0.0009514599431279	-0.24503511031732	-0.921289540775757	-0.362735209
GOT2	False	0.0009803043784589	-0.0115765206919658	-0.388956143209066	-0.4646568045
ACVR1	False	0.0009847387902544	0.386180651829595	0.334782794608528	0.7370105925
PSMB2	False	0.0009975972918205	-0.15267937038694	-0.326976393749407	-0.4054979645
SMURF2	False	0.0010276260432201	0.0527998079433187	0.301167820857426	0.726051592
TIMP2	False	0.0010316423258119	0.222780649593476	0.510184794929909	0.1162500735
DSE	False	0.0010417328016548	0.508665623105371	0.143780394685444	0.7030926805
SGK1	False	0.0010417328016548	0.547498694020664	0.295928281943857	0.76437436125
CD47	False	0.0010518410146176	0.394455540007404	0.335334475174108	0.17820887675
TAB2	False	0.0010531463608127	0.489156535820635	0.0677580472715977	0.6780144365
RUVBL2	False	0.001063869008463	-0.990960991993754	-0.453048473813474	-0.0694002815000001
EIF4A2	False	0.0010844827251314	0.0288527766621218	0.181426165608354	1.0846685565
DIAPH2	False	0.0010853987587218	0.443035950382207	0.472900756889417	0.0172321154999998
PPIF	False	0.0010969333739167	-0.286849822186225	-0.589645691756001	-0.14216165625
ATP6V1D	False	0.0011006559194607	0.211676784152957	0.204555813993444	0.560129343
BZW2	False	0.0011006559194607	-0.0643002909675943	-0.219717500710999	-0.669153512
FAM8A1	False	0.0011006559194607	0.471326313951736	0.485902639049559	0.1142899565
NCKAP1	False	0.0011006559194607	0.693516269754079	0.0088006257228272	1.02918187175
RHOT2	False	0.0011006559194607	-0.466417118094133	-0.16677270245464	-0.70758765225
STOML2	False	0.0011029866747911	-0.391401827807743	-0.425351205085485	-0.17438012825
BTG1	False	0.0011157550843791	0.154449671734603	0.370488225927601	0.35575932275
FNDC3B	False	0.0011157550843791	0.815746302959537	0.116489691848928	0.1386101565
NOP56	False	0.0011157550843791	-0.297145081119749	-0.489880358286851	-0.0522890444999999
RPA2	False	0.0011157550843791	-0.138450419767572	-0.512197694411793	-0.352902023
SNRNP200	False	0.0011694623617644	-0.21821903332411	-0.316230496201575	-0.18328099175
RNF14	False	0.0012360055378352	0.476334505171447	0.0792422987204047	0.4872765025
SLC40A1	False	0.0012360055378352	0.392589876250566	1.50412045293073	1.041347773
HNRNPA1	False	0.0012668000717248	-0.139258162421799	-0.565519747880106	-0.3123191065
FEM1C	False	0.0012969551569154	0.444773831611447	0.0720841789251141	0.89859195025
METTL7A	False	0.0013008014806599	-0.203639624717107	-1.12027489844059	-0.23713320625
TNFSF4	False	0.0013055027425262	0.0480473118288174	0.364222452023838	0.82929830325
TIMM10	False	0.0013737496844703	-0.51410840117267	-0.484211266530449	-0.31874791675
SNRPA	False	0.0014338888199144	-0.373554381901042	-0.68285438209254	-0.14430872475
GALK1	False	0.0014375530137193	-0.726493947568533	-0.203840241528054	-0.94604810825
PCMTD1	False	0.0014455026544691	0.312612615067597	0.859457698097455	0.276269524
GBE1	False	0.0014543606356344	0.554659554132818	0.0533091876425518	0.6647006455
SLC25A5	False	0.00151912296499	-0.236879056304264	-0.419407432611076	-0.28379744375
FDXR	False	0.0015419711072217	-0.966299192401364	-0.119947423963119	-0.680671329
PKM	False	0.0015489776469484	-0.456617384966544	-0.294978226795019	-0.25189302375
TTC3	False	0.0015489776469484	0.395830884580469	0.219048368476908	0.161522349
BAMBI	False	0.0015505582995963	0.516702996314317	0.70818307054706	0.14762603725
SLC33A1	False	0.0015723464448428	0.477400420914682	0.0789904782767001	0.43683404025
SH3GLB1	False	0.0016233203181038	0.265796761905249	0.092399827431306	0.53457496775
PELP1	False	0.0016263537169086	-0.557763741605	-0.439644529108382	-0.166915551
SMAD4	False	0.0016263537169086	0.542328816647422	0.100723799167083	0.64615761325
OGT	False	0.001638098569827	0.16507698742615	0.231631862994419	1.32005662775
CD58	False	0.0016664149206122	0.499140419313291	0.521905411636009	0.1320387375
CDK10	False	0.0016664149206122	-0.351278810826754	-0.230784040213024	-0.4349059415
EIF4G2	False	0.0016664149206122	0.365031508010421	0.185952309901612	0.9664053365
FOXM1	False	0.0016664149206122	-0.497161876980965	-1.3238918206671	-0.089599479
KANK1	False	0.0016664149206122	0.292619307320706	0.265855202424814	0.5688698575
LAMA5	False	0.0016664149206122	-0.954055407612581	-0.148232965047965	-0.695210802249999
PKD2	False	0.0016812124656764	0.574478944539978	0.337380555250133	0.20761980225
HHEX	False	0.001727996145701	0.231088889218891	0.194908478755854	0.7875262975
CYBRD1	False	0.0017471169111532	0.489153804022203	0.140985177986867	0.58659687425
CHSY1	False	0.0017624662654198	0.642454835197226	0.02836295580925	0.63963428325
REEP4	False	0.0018251500046386	-0.547371082747237	-0.589520648963641	-0.20924721175
ANP32B	False	0.0018482468915516	-0.393402450482139	-0.533504219898182	-0.231256052
SOX17	False	0.0019450118280785	0.52263147202809	0.220243331452535	0.75721687375
BLMH	False	0.0019565081731912	-0.21681535888615	-0.240993324236716	-0.29636184275
ITPA	False	0.0019565081731912	-0.267153264802152	-0.116626969389789	-0.69874948525
CLIC4	False	0.0019649552803461	0.414082450296947	0.155316407659482	0.94622909
PPP1R15A	False	0.0019649552803461	-0.928680941114552	-0.0722246751970017	-0.78416039225
ATP6AP2	False	0.0020229931530501	0.390071010358515	0.173891138628743	0.75026827975
ATP6V1G1	False	0.0020229931530501	0.128486496658839	0.219821182950774	0.428882275
APP	False	0.0021150691509078	0.0507978335756665	0.321819813337225	0.415756002000001
MTPN	False	0.0021150691509078	0.638162150619595	0.0713211708696804	0.598406937
ATIC	False	0.0021366633190354	-0.0474989772106307	-0.524632149169743	-0.4616071475
RNF103	False	0.0021366633190354	0.422050401177192	0.343699920710759	0.094461839
NCOA7	False	0.0021514354646369	0.460851794363907	0.204003995595455	0.6861915145
ELF1	False	0.0021872538486298	0.395322970517263	0.144995333446596	0.4292140875
IST1	False	0.0022165805024148	0.173380721122704	0.180831388045137	0.6637144905
TNFRSF10B	False	0.0023149791937151	0.106002863825639	0.327849259483115	0.5472138315
EFCAB14	False	0.0023229119891147	0.31953801554266	0.367335758337926	0.17813352675
DNAJC11	False	0.0023762761866296	-0.386019814476203	-0.279189655023075	-0.18919869025
MRTO4	False	0.0024268172507982	-0.254627786145262	-0.376813456724824	-0.393094596
BCL2L13	False	0.0024687621995518	0.0138975316743322	0.400431130878929	0.48892527425
CMTM6	False	0.0025475030751258	0.368230449826087	0.173894222071203	0.33249296875
RGS4	False	0.0025504828190391	0.0632460485211208	0.610896561096779	1.44712924575
HAUS4	False	0.0025560722569009	-0.404183735089922	-0.421248935640931	-0.43488270625
UQCR10	False	0.0025722760471315	-0.522056091539763	-0.36341950342565	-0.39435847975
ARFRP1	False	0.0025755217720228	-0.691961245115216	-0.0822302241270245	-0.5843507435
ARHGAP18	False	0.0025960649819096	0.432584899552828	0.0265272840564581	0.87106239975
MANF	False	0.002701608748928	0.189744858447655	0.537387652349723	1.38499150475
MYO6	False	0.0027781734675824	0.377909495477608	0.625213934988611	0.723605043
TGFBI	False	0.0027836564472092	-0.167573839054101	-0.753485693980006	-0.44577235375
ARL5A	False	0.0028119999885234	0.658156683393123	0.042961621742573	0.4089777745
CAB39	False	0.0028650616869182	0.481606038081123	0.0794773520008274	0.5360477805
BCL2L12	False	0.0028999236752493	-0.933611236796977	-0.592329710406807	-0.12988390975
MBD4	False	0.0029243890259139	0.10983561737053	0.343399375852791	0.5889769645
DTYMK	False	0.0029755463709903	-0.401210255373023	-0.911900681151165	-0.0521669359999994
RAB8A	False	0.0029755463709903	-0.264310054587885	-0.396350274669646	-0.27700481925
TMEM123	False	0.0029755463709903	0.482158130053342	0.0125802686120906	0.85503448775
COL4A1	False	0.0029910179819205	0.130981940788502	0.720631709875711	0.0516552902499999
POLD2	False	0.0030932743318238	-0.793236304438064	-0.576885506639319	-0.23025341525
C5ORF15	False	0.0030946341050542	0.286438249312176	0.278657100139955	0.1742651395
CDH11	False	0.003150317504968	0.148241370630323	0.107336635896417	1.15398226925
DCUN1D1	False	0.0031611573600665	0.40356312094996	0.153662366870161	0.43602975825
CARHSP1	False	0.0032611335015038	-0.19482310854894	-0.201073530303717	-0.4790385085
THEM6	False	0.0032693893054564	-0.49592325131763	-0.29651537330605	-0.48937525375
HPSE	False	0.0033825015377394	-0.0622739688862968	-0.50905065591731	-0.32161462975
TGM2	False	0.0034178283733235	-0.599984906257099	-0.182154335370043	-0.0609016879999997
CAV1	False	0.0034209070185961	0.349471012270504	0.25555133329688	0.35035173075
NCK1	False	0.0034381657385901	0.350192178710562	0.183873276310138	0.4600114345
ANKRD10	False	0.0034522342047072	0.310056747484702	0.641010515503268	0.110838527
UBA1	False	0.0035345489043434	-0.564845112479897	-0.177649302814825	-0.1600122325
CDCA7L	False	0.0035515917572173	-0.0864854645292086	-0.371294068557941	-0.3487224385
DSTYK	False	0.0035559217760431	0.0804959152727598	0.413423468199521	0.26731393775
GPRC5B	False	0.0035559217760431	0.461320412655991	0.463688194087384	0.25841176525
NONO	False	0.0035559217760431	-0.180624856448564	-0.19413512658326	-0.3462714685
TUFM	False	0.0035900475427858	-0.754886256482034	-0.258311442089246	-0.12638986125
DDX51	False	0.0036650913148789	-0.27210887631352	-0.309107616460745	-0.37844402275
PDLIM1	False	0.0036650913148789	-0.468655488484451	-0.263136224020421	-0.23678788425
KLF2	False	0.0037000405785186	0.141329794778507	4.87213702751243	0.676059786
BAZ2B	False	0.0037145857683779	0.485914049285803	0.238271582480813	0.191624094
HECTD1	False	0.0037181774726663	0.346702024148432	0.0366686524953819	0.8994947875
NT5E	False	0.0037533846485449	0.0419724591230741	0.373519204717573	0.23122042275
DDIT4L	False	0.0037749165469549	0.0077673547772621	0.66641003894673	0.63507605375
CBR3	False	0.0038813614576412	-0.285112569125007	-0.579660652384803	-0.41990154225
RC3H2	False	0.0038813614576412	0.59353967951408	0.198886950396056	0.0096948302499998
SCAF11	False	0.0038813614576412	0.338299404183656	0.240345595444146	0.1771939605
TRPV4	False	0.0038813614576412	-0.701437864331632	-0.118804139686996	-0.558930029
ARHGDIB	False	0.003882709247289	-0.377701630963072	-0.108411098553345	-0.531915844000001
WDR54	False	0.003882709247289	-0.297055583721004	-0.212168554665957	-0.656784304000001
SH3YL1	False	0.0038909094090326	0.299712324063911	0.792399205598198	0.252054271
EIF3C	False	0.0039374033152215	-0.492384946201108	-0.0622804782807762	-0.5908879435
ABCF2	False	0.0039432358280237	-0.301556421804716	-0.28424109806384	-0.148560882
RNASEH2A	False	0.0040277954835533	-0.50264062165318	-0.711738530289372	-0.448958808
CDK2AP1	False	0.0040342729815308	0.40908961282192	0.160827842364371	0.2332031225
NFE2L3	False	0.0041744738750231	0.0876493453991234	0.326938165251072	0.450474728
PRNP	False	0.0042066598823345	0.393083964621933	0.0754844569065893	0.7655050105
ZEB2	False	0.0042239806540514	0.468415596048665	0.215851249994113	0.206024141
TM9SF3	False	0.0042385746137551	0.455028449684314	0.0908607864313211	0.390906575
WWC2	False	0.0042777760155132	0.768546508998091	0.0601749549894635	0.38782967425
CHRNA5	False	0.0043054752181132	-0.133046010058517	-1.0655264622328	-0.308216703249999
ATF6	False	0.0043117379204652	0.400641224588731	0.23789357938997	0.09484867725
MGLL	False	0.0043532365437113	-0.318479832994492	-0.326597505866762	-0.701731534999999
MINPP1	False	0.0044872139295188	0.336231814645194	0.263647206107994	0.4476964815
MRPL22	False	0.0044872139295188	-0.158683415498698	-0.427308259021261	-0.311648721
C12ORF43	False	0.0046035084219973	-0.29888853203528	-0.18353079291815	-0.52397724125
LMO4	False	0.0046035084219973	0.436459824734417	0.341565178538589	0.1803855015
UQCRC1	False	0.0046035084219973	-0.396673467082359	-0.322710151865022	-0.177796770999999
ASPHD2	False	0.0046161472404442	0.685065834106624	0.0519399287117706	0.64912025925
B4GALT5	False	0.0046458997575317	0.183851756710076	0.296056836011059	0.373039165
WEE1	False	0.004772350414764	0.336522923523647	0.129286859178392	0.45979519975
EIF3D	False	0.0048194141618257	-0.545947465296713	-0.0320989098884343	-0.424436868
BLVRA	False	0.0048211682984986	-0.219634527936252	-0.32926571201728	-0.58883914525
DHCR24	False	0.0048211682984986	-0.147456008234173	-0.887929107591288	-0.367090051
ANKRD33	False	0.0048729288708353	-2.44137108649409	-1.36546155060043	-0.1650623865
SARAF	False	0.0048729288708353	0.164034356624614	0.191977041961349	0.9936615155
POSTN	False	0.0049573888784175	0.521530908550597	0.375180648812025	0.713648643250001
LAMTOR3	False	0.0049611548811797	0.46543713947867	0.101400289211273	0.48136737075
PAPSS1	False	0.0049802285727782	0.241864788432827	0.15624464720641	0.3878171285
TCEAL9	False	0.0050010098499029	0.349151690293486	0.111897948176238	0.3854966225
SKIV2L	False	0.0050160368906849	-0.659786582339977	-0.133861018277347	-0.4074095275
MRPL27	False	0.0051410536832158	-0.0810650685284537	-0.310462113363807	-0.51571003325
GOLPH3	False	0.0051533396926084	0.592502334693687	0.110403506711076	0.3804119395
LY96	False	0.0051725772859544	0.588287493695704	0.386302812982	0.702600382
NPTN	False	0.0051944249105036	0.397934758970624	0.270634109132494	0.32009173175
FAM199X	False	0.0052079803155559	0.533174771873196	0.0968005646494614	0.486268311
MT2A	False	0.0052510130460301	-0.696720805173875	-0.792473677921816	-0.19520217825
FTSJ1	False	0.0053089337372268	-0.144413540244626	-0.287223371323459	-0.37265283675
CNN3	False	0.0053277569084199	0.384320543628586	0.108764359491049	0.534821779
ME3	False	0.0053277569084199	-0.441747920938898	-0.0091765627176121	-0.51457610825
EML3	False	0.0053343983339752	-0.549316512384876	-0.26775130341033	-0.3683711125
SLC35G2	False	0.0053386256192094	0.376030815119454	0.311183910877705	0.19707224625
ANXA2	False	0.0053740888403495	-0.0725723609807965	-0.362072869835131	-0.331518210250001
MOV10	False	0.0053999550678063	-0.555550357072301	-0.127953836348185	-0.343889924
GPS1	False	0.0054228570174957	-0.66365055482536	-0.164677233904948	-0.646102485749999
TRIM22	False	0.005528855707685	0.16222117181241	0.224896712595495	0.4116697665
LYSMD2	False	0.0055756102310858	0.345609697446763	0.358906476766725	0.4540008205
PRR13	False	0.0055756102310858	-0.375797165421571	-0.174963689491392	-0.53936649075
NUDC	False	0.0055831121786568	-0.667771772700302	-0.415511548956459	-0.18368057575
HBP1	False	0.0056545625075422	0.0574444206161431	0.189389031618768	0.558716972
RPL3	False	0.0056545625075422	-0.413375198601466	-0.0602669132004099	-0.61117093725
DDOST	False	0.0056757365890062	-0.414665951310241	-0.741436120284298	-0.337007950749999
HSP90AA1	False	0.0056757365890062	0.121888038506002	0.0880631775525438	1.671990534
PBX3	False	0.0056757365890062	0.517385728225798	0.127892988203528	0.28132952925
PSMG1	False	0.0056757365890062	-0.0156080871559601	-0.543341293012182	-0.359562303
LMNA	False	0.0056768739379924	-0.755171756502996	-0.0646455011786138	-0.553042502
AKR1A1	False	0.0057923779366037	-0.0761487797176566	-0.23802821817541	-0.700640913249999
ARMCX2	False	0.0058100639747432	0.348933559614373	0.594921449186602	0.129065453
UBFD1	False	0.005820440803453	0.265917569289305	0.106263853848095	0.46123746875
RCN2	False	0.0058491073938436	0.353663296783551	0.104281512856613	0.41842425925
NBPF1	False	0.0058541799282673	0.549781244146281	0.462684290801732	0.10865638575
NAA30	False	0.005880666223999	0.380122962502463	0.243428642691899	0.2015843465
FAM216A	False	0.0059269008401441	-0.221186047807977	-0.498443345451658	-0.36708763075
EDEM3	False	0.0059714980699087	0.370102195619113	0.192205603313533	0.57701628225
RAC2	False	0.0059784786118847	-0.472168133642307	-0.441884761331314	-0.12579208575
SPRY2	False	0.006007726124159	0.36754297889063	0.0405951301667278	0.79484208075
TUBB6	False	0.0060536691678256	-0.25661425409788	-0.137033274339454	-1.0249457465
FAHD2A	False	0.006143124415116	-0.738431613569734	-0.174672063673512	-0.34831321125
SUMF1	False	0.006143124415116	0.0353510644521373	0.489936193025695	0.21242441075
PARK7	False	0.0061519559714626	-0.130865288109119	-0.210282165457982	-0.53283979025
CARD11	False	0.0062210808797386	-0.712045527969075	-1.22414859304101	-0.21916624125
MIF4GD	False	0.0062732810698248	-0.50287317746187	-0.101835398896023	-0.49788483
FRMD6	False	0.0063454100468228	0.725827506073801	0.215446645475527	0.45677328175
MCM3	False	0.0063700059301032	-0.428988208434933	-1.87347689807451	-0.45912376125
MRPS15	False	0.0063700059301032	-0.153901153835506	-0.274498080581911	-0.524795371749999
GPKOW	False	0.0064211178183905	-0.566501405488756	-0.193399605413254	-0.356419616
FCHSD2	False	0.0064513172984652	0.363306178436337	0.0044564954125689	0.55542347975
ENTPD6	False	0.0064610074044084	-0.72563785728561	-0.343331091701742	-0.03892228
TM4SF1	False	0.0064712077437002	0.26889352409278	0.116135560766367	0.53166711375
GTF2F1	False	0.0065454348097901	-0.597883429015412	-0.068300093052712	-0.43407308775
MMRN1	False	0.0065598805024188	0.315588133652817	0.0580051337231708	1.3240123275
NDUFA7	False	0.0065598805024188	-0.469652141537345	-0.792440800064447	-0.2995910765
KLHL2	False	0.006598765786204	0.363564155133414	0.180515907716672	0.35198348275
ALDH1A3	False	0.006616786580131	0.354432771223957	0.20443229689768	0.28482081025
CMPK1	False	0.0066374001475764	0.319346036006949	0.539922319458705	0.6200426645
FCHO2	False	0.0066585179657215	0.766972608796518	0.111435277306795	0.514658854
EIF5A	False	0.0067070015425645	-0.331706253249218	-0.337126611374384	-0.27930442575
SF3B1	False	0.0067205880241104	0.37434777284432	0.344640961672476	0.4411337955
HECA	False	0.0067611172706027	0.577104197907217	0.0378632322252948	0.43935386275
SF3A3	False	0.0068877355926626	-0.166032883349239	-0.407456161354364	-0.0479789255000001
GABARAPL1	False	0.0069023918775811	0.142057681883273	0.551578522580899	0.03096289225
APEX1	False	0.0069181557145516	-0.392506039740275	-0.115771926204565	-0.213608976
AKIRIN2	False	0.0070347058974332	0.232020827158826	0.0826163786354632	0.552831896
IDH3B	False	0.0070700598880598	-0.306746722766369	-0.148045355345387	-0.499060063
PARL	False	0.0070700598880598	-0.0337602433854132	-0.478758168369932	-0.49305715
CREBRF	False	0.007104556790597	0.663650015343861	0.305383316863357	0.3474559225
NCL	False	0.007104556790597	-0.342458860801195	-0.455166536532337	-0.0024696647499998
EXOSC7	False	0.007158271115845	-0.359500728559404	-0.163082043174418	-0.3042946545
RAP2C	False	0.0071587257051301	0.526207791246436	0.156273368775799	0.299817095
THBS1	False	0.0071615465948435	0.279928469144371	0.0229124309215756	0.88476498725
PLS3	False	0.0072262805661019	0.423446149110456	0.173344857736492	0.5582230425
USO1	False	0.0072262805661019	0.418480699242592	0.218855670043851	0.71643818675
ZBTB11	False	0.0072262805661019	0.582536128844134	0.88133510024109	0.3963769615
TMEM167B	False	0.0073803714524757	0.451216357537758	0.184633324162135	0.31651588025
NCOA3	False	0.0074533206829077	0.341692966842668	0.0240020413336186	0.53373395375
SMARCA4	False	0.0075599590483672	-0.675485382160614	-0.208730440921022	-0.28459295925
WSB1	False	0.0077938357558796	0.220176137051608	0.271162640076909	0.649535477
UBALD2	False	0.0078459170799291	-0.480876013379987	-0.18504083637129	-0.41051312175
FKBP10	False	0.0078483985333248	-0.804419390230002	-0.147339636849789	-0.4924031005
CXCR4	False	0.0078618597184503	0.15644481884697	0.63742313537849	0.783207097
NRBF2	False	0.0078618597184503	0.374552185709684	0.166577729851627	0.2937573655
SCFD2	False	0.0079143589879605	-0.24921434011724	-0.284053181521366	-0.37630804725
WDR82	False	0.0080381376421406	-0.0307122882273321	-0.128638515914755	-0.626553131750001
PKIG	False	0.0081520175711082	-0.339223357701875	-0.0376960601085798	-0.62904763675
PRRG1	False	0.0081679615940581	0.38747462892994	0.593320385246861	0.4861547325
AAMP	False	0.008180810098194	-0.583076720765277	-0.465367410139796	-0.0475550414999999
ARPC1A	False	0.0083201781086298	-0.174461196662412	-0.22122711616935	-0.368794917500001
PUM1	False	0.0083201781086298	0.44756655707232	0.0367065242413052	0.3090518765
HGS	False	0.0083904676993279	-0.468406378223817	-0.112917443540673	-0.46106036875
RAP1B	False	0.0084440408697219	0.213846727506115	0.0045556784814024	0.97588294675
PTPRM	False	0.0084523538722759	0.0281922262989918	0.722047990438048	0.194481358
DTNB	False	0.0084785635286725	-0.460049745669243	-0.179572510412175	-0.40283569025
VEGFC	False	0.0084969365608426	0.47496451241644	0.110327233438346	0.649477088
ZNF267	False	0.0085952336820285	0.188778682741643	0.334045019044861	0.326646937
LAPTM4A	False	0.0086094935623257	0.140778947426744	0.256841297841857	0.244501905
RIT1	False	0.0086161292596057	0.184177136421145	0.0860700577060669	0.43571603975
ZC3H11A	False	0.0086826889385977	0.265543266481425	0.118763919085677	0.59569296925
MRPL20	False	0.0086851534354111	-0.0047620478282031	-0.213458536199707	-0.494650586
BCAT2	False	0.0087873509729122	-0.591263104260063	-0.298436545965505	-0.1526236395
TMEM243	False	0.0088465243924187	0.340662503193771	0.466579894564699	0.0457460652499998
STXBP2	False	0.0089950506131166	-0.31188647957533	-0.109978512699991	-0.47496465525
RAB2B	False	0.0090177245495193	0.15090276662453	0.349191775218859	0.2952194025
ARL8B	False	0.0091079542901819	0.253810628468797	0.0838623958870324	0.56249180525
KDM3A	False	0.0092374196079943	0.443457738424444	0.136486177709809	0.317367647
SERPINE2	False	0.0092374196079943	0.390050813895617	0.313597333997324	0.615881232
TWF1	False	0.0092410158926279	0.202052891556312	0.387914110322245	0.93123968025
HNRNPL	False	0.0092447659759604	-0.145391061901863	-0.436115066204426	-0.09402666175
TEX261	False	0.0092447659759604	-0.286038489655597	-0.157937294536233	-0.08572206475
NANS	False	0.0092647418287813	-0.309651656407832	-0.285350814413663	-0.3094198145
RNASE4	False	0.0094975098280555	0.446322294316613	0.54406071571191	0.20738918125
EEF1AKMT1	False	0.0095616983281498	0.786795170249993	0.17815122258301	0.24009020925
UBE3A	False	0.0095616983281498	0.131871203221486	0.133002044615851	0.744775964
ZNF264	False	0.0095616983281498	0.248433378979369	0.192289518252889	0.3942106525
MOAP1	False	0.0096325666858406	0.355436637858177	0.37613201829321	0.21456572
F2R	False	0.0098948306947718	0.49256144152328	0.138325810871038	0.4796811945
CLINT1	False	0.0099086004464368	0.442220421578261	0.24378485128526	0.41380451825
IFNGR1	False	0.0099661384579156	0.331835952013215	1.89731287713164	0.55763104225
AJUBA	False	0.0099940230961682	0.497245327131195	0.0015036647498689	0.544062287
MAPRE2	False	0.0099940230961682	0.303603708061574	1.0840897755957	0.365704345
UROS	False	0.0100471641618218	-0.37276916654641	-0.0080198488662741	-0.623456379
ABLIM1	False	0.0101882117505885	0.280534593006953	0.794940368205831	0.06780850925
BSG	False	0.0101973453038726	-1.00726247285239	-1.09473839790141	-0.27408276375
GALNT1	False	0.01025026648419	0.331951141715104	0.370327246024297	0.33656181275
CLDND1	False	0.010283150004493	0.297668245374618	0.162758489902875	0.41235288175
ZFHX3	False	0.0103784150026975	0.253823564191422	0.166541934031529	0.31182919
DPH7	False	0.0103870315388444	-0.46374449566285	-0.213851970141784	-0.2490518815
AGPS	False	0.0104333200081316	0.461528316480633	3.07829903104041	0.374852809
FSTL1	False	0.0104333200081316	0.368900924716534	0.271664776968093	0.155689114
PSMD13	False	0.0104333200081316	-0.235667467868524	-0.0540528723402858	-0.881276721
RDX	False	0.0105817809911574	0.377731943301284	0.101592378685488	0.77523414425
RABGEF1	False	0.0105920343680532	0.337545793066698	0.117045453782699	0.60953612675
SRPX	False	0.0106388561735872	-0.384762201895904	-0.157895814673996	-0.256560331
UACA	False	0.0107215181084116	0.096959565134167	0.268112086873273	0.408528018
SEC13	False	0.0107701408483096	-0.303549267300981	-0.0955449534035839	-0.404709688
UCKL1	False	0.0108501600772242	-0.311260345143446	-0.137721940236514	-0.4235182615
CTU1	False	0.0109064541153689	0.469760911903484	0.726010204142691	0.7014535105
ACO2	False	0.0110406496924153	-0.538701781301234	-0.0249652378589538	-0.3717130065
MTFP1	False	0.0110722415341659	-0.110303464792632	-0.730221164114874	-0.16558076975
FOXN3	False	0.0111743289937149	0.256049056273636	0.131357209777956	0.2855009895
HSPA13	False	0.0111984089286734	0.810316654586361	0.0380854588363988	0.5518258805
SMAD1	False	0.0111984089286734	0.204245508990527	0.309466882299758	0.29915105825
ANTXR1	False	0.0112967547076847	0.0298981216915704	0.918546400577521	0.27467955
MAPKAPK3	False	0.0113045655847922	-0.486018332490454	-0.0921827732051756	-0.2829631995
DNAJC1	False	0.0113121437222196	0.0003592629500905	0.352301367075765	0.259223617
ANG	False	0.0115508676643269	-0.442261359257321	-0.658110472111928	-0.1952898545
CNOT8	False	0.0116818267512102	0.196882387458496	0.405232593234935	0.43620052075
ZFHX4	False	0.0118017820363074	0.819969025079982	1.81902029664417	0.2278679315
HDAC3	False	0.0119260857300477	-0.143597844818833	-0.10321005917981	-0.43346335075
PERP	False	0.0119546840238131	0.20620841378821	0.15799707860032	0.3220672725
RELN	False	0.0120965251529728	0.755298984815291	0.133770806593399	0.52133303975
SLU7	False	0.0121088272225376	0.0543916742971016	0.153847700304143	0.48269687575
KIAA1109	False	0.0121101597528472	0.506252928516087	0.396976834292304	0.04032070025
ERCC1	False	0.012181354438095	-0.521879733292513	-0.350041254483781	-0.0833648149999997
GNPTAB	False	0.012181354438095	0.277266385786862	0.294501916843972	0.11638800375
SRRT	False	0.0122162163247663	-0.598779239577409	-0.258102460282683	-0.05561751625
EHBP1	False	0.0122215502515161	0.172860529319064	0.593007637759605	0.58729256975
TMSB4X	False	0.0122215502515161	0.328948499261598	0.219263220822924	0.18186336275
MRPL16	False	0.0122595899226051	-0.0193096387023397	-0.455736097094597	-0.39765259975
ZMPSTE24	False	0.0123709756157962	0.305633079277114	0.0157083498212245	0.682599957
ALDH1B1	False	0.0123948338317729	-0.301715947181497	-0.384408812280793	-0.1896267785
UBLCP1	False	0.0123948338317729	0.338374122613534	0.154449903892256	0.28750206
AHCY	False	0.0127386882229164	-0.589057200292134	-0.206869610202102	-0.0672746237500004
CDK5RAP1	False	0.0127386882229164	-0.281724948303411	-0.293343749565388	-0.1846954525
SNRNP40	False	0.0127386882229164	-0.121000647420719	-0.42728594474262	-0.03678188975
SUMO1	False	0.0127386882229164	0.0682525494397757	0.47329041747535	0.5288943805
POLR2G	False	0.0128660380898939	-0.111122298925844	-0.0951121833841624	-0.81731949525
METTL25	False	0.0129583879880025	0.64673307648313	0.125625384645872	0.246478257
DCAF6	False	0.0129808279672489	0.357228046093582	0.0625853056381267	0.224955289
UNC50	False	0.0130548886610906	0.330199600381233	0.116071199673842	0.54933809875
CHORDC1	False	0.0130829786058273	0.394431756558132	0.037396769502565	0.575669089
IRF2BPL	False	0.0130829786058273	0.480994863927683	0.373354535332136	0.27422297625
KPTN	False	0.0131352761918544	-0.457461370111736	-0.112772666124354	-0.36474711325
SGCE	False	0.0131352761918544	0.0434629856382731	0.585776895209363	0.17967811775
DNAJB11	False	0.0131743931472701	0.0949220789014031	0.0697683551722045	1.26213332925
ZNF627	False	0.0132423917960499	0.11613789321566	0.171570244925015	0.73271579375
BCKDK	False	0.0132472827990373	-0.582800680153224	-0.150339603042911	-0.19520518825
PGRMC2	False	0.0132472827990373	0.354935527267491	0.472503298631657	0.193281445
SLFN12	False	0.0132472827990373	0.412166865181318	0.322042719781931	0.42812595325
EVA1A	False	0.0132538630785428	0.468598760413213	0.12661946136931	0.274889903
AIMP1	False	0.013259339982644	0.205451062168051	0.253996082137628	0.41983162075
MTRR	False	0.0133340956785632	0.349176756063081	0.240757681571568	0.438188878
PMS1	False	0.0133340956785632	0.40787193221812	1.19124527621628	0.15971677425
TULP4	False	0.0133785051199698	0.250827657040822	0.164548129094563	0.325584811
CTPS1	False	0.0134345432110973	-0.122486547449454	-0.300398072219402	-0.31936661675
DENND4A	False	0.0135384405761126	0.435279310915386	0.132057308104655	0.370627792
EEF1D	False	0.0135384405761126	-0.520177083961711	-0.229085029313285	-0.15839788625
PLAU	False	0.0135744025499218	0.439690353404483	0.338325309371156	0.419075348
EIF2D	False	0.0136137497005581	-0.522601143423437	-0.153177617641125	-0.0517539352500003
MPRIP	False	0.0136137497005581	-0.152991235943566	-0.308575482124578	-0.0338164642500002
SNX14	False	0.0136137497005581	0.269882111137643	0.108229586792754	0.334252763
TAF15	False	0.0136137497005581	-0.269350069919529	-0.329670018586016	-0.27579193175
KCNMB4	False	0.0136726846970874	0.246102683562814	1.77383242087114	0.10553649275
TLN1	False	0.0136726846970874	-0.555626610054782	-0.153763521377455	-0.1346318055
NDUFA9	False	0.0137795558895838	-0.113301536534276	-0.159847941702945	-0.4433776305
RALGAPA1	False	0.0138076944368456	0.40539519961243	0.256533054266487	0.19159128475
RBPMS	False	0.0138076944368456	0.0023153462464362	0.269778554429154	0.42897302025
SMAP1	False	0.013917811017986	0.443349661553444	0.162147918043559	0.249234836
ANAPC5	False	0.013919263897537	-0.0913612585463106	-0.111172257876474	-0.49703454475
PFKL	False	0.014072789742942	-0.892392164538117	-0.0852534647341692	-0.36140161725
RRP36	False	0.0141959415587425	-0.154627680370989	-0.350895432437801	-0.33517607125
TUT1	False	0.0141959415587425	-0.82502874680449	-0.25129689255351	-0.08594723
LAP3	False	0.014203582781122	0.154698163853486	0.295191550635994	0.24367675
PIR	False	0.0142187516919024	-0.357411280294182	-0.390020919944456	-0.15003956175
TMEM30A	False	0.0144645217510153	0.440571265845628	0.264057820527887	0.0365659659999997
WDR77	False	0.0144645217510153	-0.134846721928864	-0.227091640688514	-0.2413640765
ZBTB5	False	0.0144645217510153	0.167001076170237	0.18284627432709	0.48317805
PHF10	False	0.0145844308675829	0.146730517121302	0.030049154650154	0.70892505625
GPR137B	False	0.0146293249122591	0.0882961867775931	0.39627085158625	0.20130328
YBX1	False	0.0147652242900327	-0.444924121534118	-0.251470166557134	-0.0611097009999999
ECI2	False	0.0148949759607135	-0.12592985183131	-0.617774705065676	-0.23463495575
COQ10B	False	0.0149280500487539	0.536674124283048	0.0031641762019354	0.54480636725
DENND5A	False	0.0149280500487539	0.265775381161427	0.175092543436698	0.17941097725
NDUFB9	False	0.0149320432310931	-0.148488378295271	-0.201627762142715	-0.4376946795
BAG5	False	0.0150817940592656	0.363832322972679	0.39415327064921	0.24818735475
CALU	False	0.0151915731948049	0.360882283389214	0.0364964527318801	0.741081051250001
MAFK	False	0.0151915731948049	0.0665967895552244	0.290301853001352	0.5743715075
SCOC	False	0.0151915731948049	0.353721705810365	0.89452002128285	0.5323137875
GSR	False	0.0152311550853044	-0.0680124222801322	-0.442209549767275	-0.1309628655
NAA20	False	0.0152311550853044	-0.148533097881884	-0.545482258978312	-0.4829783585
ATP2C1	False	0.0153114173341842	0.294269126077356	0.132785331402938	0.40279376125
EMD	False	0.0153114173341842	-0.220597973656896	-0.371257457222255	-0.45653011325
NUP107	False	0.0153114173341842	-0.0623160189938945	-0.617247557517763	-0.0278768595000001
RRN3	False	0.0153114173341842	0.266026753163105	0.704396837269425	0.4641789145
TCF12	False	0.0153710291258546	0.26090802058251	0.104331254517698	0.31988963175
C17ORF58	False	0.0154924787860423	0.417980764995926	0.50623184707064	0.16069846525
LARP6	False	0.0154924787860423	0.227698779368037	0.442921665550659	0.314026385
RPUSD3	False	0.0155872874094419	-0.328097801804579	-0.178544820793514	-0.38881838375
ILF2	False	0.0160157048080125	-0.224166036902924	-0.284413275718119	-0.1155934935
JAG1	False	0.0160359558098932	0.199243474752806	0.414343019952254	0.1812687215
PDCD4	False	0.0161271952371675	0.0699393024291135	0.618365800425942	0.0644989179999999
BTBD10	False	0.0163153239400736	0.225234014181788	0.18707349491486	0.515644284
MAGED1	False	0.0163276115511466	-0.0911843007510278	-0.0984922195393683	-0.82655000975
SLC17A9	False	0.016328243158578	-0.305794217447398	-0.47927774393567	-0.08514911875
ALG2	False	0.0164867870905792	0.23717618181415	0.276349350494669	0.14376385925
POLD1	False	0.0164867870905792	-0.573545717340033	-1.0570237052893	-0.166995961
ERLEC1	False	0.0165440723522449	0.428726860921352	0.0385731059765604	0.323464928
ALKBH3	False	0.0165561173991716	-0.0653740212513121	-0.110543657144206	-0.69894205175
LRRC17	False	0.0166180598394795	0.975540090362514	0.241654745744411	0.21500162375
PSMA7	False	0.0167301118447446	-0.0709232067801633	-0.258593823460632	-0.391615795749999
NDUFB8	False	0.0168384570800689	-0.500486629787995	-0.213906139034483	-0.152450597250001
SERBP1	False	0.0168384570800689	-0.0698966095843492	-0.356714167320865	-0.2357246315
MRPL12	False	0.0169277707011851	-0.4354804143324	-0.420519140003795	-0.5199025595
HMGN4	False	0.0169328227389927	0.39037850222483	0.0986971677614532	0.235185956
FMNL2	False	0.0169402095449838	0.513011908111197	0.209950867210094	0.156743289
ANKRD46	False	0.0170554912198694	0.533649779752553	0.214913875804891	0.36265276775
MEX3C	False	0.0171141376237687	0.302471282677328	0.0008841902378544	0.816778762
ARHGEF7	False	0.0171783389808684	0.0579332263587196	0.135765362604225	0.45554733275
DAPK1	False	0.0171783389808684	0.0643938403766535	0.195285560193927	0.38937549475
LPGAT1	False	0.0171783389808684	0.431637261173524	0.06486336929422	0.213858794
NLK	False	0.0171783389808684	0.640904014881678	0.0790461867897818	0.14984118725
KRT19	False	0.017267753067073	-1.08527989681156	-0.48993865392591	-0.23001757575
RANBP1	False	0.0175058914922513	-0.363815908400428	-0.617552045358584	-0.1782687975
KLHDC2	False	0.0175542067141461	0.262424848621518	0.234155746035152	0.10332725975
COL4A2	False	0.0178151228165223	-0.435061731999372	-0.416989986109116	-0.4729116225
ANKRD17	False	0.0178189578465199	0.312009564023367	0.0579123940477535	0.37809830175
PNKP	False	0.0178189578465199	-0.422629652005849	-0.0423536986579673	-0.57919040425
RAB18	False	0.0178189578465199	0.494314932917289	0.140774077073013	0.363467017
RUFY1	False	0.0178189578465199	0.149251138891853	0.407327482707617	0.29794279625
CPNE8	False	0.0178442683336188	0.387242266592037	0.386520439165931	0.15463850675
ERP29	False	0.0180742718223236	-0.553947862105609	-0.0487190454528808	-0.39150875225
ADAM10	False	0.0183936945171827	0.391233217091937	0.121805338899923	0.18859791625
AKIRIN1	False	0.0183936945171827	0.123784916805853	0.139898704469685	0.39907470275
HSPA5	False	0.0184323923491413	0.1261379861962	0.0008058866441515	1.067215493
ESM1	False	0.018488177333031	0.528876070325341	0.257797623046459	0.40248584925
DYRK1A	False	0.0185128865542748	0.320491240824994	0.0542624359122828	0.531973527
BAG3	False	0.0185889780234131	-0.256298119631698	-0.116573978820095	-1.113444189
AKAP11	False	0.018609093228635	0.515166912086853	0.11694243854121	0.23259906775
PDHA1	False	0.0187384454038568	-0.45568877027605	-0.142659964901894	-0.3446044375
GATA6	False	0.0187556341240222	0.605140892275323	0.220536320880869	0.35787232325
UNC45A	False	0.0187556341240222	-0.555773388681268	-0.193952930404318	-0.08651952475
STAU2	False	0.0189278892924197	0.326456530322067	0.164833472332421	0.28269119575
SERINC3	False	0.0190089383902983	0.0743971652438082	0.346770303014559	0.0350845955000001
PRMT5	False	0.0190450151732615	-0.319376443201082	-0.339170889576924	-0.0358635790000001
NFKBIA	False	0.0190837312299607	0.0823312045525695	0.219878140177813	0.88390081375
PAFAH2	False	0.0191541269354474	-0.0050851263130704	-0.185881336269489	-0.744728346
MON1B	False	0.0191701386664808	0.140825584207382	0.0283908198289033	0.73375425075
WDR1	False	0.0192408554888435	-0.32289228795003	-0.075291586008257	-0.401774478125001
AUP1	False	0.0196784357029039	-0.406216318937319	-0.228423223361024	-0.13313778275
AGTRAP	False	0.0197860370672277	-0.710828614013994	-0.0876937477653268	-0.48524980125
FMR1	False	0.0198589058029323	0.191196080328747	0.243250445579485	0.38919872
PCCB	False	0.0199143529227556	-0.178357823027507	-0.0658422093114943	-0.517559895
SIRT1	False	0.0200272934765381	0.504555144770668	0.144790391118447	0.3348335875
UBE2G2	False	0.0201196460526388	-0.182604259844254	-0.110524905187297	-0.29534586125
TPM3	False	0.0201449216448884	-0.0137313615047159	-0.179674726524095	-0.504923515375
RANBP2	False	0.0201719553580562	0.314238893169005	0.279364033620384	0.10908010625
PHLDB2	False	0.0201758747845997	0.726633938336293	0.260891735167633	0.0939073562500004
TRAK1	False	0.0201934867064117	0.151337526088876	0.0764427250679658	0.402482634750001
CDC123	False	0.0203785153622716	-0.257869430462249	-0.190891930959435	-0.15207378425
KLF6	False	0.0203942334827051	0.558829338719126	0.412918655591419	0.02974755525
DUSP8	False	0.0204067128923266	0.158735688994284	1.83486995374829	0.4166179545
RAB10	False	0.0205025463548245	0.233456288789119	0.1324581435702	0.37466704275
DHX40	False	0.0207549395428866	0.203041484961318	0.185405851679942	0.1943572285
ILVBL	False	0.0207549395428866	-0.538362077336983	-0.293088263597694	-0.05318635525
VAMP7	False	0.0207549395428866	0.316222506575226	0.0633209266584922	0.39886760275
PIN1	False	0.0207631422441794	-0.385420798305683	-0.669498182530568	-0.332168330250001
AMMECR1L	False	0.0209181566358529	0.252335538822526	0.768595645057728	0.483294528999999
YWHAE	False	0.0210303940676703	-0.08815768737532	-0.254350082139258	-0.18057977775
SHTN1	False	0.02124298862874	0.365766090692601	0.103500178485859	0.27669315875
GNG12	False	0.0213198448495658	0.561885195669333	0.106204568212313	0.15471023625
RTCB	False	0.0217223136719773	-0.0956309576832055	-0.107247974204738	-0.50472134375
BLOC1S5	False	0.0218403337439383	0.142981337140293	0.147912416385787	0.3615845705
ARSJ	False	0.0219513629762263	0.402284658724255	0.0781973111880037	0.485611822
ACKR3	False	0.0219558677670063	0.21764915002872	1.77684398699977	0.19978233175
SLC35F5	False	0.0219727999244778	0.425406452275129	0.220482041660647	0.2261308055
SAT1	False	0.0220813507582059	0.298346872247356	0.395789056952131	0.36386193675
TMSB10	False	0.0220813507582059	-0.145207039646868	-0.161301570336978	-0.36953908675
CSRP1	False	0.0224448659963712	-0.447954901252428	-0.178565266715195	-0.383078546750001
SREBF2	False	0.0226961145543158	-0.188997540933078	-0.478904338617473	-0.022476358
AKR1B1	False	0.0228639712843106	-0.210137074277892	-0.34419998484043	-0.0507989752499993
TECPR1	False	0.0228755369913999	-0.442198009428995	-0.0354448691914966	-0.4214313765
CRBN	False	0.0231157469241492	0.19629935925119	0.206179183252384	0.37829769375
CHST12	False	0.0233046413940819	0.159357576147397	0.461484674002752	0.22602408475
UBE2Z	False	0.0233046413940819	0.0632677464464262	0.098487336435924	0.44180881425
COTL1	False	0.0233916811241824	-0.465129133316601	-0.218306222675842	-0.295596689
TMEM54	False	0.0238599404043263	-1.13963768204111	-0.34036242326587	-0.1255375085
COPS6	False	0.0238923003906834	-0.353780963051949	-0.216163645105522	-0.17644994075
OSTC	False	0.0239160423206243	0.503344124941605	0.07604541411271	0.3261160425
PSMB6	False	0.0239160423206243	-0.447299980488507	-0.159394099942497	-0.194692833
CSRNP1	False	0.0239613675832424	0.286526526479126	0.229366031201606	0.64760960625
ARL6IP4	False	0.0240638908072518	-0.825195994991709	-0.113232768170101	-0.368769372375
PLEKHA1	False	0.0240638908072518	0.545770755898953	0.211134561291485	0.0064256507500001
JADE3	False	0.0241948651147296	0.285503452628572	0.154145299344302	0.3534889475
TLE1	False	0.0243078754959314	0.138150493364481	0.350084866193219	0.39573780625
MCL1	False	0.0243404097971483	0.28114040410082	0.0834112009217147	0.3987992365
DIAPH1	False	0.0244966721440907	-0.0857394135093808	-0.238530462139539	-0.05931830875
LTBP4	False	0.0245493991870754	-0.924386069156861	-0.145789019077419	-0.221035771
ZDHHC20	False	0.0248172869002961	0.453067600755915	0.136539849928455	0.1819676155
CYC1	False	0.0248323337156759	-0.336335369473151	-0.333751807571687	-0.2136987825
SLC25A39	False	0.0251301515608544	-0.902689555013177	-0.171537986992535	-0.0468112622499994
PTDSS1	False	0.0251539294594267	-0.0252718422295031	-0.195946484121301	-0.361794693
CPNE7	False	0.0253653336469253	-0.68045417766043	-0.571757955796226	-0.0985850255000005
TMEM164	False	0.025915685374781	-0.182554167931656	-0.189106416873841	-0.163729175
ARHGEF12	False	0.0259514214162949	0.610448350248548	0.0790358145504797	0.18899076525
SMNDC1	False	0.026134915478115	0.257112022776991	0.0468458739947955	0.55409804825
GTF3C5	False	0.0263438011904661	-0.512649684767953	-0.787619693906122	-0.0696307527499999
SUCLA2	False	0.0263438011904661	0.323882320989457	0.748238547353529	0.45803795925
SERTAD2	False	0.0263501890368442	0.605451921905857	0.0334296179453473	0.21343089925
GRHPR	False	0.0264380785897216	-0.743518083605167	-0.0515034513426542	-0.323717171
CD59	False	0.0265361248313072	0.247155153315532	0.0791435425600202	0.482160413
RPS6KB2	False	0.0267092906977812	-0.599110365850986	-0.0795771394257763	-0.3152120185
RPS8	False	0.0267173757007602	-0.183702837111564	-0.138894620674158	-0.539951821750002
VIPR1	False	0.0267173757007602	0.016461238318217	0.945327592824455	0.0425356
PCNP	False	0.0268730166281187	0.35880762679189	0.0418222661486629	0.57301003075
NMRK1	False	0.0269890905222015	0.201264764253202	0.76538470175683	0.025586798
RBM17	False	0.0272996659224318	-0.165150917209924	-0.20301692975666	-0.06128553325
ETFB	False	0.0273033637557276	-0.881851621478057	-0.407129954485589	-0.3340968985
ATRN	False	0.0273805649963419	0.0291144042962079	0.307912406366218	0.1195221125
PLD1	False	0.027615774427988	0.364771468954767	0.347874950240671	0.0137987545000002
REV3L	False	0.027615774427988	0.541821447314527	0.76974058372654	0.227020329
AATF	False	0.0276250420978173	-0.602815904691872	-0.294163208938447	-0.035881206
RCN1	False	0.0278794189057238	0.21807840092823	0.114333629209201	0.761299382
GABARAPL2	False	0.0279457776545661	0.378164208164303	0.0788855978927261	0.32855688575
CXCL1	False	0.0280614631588919	0.493387066523748	2.26929718932587	0.11932445025
MMP1	False	0.0283979089970657	0.233309464556568	0.103775775462665	0.45166139575
FHL1	False	0.0285001588341981	0.262710325850703	0.512915317389522	0.39911057875
PHB2	False	0.0287740702240961	-0.418618667554617	-0.352020083286241	-0.31923373625
PLIN3	False	0.0292405409576008	-0.233179120652533	-0.184721948754656	-0.27292140275
ART4	False	0.0294063402617798	0.303147623896614	0.414268355118549	0.29277555825
GLCE	False	0.0294063402617798	0.327553217901908	0.277542738285872	0.0551412892500001
LTBP1	False	0.0297348235666612	0.250257954539806	0.145733094968152	0.372587106
ARL16	False	0.0298349176288873	-0.0967729827106192	-0.202258160529968	-0.4920463135
KLHL5	False	0.0298349176288873	0.366903269625339	0.0715267908174022	0.28647221325
SF3B2	False	0.0298795918004039	-0.651139682184147	-0.140203484429852	-0.32262286325
ATP1B3	False	0.0299281764092864	0.307978242710146	0.259388817497657	0.0312150354999998
ACTN4	False	0.0299608075481822	-0.392941893735074	-0.156054147126871	-0.32683157325
ATP1B1	False	0.0299818136887285	0.677483560141701	0.164959417879402	0.24947475275
PLPP5	False	0.0299818136887285	0.322103931298138	0.127851097187389	0.203201571
TCP1	False	0.0302531738521047	-0.0714855080363037	-0.314104073192929	-0.01403903625
TRUB2	False	0.0306297129752461	-0.136245950567985	-0.221181555622226	-0.18892499925
SAP30L	False	0.030634250185994	0.3692730530245	0.0949411553619299	0.232819344
ANKLE1	False	0.0307875461503823	-0.491683962195021	-0.14537265836186	-0.66794238925
CFL1	False	0.0307875461503823	-0.321334424146	-0.100763057274568	-0.251700009000002
DAP3	False	0.0307875461503823	-0.307859446994916	-0.0631389121530361	-0.36596695125
FBXO21	False	0.0308052899613572	0.08647138474001	0.129857621429634	0.434730895
MKLN1	False	0.0308538519582375	0.256508837716332	0.0752706897218207	0.33911673875
PPP4C	False	0.0309574061587583	-0.409290507623771	-0.0327331865606402	-0.5339073405
ZNF664	False	0.0309574061587583	0.155233425629199	0.181530462086274	0.204903847
MEA1	False	0.0311147437630825	-0.447164463858512	-0.104339984703885	-0.23046910975
ODF2	False	0.0315691710212997	-0.49241277710477	-0.494660213925986	-0.1654373255
STT3B	False	0.0316005112193787	0.405876051175381	0.0091440330315317	0.41839287525
COLEC12	False	0.0316166898659544	0.0103034077907465	0.518041427554967	0.22000120025
KIDINS220	False	0.0316533484850047	0.0944085922160607	0.0987677431557206	0.50496999275
SPRED1	False	0.0317069710545712	0.463863862781014	0.141081100954542	0.357908503
KHSRP	False	0.0317169764102722	-0.268205135246403	-0.417119845248599	-0.13828519775
PUF60	False	0.0317169764102722	-0.562819660622373	-0.381552955512265	-0.1819901275
EMC4	False	0.031831247630349	-0.0488814862820384	-0.265123670904832	-0.243932168
YTHDC1	False	0.031988754839526	0.161707086969205	0.0484809254525604	0.6199795475
EXTL2	False	0.0320936923883771	0.397817719526667	0.116431031305347	0.31161121625
PCNX1	False	0.0321295274160715	0.199832072846871	0.348322222288886	0.2056509535
PTPN21	False	0.0321295274160715	0.445986055066488	0.17543913159012	0.0391392979999998
C1QBP	False	0.0321553980794249	-0.0256996127577764	-0.230352176513716	-0.37575157975
CAPN1	False	0.0321947617754769	-0.796754744160626	-0.114875087942785	-0.21037476625
PSMB5	False	0.0322310076106813	-0.262384478881343	-0.264922748881189	-0.282999911
RP9	False	0.0322418547547277	-0.214231443394187	-0.0716954847437892	-0.8339285895
CTNND1	False	0.032281051233553	0.152797077425555	0.0897698460622447	0.237471756
EIF2B5	False	0.032281051233553	-0.20812133188035	-0.22463490935481	-0.131645501
FAM172A	False	0.0323280500548347	0.104942462595134	0.27813467506492	0.1872432105
FTSJ3	False	0.0323598113401438	-0.417732533148174	-0.151838348042734	-0.0331327302499999
MED27	False	0.0323751169952744	-0.16082723888409	-0.0712212519471871	-0.4173133555
MSANTD4	False	0.0323751169952744	0.340428107868773	0.0996312044501932	0.380367509
PLEKHB2	False	0.0325050801906732	0.336650700387935	0.157403798812112	0.1518731015
MTIF3	False	0.0325639866357257	0.0799333878581923	0.726771118984806	0.3269846995
PDGFA	False	0.0326300269751488	0.0821586594350015	0.403230923634819	0.33590897675
LMBR1	False	0.0326302014342321	0.228967876813418	0.34275820230317	0.1947494275
FXYD5	False	0.0329633038211511	-0.743043737111866	-0.477419007902393	-0.0019477449999993
TWSG1	False	0.0329633038211511	0.355621981432322	0.0362459030519888	0.34136741825
WIPI1	False	0.0329633038211511	0.146173113950224	0.38461983756614	0.0480804749999999
MRPL51	False	0.0337848827174794	-0.192116904299661	-0.260513160935131	-0.1749789515
NDUFV1	False	0.0338244098834472	-0.770077925683246	-0.0867064789848948	-0.395588630000001
CAMLG	False	0.0339270180101503	0.396152491710826	0.24390499204384	0.0680612790000001
COMMD10	False	0.0339464197079712	0.2711738914744	0.0554336192447087	0.51872176
PARVB	False	0.033948225854156	-0.324636306824089	-0.121056308975269	-0.317352533
RRAS2	False	0.0341233965772048	0.521070927492676	0.106954568839403	0.168396069
TTC14	False	0.0341477775876967	0.193509414632984	0.175362034879573	0.3849128705
TMEM50A	False	0.0341503961730608	0.141048043541214	0.150568976366263	0.1446011575
WDR48	False	0.0341503961730608	0.184355286772484	0.171466809457607	0.249532192
MAP3K7	False	0.0342677954772846	0.161295250885045	0.117909209657372	0.260597193
MRPS18B	False	0.0343155703690606	-0.266954930111253	-0.246536921484394	-0.08819582125
MFN2	False	0.0346944180913292	-0.283319124710236	-0.22065889641275	-0.41503561875
CENPT	False	0.0347372381356024	-0.529594022762524	-0.0839292270887366	-0.24077603575
PLOD2	False	0.0348206414250154	0.580157403975061	0.094193496471938	0.285170476375
GALC	False	0.0348957440289349	0.632228957314236	0.177890349808112	0.0685211335000001
SAMD9	False	0.0349817954265983	0.558652183649483	0.0154826779882438	0.3949686625
L3MBTL3	False	0.0350087299846793	0.307922778701037	0.0777593172037889	0.462175891
CSNK1A1	False	0.0351298592045788	0.267514602698268	0.107168829304818	0.36798669925
FPGS	False	0.0351298592045788	-0.510220311869081	-0.0031206107557668	-0.529476997749999
XRCC6	False	0.0351298592045788	-0.150786649765655	-0.887657599293434	-0.3931794385
RNPEP	False	0.0353468322020134	-0.226551343429716	-0.0794621650629663	-0.2071686625
PSMB10	False	0.0353879125427509	-0.54748300206008	-0.0612547152020939	-0.5534132175
TM7SF2	False	0.0355927514224086	-0.688614583737242	-0.518288723730767	-0.21519381225
NUAK1	False	0.0355929023110839	0.149267362098503	2.75331430261897	0.29276495475
PSME2	False	0.0356707775176163	-0.213279103945056	-0.201458868846601	-0.38223489275
ZNF185	False	0.0359702435336924	-0.339718442084886	-0.192855559107146	-0.1999968405
CFAP20	False	0.0362853879295132	-0.154414545298635	-0.335837209645403	-0.097881812
WASF3	False	0.0363140211339672	0.226332050882953	0.376628670583894	0.25755554875
LSM4	False	0.0366065007705292	-0.379291502388684	-0.297067264663297	-0.1920369255
EBNA1BP2	False	0.0366229550916753	-0.482352281128213	-0.237780769877357	-0.51766234825
CALD1	False	0.0366542318927721	0.675247789554055	0.111849702910449	0.1980303955
PRSS23	False	0.0367029013796736	0.217554433459155	0.375484321129727	0.0431251379999997
GAK	False	0.0367340137174044	-0.581090451125136	-0.0538456324561469	-0.27069354375
DCAF11	False	0.0367747609298309	-0.498268685901162	-0.0792195610435682	-0.322526203
REEP5	False	0.0367747609298309	0.159605512649796	0.0244880261247618	0.555733456
PELI1	False	0.0368164401651711	0.466243840529391	0.132504379285944	0.202249855
NFIL3	False	0.0368412319242252	0.566806845546397	0.0214911481047348	0.322829492
LAMA4	False	0.0371415636168225	0.0183032671671466	0.384869183152235	0.1572391895
AP4M1	False	0.0372785320519522	-0.292073347109606	-0.476192918803054	-0.1341273655
BNIP3L	False	0.0375835186887904	0.319800034332517	0.198855298645015	0.0006606634999998
INO80E	False	0.0375835186887904	-0.686236292807453	-0.0211820926247563	-0.24485702725
MRPL11	False	0.0378113433677798	-0.304936235350262	-0.313455087225119	-0.0897686384999997
GCC1	False	0.0379226868750648	0.16612714572942	0.0948891504954483	0.4351651285
OAF	False	0.0379485915499579	-0.839414171466121	-0.121918669297627	-0.05514206075
BNIP2	False	0.0380099077449992	0.442057693703227	0.0321754109552446	0.266436021
ATPAF1	False	0.0380870120699244	-0.164674811819978	-0.308560033771734	-0.0758242452500002
ITGA5	False	0.0381037488650147	-0.233011555420569	-0.062599089341612	-0.258390312500001
IL6ST	False	0.0381250406684602	0.554375319344695	0.194729818026978	0.112859115
CD2BP2	False	0.0381382597784284	-0.462957488360642	-0.016785364048669	-0.447622667
NAP1L4	False	0.0381382597784284	-0.177193522760589	-0.192058416311163	-0.0695955985
NUP153	False	0.0381382597784284	0.45805112251071	0.239697304900049	0.30684468625
AAMDC	False	0.038432338845394	-0.193242080972011	-0.0889967103127156	-0.59303404525
FAM210B	False	0.0384478515494709	0.0192043778333328	0.420732111892308	0.011069839
TBC1D15	False	0.0384478515494709	0.245526146705112	0.126338670657733	0.37431392625
ARGLU1	False	0.0389017268372136	0.31218216540115	0.157056316679101	0.464141185
TMEM156	False	0.039006552948308	-0.253890469673681	-0.528260151351574	-0.33790290525
NSDHL	False	0.0392296613979993	-0.271763175827283	-0.426290094845107	-0.0685593744999999
SUPT16H	False	0.039509233433801	-0.0338413907983401	-0.42326702614147	-0.0002191747499999
BDH2	False	0.0397106764997781	0.069572818127674	0.414943039915193	0.10435928675
CSRNP2	False	0.0397451470418531	0.199505576116782	0.407472681154261	0.3072692955
ENY2	False	0.0397531775455528	-0.0052176579486698	-0.234485959964729	-0.1960432135
NPLOC4	False	0.0397918448075404	-0.0504277423148913	-0.213288627601038	-0.104851168
ZBTB4	False	0.0398682721640098	0.0588541864314891	0.27070300571488	0.220229978
CYYR1	False	0.0401681079625639	0.412815635521262	0.235169654382625	0.1874990775
EFHD2	False	0.0401882286863332	-0.667250707274151	-0.427862800702678	-0.0208265079999994
SCRN1	False	0.0402706012932976	0.285902453763874	0.211887375706504	0.0686959672500001
RNF130	False	0.0403329788075276	0.0887771123756549	0.311804369808922	0.2571805815
SPC24	False	0.0404220500801735	-0.289197895541723	-1.05175292904124	-0.3439787745
KDM1A	False	0.040472322042505	-0.110924403949073	-0.26514475331894	-0.0363153020000002
HAUS7	False	0.0409913214163245	-0.50026586879385	-0.167361912929648	-0.312665119875
MAMDC2	False	0.0413162595212514	0.248070695550739	0.0368335600728758	0.72330724075
TRNT1	False	0.0413162595212514	0.323409110168027	0.13482774824321	0.298379911
CNP	False	0.0413248065884647	-0.468945523541216	-0.0195297816761899	-0.42609194025
MOB1B	False	0.0413846778514727	0.217825526900781	0.579080175387324	0.2531085195
FIS1	False	0.041964930556996	-0.534606983007261	-0.48172174019476	-0.0407386057499997
AP1S2	False	0.0419876165661154	0.437436630894488	0.0354446111193294	0.40350013525
ISY1	False	0.042155101435753	-0.403409621069513	-0.212947874899957	-0.14507309275
SLC25A46	False	0.042155101435753	0.409766079063606	0.155131450060169	0.0673704842500003
C16ORF72	False	0.042171919235647	0.452157701887817	0.0269995964476042	0.3709356175
COBLL1	False	0.042171919235647	0.523124677555196	0.223205101216552	0.34571896875
SNF8	False	0.0423753210894412	-0.178741770152089	-0.0942009888308712	-0.41626939275
EIF3G	False	0.0424701068050936	-0.815334417059322	-0.103825188970416	-0.0614878397500003
PMPCA	False	0.0425707689895151	-0.407661005835403	-0.170640866882589	-0.02951807525
GALNT6	False	0.0426268893823479	-0.218896659979128	-0.242159765331538	-0.261271487
GCN1	False	0.0426268893823479	-0.0194016560919463	-0.283295709235342	-0.2059075285
KRT7	False	0.0426268893823479	-0.383323736545728	-0.0891016023225832	-0.54230559725
MORC4	False	0.0426268893823479	-0.262903477329448	-0.323506943065911	-0.0198695109999999
RCN3	False	0.0426268893823479	-0.607986349953023	-0.370723322011675	-0.22924045125
URM1	False	0.0426268893823479	-0.483110167798896	-0.043733801515212	-0.31103065225
EDF1	False	0.0426715904274951	-0.581873146385702	-0.0638598104460399	-0.434709998624999
COPG1	False	0.0427275883218135	-0.196467809492041	-0.0118243768378905	-0.542445184
GNPDA1	False	0.0428620905923057	-0.179638923428748	-0.310846881348239	-0.096257761
PPP1CA	False	0.0428620905923057	-0.52431185084533	-0.218779740678895	-0.0551659599999996
LMF2	False	0.0429188331156141	-0.556406711621243	-0.154266516422388	-0.334799703000001
INIP	False	0.0429456867344587	-0.170557076989906	-0.101780667412175	-0.52407801225
ACOT7	False	0.0430215327612001	-0.826811673755171	-0.126014632300196	-0.101167241000001
SEC31A	False	0.0433579858276811	0.222914132215452	0.115870263034896	0.17325006525
BAG6	False	0.0436842932376462	-0.455309659625427	-0.157616560129222	-0.17030702925
E2F3	False	0.0441387661100046	0.287214241128343	0.103758155042064	0.23732139475
PAIP2	False	0.0441387661100046	0.123652225937001	0.0526659467978856	0.47222300375
GMDS	False	0.0441770641427939	-0.335024190358412	-0.157883211651217	-0.28691175625
DYNC1LI2	False	0.0443780682634649	0.488321523435903	0.0700667323012141	0.170936836
GJC2	False	0.0445812616163337	0.680578767606479	0.278897640910281	0.400597669
PABPC4	False	0.0449987367728421	-0.310404188233609	-0.0741806161823639	-0.09189109625
NIN	False	0.0451156548863902	0.141258979552696	0.315693851925588	0.378057317
TSC22D2	False	0.0457223336606873	0.570983604216782	0.0226205681048732	0.220148647
GCAT	False	0.0458381582845111	-0.476574858626057	-0.811551850666659	-0.323926243
PIK3R1	False	0.0458859852716511	0.408064270370215	0.0490114193848656	0.3450180605
RAP1A	False	0.0458859852716511	0.396409029743833	0.0526135456617451	0.2411571835
DMAP1	False	0.0459496856746091	-0.513492856080767	-0.131859290171756	-0.0960645072499999
ANXA3	False	0.0462818756112994	0.705085004680771	0.194715265711872	0.0681312825000001
DLD	False	0.0463363678261618	0.280833004878651	0.016538419741865	0.420572198
SLC3A2	False	0.0467099647351489	-0.356738632144044	-0.478272122463411	-0.0331903260000002
MYL12B	False	0.0467112574573472	0.233020443947376	0.361889832683411	0.2064882055
ZNF449	False	0.0469915024379046	0.381240295883033	0.392206319758667	0.32530038225
CASP7	False	0.0472758825592946	0.1664048533596	0.312408394200066	0.383817551
POGLUT1	False	0.0473068710634432	0.333672734533783	0.227322402602885	0.17068794175
MANBAL	False	0.0474531975121319	-0.131786893359842	-0.200323492288822	-0.4381386985
TMF1	False	0.0476636010316672	0.509200590646032	0.0651347039662351	0.21091260025
DYNC1I2	False	0.0479973183883474	0.0878525522568152	0.0365501596367368	0.5041894015
HAUS2	False	0.0479973183883474	-0.106818333411428	-0.184266517078242	-0.598767288
LEPROTL1	False	0.0479973183883474	0.36037353024525	0.22126968212953	0.23189737175
DCUN1D3	False	0.0482223864467714	0.105717664005707	0.171230274652122	0.205067587
FN1	False	0.0483144881832066	0.0175523302315312	0.22710331177462	0.2465335625
UROD	False	0.0483221192842006	-0.357074842206535	-0.0768965765485374	-0.3686854135
CARM1	False	0.048328139409531	-0.632554685244881	-0.0509160078488025	-0.283710586
CLIC1	False	0.048328139409531	-0.272305705218869	-0.225850572941539	-0.137825356
FBXL20	False	0.048328139409531	0.0658483944385333	0.661187513184368	0.111810477
STK24	False	0.0485218025918797	-0.0660773247505233	-0.127687422101709	-0.45103009375
ENDOD1	False	0.0487619704841828	0.176853126060827	0.260504110781359	0.1140627735
SLC35A3	False	0.0487619704841828	0.454236356624054	0.232337614417795	0.20233399475
MYOF	False	0.0488787265827169	0.0651856103006594	0.17776895799145	0.15424160675
PRMT7	False	0.0496839961876518	-0.52358731147795	-0.135769347563544	-0.20461992025
LPAR6	False	0.0498666101938265	0.0530631429499735	0.644458925108494	0.53135711975
OXA1L	False	0.0499895530975937	-0.24106737070608	-0.0525258592363045	-0.4312208395
CCDC85A	False	4.894690741608798e-06	-0.0255314302010889	0.877953772611932	0.96764529775
HMGB2	False	1.4559088902454372e-05	-0.68849458318604	-1.25538782117794	0.13368267875
KIF20A	False	7.486640585184304e-05	-0.751085267074567	-1.66891146488577	0.0290357465
NCAPD2	False	0.0001935636799933	-0.365158723979072	-1.14901414168475	0.04809880275
RGCC	False	0.0002284489717545	-0.0306506774941191	0.965242825983081	0.4601815005
TK1	False	0.0002952010181764	-0.858647342859948	-1.4601960820188	0.193712258
SPAG5	False	0.0003266851857764	-0.334924212490138	-1.59838381527359	0.09866563075
SEC14L2	False	0.0003583113788182	-0.479978205450236	0.0055065881653009	-0.969775654
MCRS1	False	0.0005241526560035	-0.611067376470745	-0.458627657447721	0.0578768552500002
PLA2G4C	False	0.0005670569263015	-0.129318335734376	1.56506167889311	0.420552622749999
RRM1	False	0.0006480058927633	0.0324093872310591	-1.00713797794208	-0.325100927
CCNB2	False	0.0007736333499225	-0.465903508962277	-1.45334741321855	0.0802211402500001
PCNA	False	0.0007746493302879	-0.323410360824992	-1.03675196893137	0.0181289167499999
PARP1	False	0.0008154602194556	-0.348991403624194	-0.84812670846991	0.0890217252500001
CXADR	False	0.0008942397099916	0.784412433517046	0.837234233610971	-0.0598294472500001
ADORA2A	False	0.0009282726581004	-0.0448056366975766	0.487415287331251	1.42242516075
NAT10	False	0.0010417328016548	-0.606041884061221	-0.427637023737033	0.0308620399999999
NUDT21	False	0.0011006559194607	0.0754649040369948	-0.390507461189169	-0.56148004375
NUCKS1	False	0.0011694623617644	0.173502070999341	-0.615838625175043	-0.534828350999999
KIF23	False	0.00145065950006	-0.357579118218632	-1.38683408110684	0.0736721709999999
NCAPG	False	0.0014889595533561	-0.387504864649613	-1.51582333689658	0.2291999395
CD55	False	0.0015124644581665	-0.0098349398780195	0.441685593753979	0.374265301
ATAD3A	False	0.0018723554189265	-0.68448090258748	0.353428639157086	-1.1090320185
PYGL	False	0.0019649552803461	-0.420881829286996	-0.478079329536022	0.0400884859999999
IFI16	False	0.0019802472438518	-0.0475636116219631	0.227555325071116	0.882155214
PLEKHO1	False	0.0021680722851429	-0.0611247630717715	0.279953197310254	0.56065281125
TRIM47	False	0.002188525275903	-0.303325701702396	0.75570939357031	0.8339971135
PSMD11	False	0.0025475030751258	0.0782697002746149	-0.381014662623357	-0.690897154750001
NUSAP1	False	0.0025751319459973	-0.3732865054015	-1.582486391157	0.167075305
TNFRSF21	False	0.0026028749206895	0.524159321623577	0.986904633071468	-0.214666646
NFE2L2	False	0.0026766808585311	0.397294374340771	-0.0310295857166025	1.20427751325
TMEM106C	False	0.0028650616869182	0.18471694300803	-0.566562199475228	-0.5245272025
RNF122	False	0.0028760745000333	-0.111103420990629	0.418903930685718	0.84586069675
CIRBP	False	0.0032850686439087	-0.685779663137687	0.137204794964725	-1.1906933705
MAST4	False	0.0034178283733235	0.574934310805398	0.539877595391396	-0.0711517855
SPATA2L	False	0.0034178283733235	-0.318018491718455	0.793650731065869	0.7416086815
IER3	False	0.0041092666612739	0.451550726957569	-0.162098247897317	1.3855985965
TRIM37	False	0.0042933277277891	0.69279915958986	-0.0218473052375954	0.67244669075
CDC25B	False	0.0044872139295188	-0.627015984998072	-0.887810858358075	0.04294017
MRPL3	False	0.0046173033666371	-0.361929987403816	-0.456596894620354	0.0123738854999999
NBR1	False	0.0049802285727782	-0.10769509486691	0.308740253962871	0.50176152975
N4BP2L2	False	0.0055114552157176	0.424849320383519	-0.0064458167485677	0.799762773
GALT	False	0.0056362128702759	-0.670590698516346	0.0134437242081424	-0.47428514875
PAICS	False	0.0056545625075422	-0.270157595919538	-0.64886918818117	0.021713536
GDF15	False	0.0058541799282673	-0.0505443830605952	0.60563863730378	1.00385582975
DDAH1	False	0.0059499451936805	0.388988689281878	-0.303330255963449	0.995601528
PSMB7	False	0.0059749153801057	0.0415581472146425	-0.186215728782222	-0.593578631000001
UAP1	False	0.0061519559714626	0.497478748171337	-0.0934255013139653	0.865999247
SGTA	False	0.0065305949713234	-0.843371029164273	-0.372701668892511	0.0012683260000003
KPNA4	False	0.0066217282441892	0.444819055936788	-0.0437937770971715	0.6104155865
FNDC3A	False	0.0066687847731227	0.577599100065651	-0.0019004221029126	0.6623349795
WSB2	False	0.0067082563010116	0.498263719329406	-0.0244739101366513	0.5936250025
DBF4	False	0.0070744732235149	0.0768328860983902	-0.83518238414173	-0.52134240225
CAMSAP2	False	0.0072262805661019	0.365612717353446	-0.0657329469327355	1.0475689565
CDKN3	False	0.0072262805661019	-0.607104840584527	-1.50378803030132	0.39107266225
TFPI2	False	0.0081520175711082	0.301000334080604	1.00348168857214	-0.08824708075
CLTC	False	0.0082036109515104	0.617533159270304	-0.0633470016123763	0.62826616575
STMN1	False	0.0090213537201423	0.0666087616190847	-0.614426587252293	-0.06058137675
TBC1D22A	False	0.0097116025221139	-0.440666036228976	0.108576190937199	-0.863693179
CEPT1	False	0.0099102926870438	0.61680567076732	-0.0632964647441225	0.5241241115
DNAJB4	False	0.0099940230961682	-0.145991095369636	0.274087781625367	1.10944221925
DNAJA3	False	0.0103855491132709	-0.5490616297495	-0.390282188988476	0.0597143807499999
IMPDH1	False	0.0104562842858193	-0.766968651454461	-0.336750929913748	0.12593495375
AGFG1	False	0.0114695369744387	0.443974071096903	-0.120099763882759	0.64877119375
LIPG	False	0.0114770544787884	0.0459522918461168	-0.400817085601538	-0.51450976925
ATP10D	False	0.0116671273471203	0.607864271495827	-0.480254879848264	0.78847571125
PAWR	False	0.0121101597528472	0.557707392957895	-0.0159379023742181	0.45682882525
NDUFV2	False	0.0122162163247663	0.0599161134281738	-0.27625422429225	-0.448442094250001
CDK2AP2	False	0.0122215502515161	-0.595532015944075	0.333782673826137	1.3213292285
ARHGEF10	False	0.0122752545209936	0.307624789782324	-0.065443296600928	0.6227474105
LIMK2	False	0.012607036640483	-0.308011928606466	-0.266213229978955	0.00266867125
DNAJB1	False	0.0128660380898939	-0.260354834762079	0.0598972567290446	-2.072347499
IL32	False	0.0128660380898939	-0.278004790849867	0.809811842186253	0.15222654225
ICAM2	False	0.0129408581278536	-0.485606452593057	0.0013230536587407	-0.708213295999999
PTPRA	False	0.0130829786058273	-0.351536302388743	0.0975273044926679	-0.6385522825
TRIP12	False	0.0133340956785632	0.269224451458454	-0.0155669441889899	0.61859993375
NMT1	False	0.0136530799004727	-0.363958819447656	-0.274556783208922	0.07305149475
SH3TC1	False	0.0136726846970874	-0.515070930700753	0.42775354427488	0.6726132975
CDC20	False	0.0138076944368456	-0.559406920601133	-1.5189871477946	0.45935803525
NFIB	False	0.0138076944368456	0.385861842940683	-0.307318230122223	-0.75033449575
SMAGP	False	0.0141959415587425	0.0749473808666039	-0.398165488851373	-0.3517537085
ZNHIT3	False	0.014379345392731	-0.0366275759673655	0.721954169184187	0.41608443225
CD34	False	0.0144624375312052	-0.286969575596983	1.31391722423662	0.13053971125
SUV39H2	False	0.0144645217510153	0.408658842307604	-0.815814777672511	-0.6910394645
NR2F2	False	0.0148807682026153	0.235579166299432	-0.0533809349782626	1.06648770375
BCCIP	False	0.014989725111659	-0.298205083341933	-0.492785196429192	0.126015487625
ARHGAP12	False	0.0152311550853044	0.497397746468214	-0.048303809986705	0.47269514225
VPS13C	False	0.0152311550853044	0.811824326653582	0.171765220930299	-0.0156271057499999
UBR3	False	0.0153114173341842	0.553869966187578	-0.176610513530827	0.46605526
DDX23	False	0.015664394899065	-0.440603341500315	-0.355962947888094	0.20194984525
IMMT	False	0.0165440723522449	0.007462737884226	-0.297058389984314	-0.28020245625
CDC42EP2	False	0.0166180598394795	-0.524373736604701	0.426850772460645	0.97933714375
RBM28	False	0.0166180598394795	-0.115521961467218	-0.511990285029247	0.0173083675000001
ANKRD50	False	0.0167301118447446	0.644430609153284	-0.108196915331925	0.5158962225
CHTF18	False	0.0169210921289163	-1.01490091588889	-0.903625261521673	0.139580748
SERP1	False	0.0169342467928392	0.480527039920844	-0.0800485047576132	0.64034011
FRMD8	False	0.0171783389808684	-0.347361359890614	0.418156448757185	0.710981615
ASPM	False	0.0171789875051547	-0.219328118964033	-1.43351799301308	0.46530101225
ZNFX1	False	0.0175290196412407	-0.0763632547225566	0.339859384335005	0.48394096075
PPP2R5D	False	0.0178189578465199	-0.430424770108179	-0.441721935351347	0.01582859175
SREK1	False	0.0178189578465199	0.494120546591628	-0.057893836645234	0.734991779
CFLAR	False	0.0179318763637721	0.351366821410879	0.254564779565879	-0.07878954775
TM9SF2	False	0.0180742718223236	0.526383644844097	-0.392415271676497	0.54339877775
HDAC5	False	0.0182096573470464	-0.51591958907374	0.568298840430691	0.77586455075
MRPS16	False	0.018393542952618	0.0190275656887327	-0.263147905478184	-0.29023208675
C1GALT1C1	False	0.0184323923491413	0.252921201369113	-0.0303029334473433	0.66290156975
TEK	False	0.0185889780234131	-0.0325318849644294	0.209064259843211	0.48234026925
SLC25A29	False	0.0185989841218862	-0.359240917133818	0.733616222753182	0.542101663
PECAM1	False	0.0187384454038568	0.251675845301367	0.497175299727303	-0.267564873000001
NUDT4	False	0.0187556341240222	-0.03322709264366	0.283875107629134	0.704485994
SF3A1	False	0.0190089383902983	-0.430530508599654	-0.316436217252966	0.293683026
GLS	False	0.0190450151732615	0.628783117746297	-0.0742011352417649	0.85824443575
PWWP2B	False	0.0190877019679532	-0.0239682983395928	0.395842249273201	0.70639619775
LAMB1	False	0.0191541269354474	-0.104939687870129	0.273068183756447	0.3979998135
SOX18	False	0.0191701386664808	-0.454016011402692	1.0991904061733	0.81731359775
SACS	False	0.0197860370672277	0.717337559014333	-0.0902400609834615	0.4361192025
SOCS5	False	0.0200530527382231	0.803415159956593	-0.0294919907231108	0.389581776
WBP11	False	0.0201040372969634	-0.110618094967916	-0.335107454260346	0.01336130875
SHMT2	False	0.0201934867064117	-0.581849698742624	-0.670661328033492	0.4896554055
LMNB2	False	0.0202423801580648	-0.646260974322876	-0.935810613584502	0.27434712725
CPQ	False	0.0203942334827051	0.0320434235300491	0.770221271474413	-0.0236489524999998
MECOM	False	0.0207631422441794	0.547680016083318	0.247063108305115	-0.0294996517499999
KNSTRN	False	0.0208795013590348	-0.426918846887638	-0.865740096921119	0.19073506225
NES	False	0.0209018520375552	-0.508371221681903	-0.374400448634642	0.15290417375
RAB3B	False	0.0209353683662712	0.0262482761975607	-0.424962938499938	-0.0687971195000001
PSMG2	False	0.0210419415455882	0.117963749826856	-0.230778368400135	-0.63706573225
CLUH	False	0.0212474418833129	-0.775630743301559	-1.65117780113014	0.0955896885
MED21	False	0.0212474418833129	0.405220329135051	-0.0823485483185245	0.68687366375
MRC2	False	0.0212547212918312	-0.640729514047184	0.0367009488521495	-0.5261781185
B4GALT7	False	0.0213198448495658	-0.606356656646914	0.0799747691320762	-0.77458955825
ZNF665	False	0.0215360270787614	-0.798381116592583	0.0768782298569084	-0.719365837
ANLN	False	0.0217650170072941	-0.129902441030773	-1.28260469521584	0.0630662634999999
IMP4	False	0.0220813507582059	-0.361061298130547	-0.59129620192896	0.0037913025
TMEM97	False	0.0220813507582059	0.220593183389477	-1.21237955542597	-0.2778523505
FAM136A	False	0.0233046413940819	-0.236022761958835	-0.494855187853203	0.02446429175
KHDRBS1	False	0.0235089857389373	0.0071180729174207	-0.389561365241365	-0.10324375525
CCT5	False	0.0238129831017843	-0.18376711950906	-0.452191002362552	0.01337631075
STARD3NL	False	0.0243272144521627	0.344152421807141	-0.0083398463518911	0.588488212
HCFC1	False	0.0248323337156759	-0.458589967624069	-0.393387176753424	0.0499220637500001
TOP3B	False	0.0251345443098744	-0.624374851269132	-0.427143355984679	0.0118502950000001
TOMM22	False	0.025215769854863	0.0983482492630037	-0.366774836939461	-0.34817238375
SPPL2A	False	0.0254616407769729	0.637472771069903	-0.0155746705300066	0.49149785225
C10ORF88	False	0.0255780536292885	0.452741810748647	-0.14040738952527	0.56157549925
ERRFI1	False	0.0263381192778575	0.625266844952834	-0.0414117176391393	0.48509570725
ARID2	False	0.0263438011904661	0.736008586637796	-0.0726537776702694	0.37018036
FERMT2	False	0.0263668899439896	0.574445852301177	-0.15514133676093	0.74455740675
RCC1	False	0.0269069353086301	-0.413798644159652	-0.735351451144799	0.611090135
STAB1	False	0.0269251641428488	-0.663051549727212	0.0314630924113288	-0.73699296775
CADPS2	False	0.0277211245460605	0.389532928960625	-0.0087389017895018	0.516727092
SLC27A3	False	0.0282909863933124	-0.52818508666123	0.139103547324138	-0.6731773155
GAPDH	False	0.028646226027904	-0.520528119249633	-0.178512591822193	0.140307877250002
DENND5B	False	0.0287858740011466	0.614441059974244	0.2544411834345	-0.0558810500000001
STRN4	False	0.029011303566981	-0.667200711543122	0.01333048723657	-0.418530035
PTRH2	False	0.0291229337275947	0.129806536863353	-0.215935445303016	0.9959784235
BANF1	False	0.02913069316915	-0.497518386418581	-0.247199296672725	0.0407402502500002
SH3BP4	False	0.0295301532808852	-0.0008559303178588	0.0505722362386258	0.89835544675
GTF3C1	False	0.0299608075481822	-0.453326576636744	-0.14355911898046	0.05990486925
MTDH	False	0.0299608075481822	0.352401656808554	-0.0415192190968678	0.93469476325
SLC2A3	False	0.0303343147358245	0.299081956698024	-0.591560031660744	-0.685037438
CAPZA2	False	0.030634250185994	0.521223137867516	-0.0224244740176527	0.77846006475
CHP1	False	0.0309574061587583	0.346286817838153	0.19702340656958	-0.14217644625
FAM89B	False	0.0311646142489859	-0.544056469474485	0.343161153125313	0.606155858
ZHX1	False	0.0313443747814856	0.658650519499521	-0.0345020923465409	0.43847267675
PSMD1	False	0.0315070049020574	0.0186260013870205	-0.215588185534035	-0.3606487365
CSNK2B	False	0.0317069710545712	-0.347423523709038	0.231083987839485	-1.10145566375
MTA2	False	0.031831247630349	-0.296761052169512	-0.285585327671805	0.10012384925
TMEM140	False	0.0319433130679697	-0.32769362518908	1.31594649563343	0.23122149375
PRDM10	False	0.0321357177103601	0.593923422627334	-0.268800046048084	0.5632897535
ARPC5	False	0.0321553980794249	0.276058343543196	-0.0322307345110637	0.771103606
UTP4	False	0.0321553980794249	0.0108022763095912	-0.266435372323326	-0.308550268
SLC35A1	False	0.0321947617754769	-0.014230229528752	0.450171494829407	0.3148927205
UBP1	False	0.0321947617754769	0.221698838450918	-0.0359819971960302	0.658947508
AP2M1	False	0.032281051233553	-0.433330303678591	0.0154428554309973	-0.43481718675
EIF1B	False	0.032281051233553	0.228834939616951	-0.001287865133146	0.7309261965
TNFAIP1	False	0.032281051233553	0.0381073658021789	0.446826714122759	-0.0537527199999994
ARHGEF3	False	0.0325050801906732	-0.257782836611551	1.9165715641332	0.73833656325
NUDT5	False	0.0329633038211511	0.0071000242158447	-0.347001843400565	-0.348575153
RASA1	False	0.0329633038211511	0.254581702720276	-0.0098180455282062	0.66753621375
SMIM14	False	0.0329633038211511	0.404010898956036	0.593298098921389	-0.384184592249999
ACLY	False	0.033121594930343	0.0484921167228665	-0.434031237915246	-0.24138342825
CTBS	False	0.0331340467568243	0.582071881100233	0.27208073905799	-0.0620343115000001
BOK	False	0.0333980717623828	-0.349543791131508	0.373085222616649	0.472422323
SEC24D	False	0.0336286919632573	0.617689033832219	-0.0421044709856755	0.64038548325
MXD4	False	0.0341414589766897	-0.676801413869086	0.457084757390227	0.76246484
CTDSP2	False	0.0350444921069916	-0.107769209250473	0.156303689255056	0.53825487825
INTS7	False	0.0351298592045788	0.392554333850847	-0.97421726386891	-0.415402725
MYPOP	False	0.0352230923489267	-0.0087145154287031	0.363250345400612	0.6378556485
METRNL	False	0.0355927514224086	-0.304696774677023	0.450319502878473	0.55484706175
DIP2B	False	0.0355929023110839	0.18793040869786	-0.0904620606371642	-1.3270359665
FKBP11	False	0.0358193712730556	0.0913444143824957	-0.553282436322849	-0.156400025
CCNB1	False	0.0362005525113618	-0.228390468388616	-1.47988602008976	0.49479100575
ELP3	False	0.0366229550916753	-0.243659450566302	-0.453967564600213	0.08625813025
PCYOX1	False	0.0366229550916753	0.191187691753404	0.459596607026265	-0.240322764
SPR	False	0.0367029013796736	-0.29073303449925	0.413984406558328	0.38754146625
FHL3	False	0.0367340137174044	-0.217492886792805	0.213207099965225	0.54049917725
NDUFA5	False	0.0368038688633677	0.328888263804537	-0.0147608941250743	0.530177452
SH3BGRL2	False	0.0381382597784284	0.517607447545372	-0.041143446577685	0.36907929125
PXDN	False	0.0389343869058388	-0.109217030827505	0.736756919669807	-0.21504114125
SNX16	False	0.0390379558841339	0.891865685242915	-0.0521298729978552	0.507721675
MYCT1	False	0.0390785303213717	0.365705177760237	-0.372152742395504	0.701082711
OPTN	False	0.0391322609892291	0.0897665470832658	0.444838152048129	-0.0165039595000001
LOX	False	0.0396122568460851	0.523741301613704	0.475860018052029	-0.18918017075
MED15	False	0.0399469729922338	-0.664574139416668	-0.224558187358991	0.13038303425
PLXND1	False	0.0399469729922338	-0.435163970599096	0.15217130767233	-0.476222827
SLC4A7	False	0.0399974112260892	0.653580856872808	-0.045991352495891	0.52566188125
ECH1	False	0.0401681079625639	-0.736308634823149	0.0838381633905563	-0.30096127075
RUBCN	False	0.0401681079625639	-0.0261836430416009	0.172097706567422	0.46857842125
DPP3	False	0.0401776861593069	-0.45351251226561	0.0671395192920672	-0.54351120025
PAF1	False	0.0403329788075276	-0.566262040965363	-0.241912397837315	0.0050963767499998
FAM98B	False	0.0403875888106341	0.0208524073989951	-0.225876064776317	-0.426633967499999
DKK3	False	0.0411973371562796	0.269049147127811	0.636162453983721	-0.16227054025
RAB13	False	0.041964930556996	-0.522120700915661	0.0629769774966613	-0.66875276175
RAB11A	False	0.0421470680031271	0.126489301945914	0.299321255242249	-0.0496771605
ERH	False	0.0426268893823479	0.164071240683205	-0.338872110242717	-0.329449731
ARL14EP	False	0.0426715904274951	0.294558164649073	-0.0156490971299608	0.520054049
DDX46	False	0.0427275883218135	-0.0639662273997246	-0.483280967643363	0.0570831822500001
PPP2R5B	False	0.0430215327612001	-0.0904512022976705	0.530106419117493	0.2419972395
TRIM13	False	0.0430215327612001	0.471250863784798	-0.074811230303883	0.3514312265
MRM3	False	0.0431579087199809	-0.340612326720704	-0.42579845282658	0.0074979539999999
SPARC	False	0.0434390874506843	-0.0254916626323336	0.337210331454974	-0.0236778275000003
TIMM44	False	0.0438826768197003	-0.538851481895529	-0.344405484604764	0.0704386260000002
TRA2B	False	0.0445073609782423	0.03842610028682	-0.331601219293601	-0.18229157575
ZDHHC2	False	0.0445812616163337	0.371202446794233	-0.120548001766935	0.95216702175
ARL4A	False	0.0446277619579531	0.33686643634733	-0.112212967565721	0.496351784
CS	False	0.0446277619579531	0.0125704145005709	-0.315740226644154	-0.14970542775
SNAP23	False	0.0446680800027484	0.446051283339726	-0.0361807142663304	0.5937380475
MBNL2	False	0.0450037352165079	0.642693411559542	-0.693202855471143	1.01440740225
TCF25	False	0.0451323396769276	-0.56118466392923	0.0572715587632304	-0.605669322
TMED2	False	0.0453906277298424	0.452495706366985	-0.0534785006556717	0.4787763005
FBXO11	False	0.0456349033723576	0.2519266449942	-0.118065516591796	0.71244568075
IER2	False	0.046012477385079	-0.0116359748483887	0.138438976787191	0.73028145725
UBR4	False	0.0463363678261618	0.054034777968381	-0.0102714829801851	0.86721514575
EFNA1	False	0.0470258688474522	-0.0826063643014798	1.36593153399877	0.162305778
HDGF	False	0.0472758825592946	0.0029668894853696	-0.35512069324817	-0.0638092102500005
ARMC6	False	0.0478951125176249	-0.508285759050764	-0.305589827279925	0.04826130425
MOB4	False	0.0479111468364728	0.379286057470464	-0.0120712457833037	0.53469254675
CNNM3	False	0.0479756528320355	-0.0995378883333107	0.286298506214719	0.507126326
TBC1D20	False	0.0487619704841828	-0.0706604643515245	0.316548118452066	0.2030994775
RAB1A	False	0.0490682909942824	0.113334514634413	-0.0074450227397999	0.69158577675
NIPSNAP1	False	0.0493182380530113	-0.320009195253798	0.115230253938645	-0.53348641525
BAHD1	False	0.0495462517798024	-0.349633219036416	0.160746892647841	0.67030789825
ZBTB22	False	0.0498666101938265	-0.0798200606064028	3.4300575811311	0.38797548675
NQO1	False	0.0498937768767474	-0.207492630197542	-0.692073015435977	0.52323621475
RIN2	False	0.0498937768767474	0.174697475878007	-0.234427363674465	0.69673269525
SNX7	False	0.0498995255967487	0.395657121327398	-0.0395775290906535	0.451760398
ERGIC2	False	0.0499895530975937	0.304375277124264	-0.0459564699082122	0.43199883175
PSIP1	False	0.0499895530975937	-0.201154787130622	-0.45512281885592	0.18440282175
KATNB1	False	0.0501340674754576	-0.52409133062545	-0.139707305869566	-0.04991951325
SLC44A1	False	0.0501340674754576	0.334364231348448	-0.0549018513448987	0.625943401
GMPPA	False	0.0502122578175635	-0.3215918723593	-0.510572470078464	-0.15418291225
SACM1L	False	0.0502122578175635	0.648260588390594	-0.142415741174451	0.77652423125
SNU13	False	0.0502122578175635	-0.247591533623187	-0.154347385519107	-0.1412906725
DGCR8	False	0.0503525121428325	-0.308134469607079	-0.262876830014235	0.0420386375000001
SRPRA	False	0.0503525121428325	-0.359823249246988	-0.104204557389601	-0.0244030662499999
THAP12	False	0.0503525121428325	0.101932758741664	-0.0388967577039949	0.76832330925
DEGS1	False	0.0505314155545669	0.279517373507465	0.0295349648069747	0.48240301325
TUBB4B	False	0.0505920473160469	-0.826759581283957	-1.0964422434536	0.339170677749999
ZNF703	False	0.0507986797601893	-0.17143998678971	0.0503365136772045	0.9911180255
RGL1	False	0.0511304493359019	0.219777716152933	0.237250768403161	0.2488606765
CDK5RAP3	False	0.0511395883546249	-0.554951414747668	-0.0404257417617311	-0.32905186375
FAM50A	False	0.051215270419386	-0.453372724064467	-0.011528458075178	-0.67624297925
MKKS	False	0.051215270419386	0.0523371034675479	0.0303906465186161	0.57762410325
AP3D1	False	0.0514627291046477	-0.486923186053859	-0.533293750800819	-0.0389402007499999
COL5A2	False	0.0514627291046477	0.0975623289325434	0.479505058572399	0.44909791725
TRAF5	False	0.0514627291046477	0.129783435102268	0.499891022223484	0.1116575825
G6PD	False	0.0514754220484089	-0.77626933412602	-0.607004360444048	0.0922142172500001
FAM131A	False	0.0516038897979408	-0.292117289179993	0.369131708207624	0.71678917225
PTGR1	False	0.0516855239298335	-0.417069596637004	-0.118349863557072	-0.0410346765
ADAMTS1	False	0.0518001820402929	0.464567972709597	0.433807188069489	0.21361262525
TM2D1	False	0.0518001820402929	0.246016788752681	0.190595176843022	0.12156800575
TPM2	False	0.0520063711637012	-0.578304731748489	-0.216370575656838	-0.372534936249999
HSPB1	False	0.052050853132718	-0.561411684949105	0.269332947290643	1.15640389375
IDS	False	0.0521054723181958	0.120893073191462	0.371152727909136	-0.0548782039166666
MRPL18	False	0.0521054723181958	-0.132305201402338	-0.310758654003819	-0.10042654975
NOP58	False	0.0521054723181958	-0.301062205047595	-0.361743965721701	0.0785663032500001
BRD9	False	0.0521389255997773	-0.347632679674825	-0.120853679014938	-0.13452532725
DHRS4L2	False	0.0523454237657961	-0.257053619307846	-0.795840193881741	-0.27688353825
CAPZB	False	0.0523729410318807	-0.209885186411295	-0.0581004745498266	-0.2675837945
LBHD1	False	0.0524485015020725	-0.300063581647917	-0.654027394145473	-0.23808000475
SSU72	False	0.0524485015020725	-0.0553627790479796	-0.298800034228369	-0.0645311682499998
LMAN2	False	0.0525096704396744	-0.781631266128452	0.0187855507167125	-0.41577831275
PIGU	False	0.0525096704396744	-0.14740244339247	-0.818882402165493	-0.26296981175
PLCG1	False	0.0525096704396744	-0.380067827673409	-0.0192146215089242	-0.23491357025
UBXN4	False	0.0525096704396744	0.302375587110527	0.0523535009646121	0.43466967175
CC2D1A	False	0.0525381924710095	-0.727255544710592	0.0113129124589682	-0.34337163875
CABIN1	False	0.0525448347465982	-0.585922823468656	-0.125617578453498	-0.0421542655
PTPN1	False	0.0525739404704804	-0.29011523208378	-0.218721886491944	-0.13549145825
RPS6KC1	False	0.0525739404704804	0.322220681615569	0.037105478306569	0.27175303575
SEMA3C	False	0.0526683126934335	1.3706479646711	-0.139197643230444	0.605821952
RAB3GAP2	False	0.0530754462383925	0.455578905589932	0.161011134143363	-0.0137428294999999
AK6	False	0.053135877054619	0.337621562959847	-0.483510020082366	0.650171507625
ANXA11	False	0.053135877054619	-0.489550207893768	0.0055334222591882	-0.4415138
TMEM167A	False	0.053135877054619	0.538274787134396	-0.0009098471107433	0.31517473825
MAPKAP1	False	0.0531529311202128	-0.323495426646558	-0.129875198865051	-0.000603202
SSNA1	False	0.0531529311202128	-0.713184823139008	-0.275956632060196	-0.0158624952499999
EIF2B1	False	0.0531649611313699	-0.20817498112105	-0.823056766513657	-0.1049261905
PPP2R1A	False	0.0532796989794954	-0.55032668980692	-0.0635440708556274	-0.194859476000001
HELZ2	False	0.0533101293431267	-0.43699181441693	0.787535759020408	0.357413186
SPCS3	False	0.0534049653459857	0.327278945585139	0.0355547599570887	0.3298166495
TCN2	False	0.0537181941414724	-0.593448683901122	-0.003716209711829	-0.52937261775
GOLGA3	False	0.0537614945086523	0.19999211346159	2.90531995787566	0.20374209075
AP1M1	False	0.0537667345923413	-0.506785084763124	-0.294376189502593	0.09105544225
ICE1	False	0.053870013060921	0.174498473244769	-0.0194657603192692	0.62441563075
DSN1	False	0.0539555048143942	0.0768050187456764	-0.678630328260427	-0.4348576215
KMT5A	False	0.0539555048143942	-0.315137689076034	-0.0817000298864343	-0.2110594405
RYK	False	0.0539555048143942	0.166766707405262	0.0924162565780922	0.3379331535
YPEL3	False	0.0540951109253049	-0.293855511050507	0.874742706681941	0.234152716
MIIP	False	0.0541843670183091	-0.743361288251844	-0.382765710586659	0.070862761
GBP3	False	0.0542289517899638	0.465537733935573	0.259132139250243	0.120456772
CHKB	False	0.0543092004377729	-0.140316959312905	0.146989951409697	-0.63260395325
FAF2	False	0.0548529439676676	0.140595630818616	0.0664260026862538	0.4016673575
MRPL28	False	0.0548529439676676	-0.734118832892159	0.25195703534389	-0.772137348000001
PYGB	False	0.0556347169107764	-0.539806538430228	-0.0876392443777991	-0.2332959565
MRPL10	False	0.0557017246126312	-0.571876937857681	-0.0821963032149276	-0.013022029
NAB1	False	0.055733973084361	0.460916389120817	0.054166558965389	0.36815872425
ARIH1	False	0.0557561369296207	0.204102914652124	0.105558588005006	0.18757101825
SRSF9	False	0.0564238315092395	-0.0073384920734653	-0.236800625764309	-0.17130694325
GPI	False	0.0564605533625899	-0.2821582782204	-0.268127547939113	-0.1811020265
WDR13	False	0.0564605533625899	-0.648259232560979	-0.080351867554648	-0.3041733645
CDIP1	False	0.0565625917121017	-0.338228793002659	0.610000374479734	0.44697504975
LSM6	False	0.0568180434398007	-0.0805044356421449	-0.563057849194466	-0.0403715750000002
FARSA	False	0.0569390510474431	-0.848673715677659	-0.124278342494551	-0.0624517607499999
GPSM3	False	0.0569390510474431	-0.596384129732987	-0.459320913608492	-0.11881956
STYXL1	False	0.0569390510474431	-0.24224772979218	-0.170528910013132	-0.28416054125
TMEM214	False	0.0570139953945317	-0.260382505552136	-0.107262266253091	-0.20446363425
HSD17B10	False	0.0570329817512051	-0.635097897646153	-0.573118226696398	-0.22045007175
XXYLT1	False	0.0572224565631077	-0.13698291482914	-0.0058144807331448	-0.615666906
ACOX1	False	0.0573515229715109	0.375836920217724	0.0985841964552092	0.15169936725
BACE2	False	0.0573515229715109	0.208947082548164	0.349276224159938	-0.28430144525
PTPN12	False	0.0573515229715109	0.32668604466205	-0.0450543665950001	0.671501354249999
TACO1	False	0.057554975886868	-0.242915543112659	-0.119155038552019	-0.31530623825
NUS1	False	0.0576202809492826	0.52626086493419	-0.0706376889018374	0.561282148
PRCP	False	0.0576202809492826	0.0105784961773452	0.589697661367017	-0.02177667925
MAGED4B	False	0.0577854456741455	-0.254886391161456	-0.800981520582657	-0.4213517465
RABEPK	False	0.0578959791736699	-0.284329072310447	-0.343066644129274	-0.20916106375
RAB2A	False	0.0579426803978257	0.379855357520373	0.0480149333738353	0.13750800025
GSDMD	False	0.0579574853117871	-0.556668257734543	-0.20876792751039	-0.4155723575
NUMB	False	0.0580214548679394	0.192275483559712	0.0446819543638064	0.4742279985
STMN3	False	0.0582092657861644	-0.879404333733355	0.444906852681896	-0.363575892
RPS6KA3	False	0.0586570249397656	0.245168731258648	0.252401678663799	0.196849238
NABP2	False	0.0589363311687255	0.0197603670392068	-0.275335109838077	-0.2240951895
NAT9	False	0.0589799444435389	-0.556962453905463	-0.129430642102728	-0.1244207185
HARS2	False	0.0590334154917073	-0.234225433216288	-0.361500836427781	-0.092982764
CLIP2	False	0.0591384804099906	-0.516251595867137	0.614276800458285	0.68587070625
FBXO38	False	0.0591384804099906	0.242352133829993	0.144445570450296	0.37228859525
MAPK7	False	0.0591384804099906	-0.409601828257806	0.0945758396471774	1.04188307975
ID1	False	0.0591742204427973	0.129904588969721	0.0168413540103467	0.70022571275
RAB34	False	0.0593135128447858	-0.151383084344639	-0.276779497593603	-0.17997583925
EXOSC10	False	0.0593357459983153	-0.033687773001791	-0.338088035461772	-0.04801559
NOP16	False	0.0593357459983153	-0.694329384392737	-0.270586474491158	-0.0172259212499999
LRPAP1	False	0.0596980994120379	-0.45408684246552	0.0385688047196702	-0.4429684875
JAZF1	False	0.0598694262711619	0.445036541930304	0.0366318042094287	0.1766975605
AMIGO2	False	0.0599061655021559	0.422022246060341	0.084406040180089	0.42848072125
CGGBP1	False	0.0599061655021559	0.412797698804628	-0.0292196873161137	0.42068182275
KLHL7	False	0.0599061655021559	0.443104257370433	0.0942852608919269	0.21857008775
GLIPR1	False	0.0601902604132298	0.476737687720844	-0.103152546968055	0.61598844325
UBL7	False	0.0601902604132298	-0.493588117024472	-0.144353647899415	-0.031330366
NRM	False	0.0601926236664915	-0.535234662544723	-0.938324140786877	0.07286894775
SPRY1	False	0.0605556127858815	0.734245081216607	-0.134977862887816	0.539673678
RPS6KA4	False	0.060710228038146	-0.37209078627493	-0.224526164137798	-0.20126700625
SPATA18	False	0.060710228038146	0.20105698314442	0.4430981794932	0.0451822555000002
PIGN	False	0.0608914754105593	0.0973791669998603	0.235529638638207	0.13814351925
DNTTIP1	False	0.0611707684938996	-0.621159565005146	-0.0611247230515408	-0.21622991675
QPCT	False	0.061269927236815	0.602076250851943	0.14479227631119	-0.0195815115
PRKACB	False	0.0613057689493203	0.303951793708464	-0.0250998878246627	0.722046819625
SRSF8	False	0.0616431823369704	0.180841051914185	0.639233523749696	0.11304067
PIK3CA	False	0.0616437346867256	0.599358156787441	0.0414159444706685	0.121147114
SPAG9	False	0.0616437346867256	0.328690498756121	0.145629972224643	0.238545675
GGCT	False	0.0616475968507607	-0.151336922968413	-0.501557563164897	-0.0226053445
DSTN	False	0.0618629843852106	0.41983865147408	-0.0320071697201048	0.52211604125
PICALM	False	0.0618629843852106	0.385566350884299	0.0965163635677548	0.21492484
SYNM	False	0.0618629843852106	0.329266186342217	0.0735220370502447	0.447625703
OSBPL1A	False	0.062235254468173	0.0714010368541911	0.144315238954383	0.2756128235
LIMS1	False	0.0622405949977106	0.204338895295478	0.307000843667858	-0.0569959195
SORBS3	False	0.0622719371623301	-0.832948171530406	-0.0560946991467572	-0.26763756775
MEX3D	False	0.0627506096678425	0.142801258930257	0.530534117100714	0.43113300575
NFKBIZ	False	0.0627506096678425	0.584751970477197	0.268891971333527	0.1698466125
SIAE	False	0.06282194660998	-0.210968050074341	0.578043200557556	0.13130013925
ATAD5	False	0.0629078433246947	0.13617349173968	-1.00636570101022	0.0762610665
MICU1	False	0.0629078433246947	-0.273846983297132	-0.126959726994068	-0.174971873
SCP2	False	0.0629078433246947	0.0700663569440128	0.0288087722922068	0.5244932205
GAS6	False	0.0629629634153097	-0.424196073785096	0.753237845330577	0.117165653
RAB35	False	0.0632145810903997	-0.274427597462363	-0.199498819649476	-0.04627661675
POLE3	False	0.0632339457418695	-0.298435500786495	-0.255537169948425	0.0604494215
SNRPF	False	0.0632339457418695	-0.380285750474739	-0.669966430243724	-0.31351145925
MORF4L1	False	0.0632550493408215	0.324058681403692	-0.0812599211452163	0.84967600525
CHCHD3	False	0.063326367097079	-0.0465445979536829	-0.343871815540108	-0.0411724380000001
CAPG	False	0.0638558033934976	-0.603629545554784	-0.238719556078126	-0.091105764
APLP2	False	0.0639911378494416	-0.254089880687177	0.514763403399947	-0.0357734417499995
CSTF2	False	0.0641265084258354	-0.362603958267859	-0.390290800145585	-0.196311375
ATP13A1	False	0.0641684885374621	-0.644361942212084	-0.0895603931582665	-0.1133822225
RGS3	False	0.0641684885374621	-0.0829738520385046	0.114562311283566	0.736251986750001
TMEM161A	False	0.0641684885374621	-1.07511568494708	0.134846324863601	-0.2750044275
NIPBL	False	0.0642290112253425	0.249054867410058	0.0502965243295535	0.27703848375
SLC35B3	False	0.0643879941623292	0.467802075519787	-0.165116294059545	0.3519278505
DDX39A	False	0.0646849304509409	-0.153336587976496	-0.458306301775147	0.0163084362500002
LARP1	False	0.0649350368281626	0.0021537553428503	-0.194244815486851	-0.13433144
CPSF3	False	0.0649789807148005	0.0289579563560656	-0.326993246548922	-0.14067734125
PDLIM3	False	0.0650572654707025	0.268060541255913	0.320664329668969	0.16886353175
SLC22A4	False	0.0652708776325653	0.881581459839234	-0.0090132937912006	0.14170848025
DHX37	False	0.0653584870285648	-0.547910466017276	-0.418503384291122	0.19435344925
USP14	False	0.0656746395693964	0.294570257409607	-0.226646824152243	-0.7121338875
LLPH	False	0.0657464282455485	-0.0673923344266614	-0.141855696890159	-0.559562576
NUDT18	False	0.0657464282455485	-0.800257147223106	0.367734242559418	-0.58515714725
CTSA	False	0.0658046107344054	-0.491476763124632	-0.137578515115932	-0.49190757725
SART1	False	0.0658046107344054	-0.961897522629696	-0.302881721091051	0.07391530925
GSTO1	False	0.0660436322251712	0.12307769388639	-0.0192031793808827	-0.857886517999999
LAMC1	False	0.0660436322251712	-0.0550441038481697	0.300995114651352	0.13303404975
GNA11	False	0.0660598612087237	-0.18580159562164	-0.193060153159671	-0.351958066999999
MED22	False	0.0660598612087237	-0.290604162221207	-0.313778443907621	-0.05202239525
PXMP2	False	0.0660598612087237	-0.26980359252279	-0.487051890474583	-0.0273454312499999
SLC25A44	False	0.0660598612087237	0.171218837291946	0.0116962388090118	0.49910781925
TIPARP	False	0.0660598612087237	0.21592403166252	-0.0583791705634011	0.82463913825
CFDP1	False	0.0660975320944672	-0.592001865113507	-0.198302987289977	0.01820509975
DDX3X	False	0.0660975320944672	0.55352994852545	-0.0673690708832027	0.89669802725
NCOA6	False	0.066214830047109	-0.0601354501034885	-0.288821341807338	-0.0331057602500001
TBCK	False	0.0662962528856001	0.203885786163367	0.251729807795922	0.3383932145
CDK13	False	0.0663943895666584	0.310691982683125	0.134851741031562	0.0561648214999999
C2ORF49	False	0.0665588378267223	0.30237834509098	0.0732133655080673	0.26962597075
STK11IP	False	0.06699645828182	-0.35639636747436	-0.16275493891058	-0.170867363
DPCD	False	0.0670238726017223	0.0323647192394665	-0.188952156703569	-0.3545624825
LDHA	False	0.0670512183603456	0.288008512275987	-0.567830218785618	-0.36781484625
C11ORF68	False	0.0670628110093512	-0.462967666997479	0.1568887094974	0.92238071975
LYAR	False	0.0671070690916947	-0.418538816994439	-0.679325563760401	0.0957540259999998
ZNF559	False	0.0675699669848376	0.20557362345825	0.2383841346967	0.2698137645
AK3	False	0.0675742190330413	0.160506758150383	0.285787864985016	-0.0958480465
ACAD11	False	0.0676355244431692	0.37446993711884	0.194021180870476	0.140809298
RAB5A	False	0.0677505762337104	0.345923774945708	0.0539877708122587	0.24750186825
GOLT1B	False	0.0680348640869231	0.75469780482223	0.0209952813540122	0.17228101
TRA2A	False	0.068063799496127	0.208064447106448	0.115427910704364	0.31077393025
CHID1	False	0.0680976806631107	-0.665916147541823	-0.0865064843526264	0.0387835202500001
ERCC2	False	0.0684567922057097	-0.43543252154441	0.24582808120553	-0.501388976
PCNT	False	0.0684567922057097	-0.160300589098941	-0.405841450713083	0.0767486277500004
TCF7	False	0.0684567922057097	-0.371047549534677	0.0196192449269608	-0.73585659725
DHRS4	False	0.0688458881847932	-0.31302343630966	-0.060039959269707	-0.4174444785
EIF4G1	False	0.0696259465879279	-0.376950876695505	-0.129951055049995	-0.07605002175
RBM38	False	0.0697920155502607	-0.533069023744746	0.270452917018227	0.72613504
PARP9	False	0.0698044328540142	-0.0622498562828464	0.424581574836592	0.19207423625
PIGS	False	0.0698044328540142	-0.537736729614154	0.0407041670015014	-0.31853251025
VKORC1L1	False	0.0706847941591762	0.090726543995916	0.141114073301926	0.269392051
TCEAL1	False	0.0708459095901209	0.47606011824906	0.0548419221011103	0.23531749325
PQBP1	False	0.0709201471886608	-0.682521640026921	-0.469531774946332	-0.0164944155
CRY1	False	0.070962852931158	0.515297873196894	0.0502063900550942	0.1988815185
PPP1R7	False	0.0712029753363585	-0.109039869982517	-0.256063795972228	-0.08483744025
NDUFC2	False	0.071481167121624	-0.0373836228967228	-0.090351785638263	-0.8097941215
TIMM23	False	0.071481167121624	-0.127649469618873	-0.171467689642519	-0.193455495
SNRNP70	False	0.0715994634890848	-0.536156996548904	0.0290752112156811	-0.44085469825
C1ORF52	False	0.0720749900329081	0.349982336444564	-0.0640291164296656	0.48808531475
MLF2	False	0.0720749900329081	-0.401700844196174	-0.460042342396134	-0.06227277475
FAM3C	False	0.0721447978499796	0.522566282656057	-0.0065667850271964	0.357630308
CMIP	False	0.0727035615053171	0.0067328039377088	0.229151731186036	-1.11467140475
RNH1	False	0.0727319971457048	-0.878104677208485	-0.0928938723657513	-0.0792134609999997
ST13	False	0.0729692953992471	-0.0734784883338531	0.0142361844833321	0.798870746
EPC2	False	0.0734498702203116	0.278485365096685	0.0238975056850901	0.3868335815
TOP2A	False	0.0734498702203116	-0.171084828613092	-1.48937865064604	0.4533424475
NRSN2	False	0.0735215320157616	-0.52001153609662	0.0250072872195393	-0.32581128675
HECW2	False	0.0738468937701298	0.438152243054491	0.0534120922360426	0.327572965
MICAL3	False	0.0738468937701298	-0.158907336673839	0.182941731801084	0.316785462
PLP2	False	0.0738468937701298	-0.607696226315493	-0.25819289107778	0.053730258749999
LMO2	False	0.0741173350743248	0.0256825357146466	0.344805182327718	0.23967663475
MRPS11	False	0.0742840998971015	-0.455760594782873	-0.0665813929888781	-0.23536588175
TEF	False	0.0742840998971015	-0.22371953472817	0.750122541553436	0.374876638
MMS19	False	0.0742973841704136	-0.253762445853907	-0.0466761745632978	-0.25732302075
PSMB1	False	0.0744206359961789	-0.0966189513779909	-0.0452313757065932	-0.6743894565
PIK3IP1	False	0.0744883729997684	-0.411306063620349	0.273963478408991	-0.34300507675
HDDC3	False	0.0745977720921542	-0.45280446595912	-0.11797671151998	-0.308163006
NLN	False	0.0746725775050634	-0.124624571147304	-0.374704695988257	0.15839556175
UBE2D3	False	0.0746884095217153	0.18256725807769	-0.0302941485904089	0.55771687925
MECR	False	0.0747043773802084	-0.63880265927125	-0.461582954607863	0.05742573625
CD93	False	0.0749230905990012	0.127099714491296	0.303525428136593	-0.21995570675
TTC19	False	0.0749230905990012	0.11451114136952	0.266588367494891	0.01958761675
GDE1	False	0.0750315557316936	0.0824966411179986	0.173916597632239	0.1081214905
CD320	False	0.0755750208115811	-0.439166841512806	-0.139992372761089	-0.34272989825
KCNK6	False	0.0758742831728646	0.117064674818425	0.433899961973035	0.130759247
COPS7A	False	0.0760827677786828	-0.471526569565522	0.0250867342372541	-0.2844244915
TECR	False	0.0761364042397381	-0.609181106568401	-0.49526323806543	0.26289874575
NCLN	False	0.0762772083894901	-0.65196913500829	-0.416747052949739	0.01967036075
BABAM1	False	0.0769795042276402	-0.441371516140476	-0.137574090329929	-0.0729431802500002
ZNF419	False	0.0769795042276402	0.0455949314780551	0.29663618183941	0.2858996885
TBC1D4	False	0.0770423858195614	0.727395711378197	-0.152476032765863	0.52689568375
PHTF2	False	0.0773333266207152	0.718938622892957	-0.152534223514675	0.55642097
VDAC3	False	0.077429967138042	-0.0873844201416096	-0.432674583030689	0.0654927697500001
ARFGEF1	False	0.0777098780654408	0.447036441476384	0.0158524411616412	0.155470413
ZBTB8OS	False	0.0778225637650818	0.224274708747343	0.615121537933571	0.18214257575
BLVRB	False	0.0778533439238269	-0.815107799792786	-0.240711390248808	-0.31423137825
NUBPL	False	0.0778533439238269	-0.184029195766303	-0.146551154688146	-0.591609051499999
TPRG1L	False	0.0778533439238269	0.0326796450961382	0.326448830903602	-0.058127482
RFXANK	False	0.0780919085496535	-0.570173059527985	0.0408839037612889	-0.425460755
BRPF3	False	0.0782326604064698	0.201897652969326	0.0093071063368439	0.42918608425
NAV1	False	0.0782326604064698	0.0585242280521383	-0.052632133976747	-0.702096313
ZNF281	False	0.0782326604064698	0.511766379209	0.060249976332563	0.228086059
LEMD3	False	0.0784447880948392	0.38104627853699	0.0573665389952538	0.39734095525
PODXL	False	0.0784447880948392	0.206326344737761	0.094788059204781	0.29847414575
PSMD10	False	0.0784447880948392	0.183587122468317	-0.033638098631096	0.670722562
SERPINB8	False	0.0784447880948392	0.0443560952846669	0.112589202896226	0.481660452
LIME1	False	0.0784530552226872	-1.07492366236925	-0.540152877163514	0.161076268
TMEM141	False	0.0785376727100369	-0.90712047985334	-0.0587500041531435	-0.200262659499999
GYS1	False	0.0786269299720682	-0.3035576352223	-0.0097402288505792	-0.36686822675
HIGD1A	False	0.0786269299720682	0.380450928012742	0.182266008143511	0.41384524075
RBM14	False	0.0786269299720682	-0.220906777757493	0.57204543415012	0.9192463315
CNDP2	False	0.0787653164956436	-0.398114167598428	0.0045276965093439	-0.25032375275
PDHX	False	0.078901669583052	0.360605587505507	-0.089435677569437	0.3827119235
RPS29	False	0.079067677792923	0.477061791658903	0.185880409505855	0.102670942749998
CRELD1	False	0.0793038254900262	-0.923843059036389	0.254652068226633	-0.1403190165
DLG5	False	0.079830312170726	0.112802742908702	0.568078898768996	0.25416577875
GLIPR2	False	0.0798476197240163	-0.315163283298864	-0.0127771556484655	-0.404712888
MRPL57	False	0.080116247648951	0.0525284017282637	-0.14648673146812	-0.63648958475
MRPS30	False	0.080116247648951	0.375374014984974	-0.0183553381330022	0.28775427125
CDKN2B	False	0.0803133156635049	0.21841422339332	0.355635979477637	0.224800005
CPSF1	False	0.0807415469361883	-0.738231952501473	-0.102603714623368	-0.01601734075
EFR3A	False	0.0807415469361883	0.438283763797684	-0.0904695354304037	0.71706508625
ZNF579	False	0.0807415469361883	-0.0499360498534633	0.721487823600489	0.35419371175
SLC2A6	False	0.0807650412939059	0.158869275534555	0.451115539585531	0.0520947775000001
ZMAT3	False	0.0809137449881954	0.328297163212979	0.452022956638825	-0.4697893905
LIPA	False	0.0812453091151661	0.305785717680148	0.0989002046812422	0.12756059825
HTATIP2	False	0.0814272299969772	0.428200702205616	0.11956806244747	0.0187211295
TRAPPC2L	False	0.0814450760845497	-0.235306438321125	-0.176324478648048	-0.224499970999999
IER3IP1	False	0.0815342174719799	0.29428874395018	-0.0531237340610336	0.525483798
CCDC124	False	0.0817789037046648	-1.04689456379116	-0.111381757372836	-0.238575711749999
CNTNAP3	False	0.0822373644832798	0.0240160458159142	0.48945759319655	0.10909352125
G3BP2	False	0.0822373644832798	0.392269611011808	-0.0927301149044002	0.83835770525
TSPAN4	False	0.0822373644832798	-0.811618640518506	-0.0768738965462852	-0.19280255375
HPF1	False	0.0824637769885097	-0.218290587096357	-0.274779716695809	-0.0552295289999998
SUN1	False	0.0825976571829988	0.189512900953247	0.131960705140678	0.13139068425
TMEM203	False	0.0825976571829988	0.12173590635146	-0.0460404785585107	0.6139282305
ALDOA	False	0.0825989408825097	-0.638504130880042	-0.563742772121236	0.0423386452499992
DDX41	False	0.0828605463573195	-0.543748680517526	-0.142767397882373	0.06942360125
TSPAN6	False	0.0834114598498197	0.534688486948562	0.156588577036563	0.16498873725
CCDC106	False	0.0835783118254612	-0.6516269979619	0.33149656733563	-0.496782021
EML2	False	0.0836944671115215	-0.65068732529125	-0.110377495865284	-0.04346935675
LSM2	False	0.0836944671115215	-0.103506798914459	-0.967040810555533	-0.37950510625
FLNA	False	0.0837683309496358	-0.676980909899449	-0.150106968700921	0.13697525625
ISCA1	False	0.0837843764612597	0.31288393413188	-0.0121657652121643	0.32713614825
PDGFB	False	0.0839311189031324	-0.0772042542360021	0.424445755356357	0.39694837825
MAP3K5	False	0.0840411543702697	0.275746031181123	0.350226468436056	0.0453377372500001
TM6SF1	False	0.0842638329300572	0.767816753145987	0.484511055983367	-0.0388251907499999
UBXN1	False	0.0845668516563907	-0.687765939539486	-0.410826922722185	-0.194143824499999
VPS41	False	0.0845668516563907	0.198029113634888	0.311136458872776	-0.153752729125
HDHD2	False	0.0851371641196528	0.355556172945304	0.0951467637375454	0.1913680035
DNAJA2	False	0.0853995154961973	0.277004549479122	-0.0518989313630236	0.439030664
NELFE	False	0.0855817404956661	-0.230666576202373	-0.127103112706248	-0.26609233225
TXNDC12	False	0.0861531219125565	-0.1767687913335	-0.787874531189906	-0.22877466275
CREB5	False	0.0866137731054774	0.910296377245605	0.130318793312642	-0.131671648
ENG	False	0.0866137731054774	-0.487717729100602	-0.447779568126077	-0.20674287975
UBE2E1	False	0.0866431993923781	0.383103088429707	0.354739172929158	0.225422823
AP1AR	False	0.0867198561920083	0.454093572013141	-0.285440153905895	0.47507177225
SLC1A1	False	0.0869857288777722	0.469277563993111	0.0505196938708723	0.265748269
POP4	False	0.0871777901297757	0.0212961688309496	-0.183387152274423	-0.41943763875
SAR1B	False	0.0871777901297757	0.402850672424301	-0.0254209668658998	0.42715484325
ECI1	False	0.0872873747634222	-0.406293884767461	-0.225472498409928	-0.130572711
RUVBL1	False	0.0872873747634222	-0.440757003018529	-0.0429861055513218	-0.217002863
XPO1	False	0.0880097399687067	0.238919160524939	-0.0303397122755511	0.57117534425
DUSP1	False	0.0880244154374919	0.160864776715047	0.577591061673417	0.1779811245
HTRA1	False	0.0880850850376818	0.20393463625986	0.605762660942141	-0.595405928
NFAT5	False	0.0880850850376818	0.733571642947711	0.419473368105718	-0.236024652125
AKTIP	False	0.0883366242190874	0.281360729863277	0.114102406202182	0.1853826385
NCOA4	False	0.088765489447923	0.283869503175839	-0.115347258979862	0.64407741925
SRGAP1	False	0.0891736848444125	0.251127622052214	0.175029442069492	0.07424805475
SENP6	False	0.0892280722505492	0.218830772703054	0.0054256147759081	0.4037734715
XPR1	False	0.0892280722505492	0.210283257358184	0.148081542031796	0.1601802355
UGP2	False	0.08933723760052	0.15339904036647	-0.506774215671775	0.6904995855
MZF1	False	0.0893554946248347	-0.375756082871001	0.704091304166072	0.3769537355
IFT20	False	0.0897984937908748	0.352348191166684	0.231314661189558	0.1026411635
TRIM39	False	0.0899062652476436	-0.0552417191606365	0.645314324534647	0.52283040625
BTBD6	False	0.0901502086464103	-0.0505737368851609	0.670892704925767	0.31584585425
COQ9	False	0.0901502086464103	-0.53925250785195	-0.0354356415866297	-0.1789924035
MVP	False	0.0901502086464103	-0.869480364113453	0.0267751309445918	-0.45224087975
TMEM184B	False	0.0901502086464103	-0.0664674024160616	0.193633537413692	0.1616886885
ARV1	False	0.0909905198534293	0.270204562425787	0.0619338741186661	0.2806676355
EIF4EBP1	False	0.0909905198534293	-0.576998463390024	-0.41743276215858	-0.0295600207499998
PIGF	False	0.0909905198534293	0.279297796024013	0.137404007320253	0.21921982925
NTHL1	False	0.0916028659595415	-0.478854581057386	-0.513672059617745	-0.14104371775
OTUB1	False	0.091873473881636	-0.525530153452341	-0.038359808584695	-0.145582477
NAPRT	False	0.0919158538847889	-0.76630235462234	-0.286372088793251	-0.264096504
NNT	False	0.0919158538847889	0.376916423559289	0.185937523072291	-0.0934037122499999
PHLDA3	False	0.0919158538847889	-0.615454828232974	0.834002498395821	0.51335801575
UBTD1	False	0.0919158538847889	-0.748246469781649	0.547550427931269	0.51381400525
MALSU1	False	0.0919921544511901	0.624616166926497	0.570290107090901	0.0739002177500001
COPB1	False	0.0922830335559462	0.311966006774901	-0.0837717870259125	0.5666802315
ACTB	False	0.0924039520642714	-0.159261826623	-0.270626493738813	-0.14262136825
CALCRL	False	0.0924039520642714	0.253148378056109	-0.124423700172988	0.78742029175
SEC63	False	0.0924039520642714	0.0010329821271604	0.0362206155574079	0.61758435575
SNRPD2	False	0.0924039520642714	-0.0588042370430362	-0.177085237540621	-0.246261029999999
B3GALNT1	False	0.0928032430847155	0.195401897345604	0.0510867669906903	0.320185067
PMEPA1	False	0.0928918064577495	0.141418250008634	-0.101533795862983	0.64965925575
TMED5	False	0.0928918064577495	0.300998202740271	-0.0548565915601111	0.73334817125
ELF2	False	0.093064586955181	0.311840893410744	0.0254522260243339	0.34385698975
PEX16	False	0.0934686553212992	-0.874630739601847	-0.0323834527425486	-0.17752279225
FUBP1	False	0.0936225724413271	-0.0916556155848127	-0.38819427578688	-0.0009387170000001
NBAS	False	0.0936282542031529	0.317260132103846	-0.0034146743414753	0.22136190425
RABGAP1	False	0.0936282542031529	0.0478401646266482	0.241684261119696	0.18623898725
CALHM2	False	0.0936733300142506	-0.645360063291848	0.422719136536035	0.67236740525
RPS27	False	0.0941201121696088	0.349362064762886	0.130775897480527	0.160040328500001
UNC119	False	0.0943558674434086	-0.648207193966002	-0.0024230974235832	-0.1588633155
NAP1L1	False	0.0943749373992459	0.0976346458774824	-0.0457440069712654	0.7810594415
RAB5C	False	0.0943749373992459	-0.861243276704627	0.138492857365095	-0.2262094845
TOPORS	False	0.0943749373992459	0.175078150470219	0.163831354600141	0.14052609675
GNA13	False	0.0945098436099326	0.592291704327243	-0.101137399579818	0.45854598075
WAC	False	0.0946075518281342	0.310818780420403	-0.0443323219008907	0.433957452
HADHA	False	0.0946597165630499	-0.191194964355066	-0.0873900465244741	-0.12596697225
GUSB	False	0.0946606265201626	-0.266058269391501	-0.126773557264562	-0.134937335
SLK	False	0.0946606265201626	0.407251624911552	0.037781621341999	0.21530759925
C2CD2	False	0.0947635564431897	0.105380336178093	-0.0554057843821925	0.60002435875
PHF5A	False	0.0947889439624405	-0.262512420925166	-0.482134850332341	0.215637432
THEM4	False	0.0947896847014659	-0.143508741421654	-0.100568175578959	-0.22107955
EGFL7	False	0.0951199298476442	-0.984625946901518	-0.247323205967156	-0.0453582772500001
NMT2	False	0.0951199298476442	0.29329187202568	0.255400159441205	0.0602444545
CFAP36	False	0.0951762158285855	0.0620906731384761	0.177834370785787	0.250195569
DDX5	False	0.0954594968477016	0.0747591156725633	0.242341583194314	0.35135313725
HSPH1	False	0.0954594968477016	0.36395565468867	0.0407808292523519	0.53754449425
ARID4B	False	0.0955871123493114	0.279360493013088	0.0352634932509428	0.213725281875
TSPAN10	False	0.0957032107698403	0.225648473971025	0.827003132794686	0.21919097
YRDC	False	0.0957032107698403	0.465856484808014	0.145590981371802	0.0845689374999998
GOLPH3L	False	0.0960279210521516	0.378228305141954	-0.0240217847418496	0.27242260425
PPP6R3	False	0.0964108944852784	0.289748757435849	-0.000459942169571	0.2550672125
MTCH2	False	0.09688648267875	0.0216518764347962	-0.11202366200203	-0.36590456925
CYB561D2	False	0.0970677786992529	-0.25288519027082	-0.292858809936096	-0.211017069
TNPO1	False	0.0970753227435373	0.326225632012401	0.1018490725583	0.29599250575
CHMP3	False	0.0973942516170639	-0.0890246213902808	0.203785215729295	0.15970869275
RPN1	False	0.097426904808313	-0.0413144878793581	-0.0816389156075594	-0.480572110750001
MKRN1	False	0.0976848994827457	0.157262074687571	0.132554532592654	0.0960237392500001
SP3	False	0.0977047862678942	0.405750401393733	-0.0491336347961759	0.34359542075
RPL12	False	0.0981613072834101	-0.338965997124497	-0.064086107739616	-0.246811660499998
IL33	False	0.0982639415116187	0.218862255029986	0.836570571051286	0.48862864275
PAIP1	False	0.0982639415116187	0.0731394619674832	-0.0015827705221145	0.58826799325
SLC15A4	False	0.0982639415116187	0.444280888618897	-0.0322199407858994	0.25613340025
TRIM28	False	0.0982639415116187	-0.679069555855866	-0.20475969903837	0.22898927975
KLF13	False	0.0985703520571531	-0.359350107378639	0.217048597388622	0.38363244375
PXDC1	False	0.098576321503411	-0.0815022153776024	0.18003134309992	0.59590453875
GOLGA7	False	0.0986918315183086	0.184839159497463	0.2012092699602	0.2496617325
CDS2	False	0.0987527416297977	0.194187906716234	0.17240770491036	-0.0643389235000002
DCAF10	False	0.0988104332587366	0.29710392681456	0.117034723258528	0.0773594452499998
PEMT	False	0.0989960857662666	-0.460959882515677	-0.198503743502532	-0.070676953
LIMA1	False	0.0991273978497228	0.25146000527426	-0.198522065888755	0.75354619825
NOCT	False	0.0991273978497228	0.35015543616841	0.126299117304863	0.17221762475
SMARCB1	False	0.0993185340531981	-0.849906346806999	-0.160287703486875	-0.06255292425
SUGP1	False	0.0993185340531981	-0.504386423921461	-0.0571940915488023	-0.21322971225
SIAH2	False	0.0996421375178517	0.140207147645193	0.12327988695462	0.261376321
ARNTL	False	0.0996501630175731	0.13567147657545	0.524430123172544	0.283825343
CPSF4	False	0.0996501630175731	-0.19533386480577	-0.509589984459431	0.1473709655
LRFN3	False	0.0996501630175731	-0.338922353320799	0.279935925037754	0.62379411275
UBE2I	False	0.0996501630175731	-0.0853738754158018	-0.227331441379127	-0.23271201225
DUS3L	False	0.0996846669282836	-0.643474898400426	-0.261859991730732	0.012962903
FSIP2	False	0.0999907165234009	0.622515431081196	0.532163026183834	0.20304502675
PDCD5	False	0.1003019719123321	-0.0369799887155402	-0.132290605586764	-0.36145302875
SAE1	False	0.1003992759515927	-0.242147368923943	-0.247128334304734	0.0138914097500007
BRIX1	False	0.1005176473981588	0.0698319047436922	0.0860996201610413	0.510275536
CCL2	False	0.1009713928763707	1.00994460070384	1.52194961498464	-0.27108974875
ZNF609	False	0.1010930475590256	-0.0216972023820352	0.727019151470618	0.280729746
DEAF1	False	0.1013493753152209	-0.427071112115638	0.242663396008867	-0.40997715325
SLC25A13	False	0.1013493753152209	0.491708340178656	1.32898370541985	-0.071513083
GRK5	False	0.101502199147533	-0.4792054105451	-0.29720114914058	-0.085938594
C7ORF50	False	0.1017137798073424	-0.784308933445036	-0.0352346800503058	-0.392594206499999
BUD31	False	0.1023437568335792	-0.092603318883115	-0.176233808195499	-0.44902599375
MRPS34	False	0.1023437568335792	-0.489832065448836	-0.628619287343141	-0.226500846
NUDT2	False	0.1023437568335792	-0.154048283802009	-0.0280699839389622	-0.43143210075
TOB1	False	0.1023437568335792	0.256122602369227	0.163031820945157	0.201761067
ZNF668	False	0.1023437568335792	-0.0560216414212862	-0.0568567727150859	0.67572091325
ZMYND19	False	0.1025107248152853	-0.514563985588837	-0.366797031414436	0.0562243414999999
BCL6	False	0.1033339360620173	0.0043073781516063	0.118914529140644	0.41513895375
NBPF15	False	0.1033339360620173	0.160894212856086	1.58264011487394	0.15539093975
TNKS1BP1	False	0.1033339360620173	-0.525509583905728	0.590227382040059	0.36358496975
NDUFA10	False	0.1036098105447042	-0.274790182134585	0.0091082213111937	-0.47422936225
FAM214A	False	0.103684458601645	0.0578296219534638	0.421377041878308	0.009570673
LCMT1	False	0.1038018956260851	-0.134837239826137	-0.124231832532016	-0.29528450775
UBE2G1	False	0.1038122958005138	0.148119735676963	0.683543324131984	0.2891897255
LTBR	False	0.1038954917879938	-0.623311406148797	0.108567595848163	-0.3838801345
PFDN6	False	0.1041468242582614	-0.608200060289156	-0.289251394712732	-0.0881455842499999
BCAT1	False	0.1041656894116594	0.488896002660551	-0.13465104053842	0.55059982375
ACTR3	False	0.1044785260894664	0.364547760490053	-0.0993112390117412	0.48219882575
POLR2L	False	0.1044785260894664	-0.392091414312807	-0.210425288347931	-0.0764066507499992
ABI3BP	False	0.104997050741311	0.154729964760732	0.0174428326113678	0.70513995475
COL8A1	False	0.104997050741311	0.489447203920717	0.199381473777793	-0.253394504125
COQ4	False	0.104997050741311	-0.11684592191531	-0.0826803075642921	-0.38208454525
ZFP62	False	0.104997050741311	0.0040414658344634	0.191593390785256	0.48171384075
EEF1A2	False	0.105017811934956	-0.904058300502323	-0.309907877315353	-0.212703476499999
PUS1	False	0.1051220111298947	-0.612495554585512	-0.678108659014059	0.27819833625
HSD17B7	False	0.1060145769112427	0.165694199372729	-0.469197105256049	-0.70976369025
SDF2	False	0.1061538204253885	-0.180169907508447	0.178473790072022	0.594964692
RNF144B	False	0.1072602475405307	0.064848971081755	0.400736682281933	0.290970924
DHDDS	False	0.1074938101692474	-0.171419260937766	0.0505120760916249	-0.549228369
GPBP1L1	False	0.1078780875898231	0.180245792364786	0.0860340828566928	0.15328340075
PSMD4	False	0.1080834343129303	-0.367004070609548	0.0577207335099383	-0.3993660765
HLX	False	0.1084395054432238	-0.307923146842207	0.674322553229373	0.60404650375
ANAPC1	False	0.1088423498890889	-0.212669013623614	-0.485080562712727	0.1588798385
HEXB	False	0.1088423498890889	0.012429316525199	0.125661198714168	0.30934384175
SNX15	False	0.1088423498890889	-0.130388779758243	0.201089067697207	0.42341362375
IFI6	False	0.1094811866005141	0.50566431421179	1.22884954209229	-0.140883254499999
KIAA2013	False	0.1094811866005141	-0.312322203168148	0.0216153766850606	-0.44498814775
RBM15	False	0.1095483437920962	0.629161851294316	-0.256778921045862	0.4429996135
SSBP1	False	0.1095483437920962	-0.0102037356269626	-0.262895533264963	-0.1832586195
DCUN1D4	False	0.1097990545062309	0.400523323444315	-0.0630922372804266	0.3799075425
TPD52L2	False	0.1097990545062309	-0.482103118786881	-0.17840388307385	0.13180458775
CD46	False	0.1099209882170758	0.541982456506021	0.002665769241247	0.35951622475
TBC1D1	False	0.1099209882170758	-0.0128336001992624	-0.204306445062473	-0.16522127425
OSBPL8	False	0.1102657400403413	0.55331794864278	-0.114281233507691	0.709024354
RAB21	False	0.1103366223743669	0.19443010184064	-0.0332769598928477	0.521170838
KPNB1	False	0.1104812450020508	0.12019832075757	-0.535186017385428	0.07347584175
P3H1	False	0.1104812450020508	-0.253817713761879	-0.0929875832481457	-0.23397002125
PEBP1	False	0.1104812450020508	-0.151315598054172	-0.0593430216965301	-0.4841936365
SIVA1	False	0.1104812450020508	-0.309377197668104	-0.317870127487745	0.0340369841249999
TBCE	False	0.1104812450020508	-0.134324580879036	-0.330993025065759	-0.0330445972500001
RPRD1A	False	0.1105817302101535	0.547786585267289	-0.199375892571429	0.6544375265
SULF2	False	0.1105817302101535	-0.235072202791719	1.15260209871351	-0.3040948155
TMEM237	False	0.1105817302101535	0.331040678516224	-0.0514768814333211	0.3817874525
RPL26L1	False	0.1106547897986523	0.0070840798973037	-0.231923577062752	-0.351150469
RPS5	False	0.1106547897986523	-0.398898564694377	-0.139921061377514	0.0328225302500016
TPST2	False	0.1106547897986523	0.269782580769298	0.193811417897508	0.10603660475
BIRC2	False	0.1108734646867864	0.574502517736487	-0.365825257767807	0.644146115
LIPT1	False	0.1108734646867864	0.143547967176237	-0.202895727467295	-0.73263401
EIF1	False	0.1112166330630868	0.120763060150296	0.0775064897345636	0.37594043325
ELOVL1	False	0.1112166330630868	-0.322745223157731	-0.113991867162198	-0.0578144519999999
C18ORF21	False	0.111283049333259	0.316944688415812	-0.0804913620994041	0.4731645265
DPAGT1	False	0.1113040100179522	-0.0437350652776489	-0.0482926243063613	-0.41714206125
IFT43	False	0.1113040100179522	-0.466987313844982	0.452733591918602	-0.43742715425
PSMC1	False	0.1117538477885664	-0.007407800312988	-0.187185726574396	-0.1965655115
ALDH7A1	False	0.1118968108594259	-0.226822011982944	-0.0637241684718468	-0.1718220465
JAM3	False	0.1119969877424469	0.1227971597084	0.50614114731695	0.2258843365
LYN	False	0.1119969877424469	-0.25546003434345	0.307991748547756	0.26342610125
PSENEN	False	0.1119969877424469	-0.366340931031678	0.0437356433820719	-0.2860213065
ZDHHC14	False	0.1119969877424469	0.232482590984586	0.36922932995282	0.07907091375
YWHAG	False	0.112005726276862	0.441180357163921	-0.0211399373377859	0.54187351675
CDH5	False	0.1129036215164161	-0.182108898761852	0.368745949970542	-0.0505498304999998
IKBKG	False	0.1130396043176053	-0.688100030088399	-0.293902289500028	0.0500500259999999
POMT1	False	0.1130396043176053	-0.397102794778969	0.117190399595747	-0.37370646225
TAOK1	False	0.1130396043176053	0.432956514758217	0.626230460395374	0.0009125995
PCBP2	False	0.1133945274293122	0.048660921964105	-0.177782635710567	-0.130779927500001
DNAJB6	False	0.1135001779687766	0.259853849615304	-0.0008444267670926	0.238725429916667
ABCB1	False	0.1135469324042024	0.377508346598301	0.817739704547223	0.18359846575
CLK4	False	0.1140266684365085	0.17545712836887	0.144152147836476	0.350268758
YBX3	False	0.1142671800138831	-0.130979882683266	-0.103707420128687	-0.35626838025
EFNA4	False	0.1145793533650372	-0.2290356090702	-0.0399235867668817	0.911341845
UBE2S	False	0.1145793533650372	-0.88609179491417	-0.700164735381118	0.32726735325
FAM120B	False	0.1149821033818569	-0.199980865822017	0.380443858245802	0.44989771275
RCC2	False	0.1151726668638695	-0.304433518537984	-0.234221342765466	0.19496204475
SCYL2	False	0.1154629869106957	0.48826182117592	0.307835063531964	0.0061588567500001
PHLDA1	False	0.1155068400828857	0.0441894332553696	0.016030729294612	0.45704086025
SUCLG1	False	0.1155659579670946	-0.0732616367255368	-0.149442601064594	-0.14384193925
PCBD1	False	0.1157612110866118	-0.677848000306852	-0.116133270325339	0.0933869477499998
RPL7	False	0.1159433338264301	0.195507895534535	0.028721048456914	0.43698072575
ANKRD9	False	0.1167037254124234	-0.302691199161513	-0.439128662479658	-0.03073367175
RPAP3	False	0.1170627730198523	0.340262672081664	-0.0155582945916093	0.314876363
ATG9A	False	0.117423634475282	-0.5411093947808	-0.0459579415031097	-0.0563697430000002
COL4A5	False	0.1183864262916816	-0.327564230442353	0.353934788348455	0.408541499
ZNF319	False	0.1184473230228109	-0.378838371390933	1.67241481100134	0.507946006
GNPNAT1	False	0.1185357650346253	0.192596548811511	-0.374776824713111	-0.406205708
TFB2M	False	0.1185528144037461	0.728719401812161	-0.158341378281799	0.38784844425
MYL12A	False	0.1186658291409442	0.312089770000544	0.172358507556713	0.13954291525
DCTN3	False	0.1188803746728145	-0.331141899174959	-0.0717922680296601	-0.23567817475
FAM3A	False	0.1188803746728145	-0.641109386476503	-0.0004424517557941	-0.33817458825
LIMS2	False	0.1192693217806741	-0.379071993817236	-0.266818112257203	-0.31436321075
IDUA	False	0.1193433655904821	-0.158942503133773	1.02334133257626	0.0292323312499999
GRSF1	False	0.1196110220030004	0.115848185640824	0.116513719660052	0.19383577675
UGGT2	False	0.1196110220030004	0.212872511121854	0.168411396293151	0.03798096725
COIL	False	0.1198391181150658	0.333030068220598	-0.10971252888668	0.452976125
AFTPH	False	0.1201731173294642	0.277327663443675	0.0385979312336797	0.24423328475
MEF2C	False	0.1201731173294642	0.196117036514994	0.301703737468697	0.1260382385
SMS	False	0.1202292996989366	0.106236999493903	-0.573577515841902	-0.02757104925
DCTN4	False	0.1203557344115554	0.54874344426366	-0.728487853746242	0.243045873
C11ORF58	False	0.1203947476074874	0.149319923222903	-0.035532584239899	-0.951659262249999
DNM2	False	0.1207169717417451	-0.571232747883853	-0.0171706789094932	-0.0229485692500001
FTL	False	0.1207169717417451	-0.451392828856767	-0.163038617320128	0.397720496250002
NUP43	False	0.1207169717417451	0.257557774997224	-0.173763765097741	-0.4969063495
PPP1R26	False	0.1207169717417451	-0.1640177855556	0.296409280045538	0.457799218
SLC26A4	False	0.1222074976210245	-0.967332287220102	-0.29098459512377	-0.5005366265
CDC37	False	0.1225298066474393	-0.515049437122098	-0.136470841401419	-0.15961405575
IDH3G	False	0.1225298066474393	-0.63613976747222	-0.0505263752467426	-0.173626991375
CYHR1	False	0.1225468436618058	-0.666280398530017	0.0151572997354288	-0.228748475
FLYWCH1	False	0.1225468436618058	-0.582596581935176	0.258202254752774	0.6397331855
LEMD2	False	0.1225468436618058	-0.310624559366133	-0.129213173602649	-0.0374365782499999
PHC1	False	0.1225468436618058	0.137869385829156	0.228835832245803	0.144868537
ZSWIM4	False	0.1225468436618058	-0.374379958866694	0.268792673143092	0.5616339655
FASTKD2	False	0.1227443978937902	0.214230122124814	-0.200860233449818	0.7325609685
FZD6	False	0.1227443978937902	0.26512032891976	0.139650179107357	0.0124836580000001
EXOC6	False	0.1228829138839375	0.456579543983858	-0.033672412137018	0.24562004475
GABPB2	False	0.1228829138839375	-0.104929080401666	-0.114967346392923	-0.52310584825
TRRAP	False	0.1228829138839375	-0.0006693193514362	0.161286377610416	0.23298026575
EIF2B2	False	0.1230146616370546	-0.233440293384475	0.0599618725233002	-0.5294032205
IQCK	False	0.1230146616370546	0.25131005399571	0.293911464983808	0.07375620175
FLNC	False	0.123034453772913	-0.864635232223189	-0.763543782859192	0.28102834
AGAP3	False	0.1230706044002025	-0.732872497059806	0.272282782930008	0.50028669725
ARPC1B	False	0.1230706044002025	-0.282066869344892	-0.111331113490955	-0.3978741215
SENP3	False	0.1230706044002025	-0.32812160051182	-0.145663614577414	-0.01284943725
TMEM126B	False	0.1230981799902924	0.447256207327972	-0.234688855167753	0.77306571225
NEPRO	False	0.1231181314115853	0.191682819098193	0.0637966910495846	0.219063821
SLC7A11	False	0.1233840893607085	0.378851675157629	-0.343771854992038	-0.374106107249999
SULT1E1	False	0.1235092997770046	0.459874016709302	0.260814021314919	0.142165092
A4GALT	False	0.1238931770613891	-0.743449240671001	0.231959363485832	0.65213119
TMEM51	False	0.1241180348556522	-0.704589886678021	0.068864657205753	-0.1770329655
IMP3	False	0.1242053281318568	0.33061354116285	0.480531794485614	0.310784377
CBX6	False	0.1243953811211582	-0.48576551248677	-1.33837294084266	0.026453853
SLC39A3	False	0.1243953811211582	-0.685719204434019	0.0203066512586565	-0.19429995825
TXN2	False	0.1243953811211582	-0.601624015398305	-0.0748267213422658	-0.0804776862499996
KCTD10	False	0.124519562799571	0.083740903369451	0.0505895017590641	0.2611481345
ABLIM3	False	0.1248898919279847	-0.574215223772428	0.134104069343424	-0.4505449085
NUDT1	False	0.1248922081902564	-0.803914022859834	-0.385734583827462	-0.08473291025
COPS7B	False	0.1249408435053542	-0.252182960521968	-0.39496078268043	0.1693788015
RBBP7	False	0.1249707457567513	-0.0769633831689882	-0.639021614883091	0.117542278
PRKAR2B	False	0.1251548450549094	-0.0797126222685103	-0.360657544117819	0.17276947475
RNASEH1	False	0.1251904067138619	0.0080009788777495	-0.107463501044346	-0.28062478125
ASCC3	False	0.1256340997988533	0.362563863890488	-0.0596893812921078	0.369292235
SMAD2	False	0.1256340997988533	0.380443615343408	0.0348113701594404	0.12208875325
FASTKD1	False	0.12564680293885	0.456430244051074	-0.0578867853121037	0.310820702750001
RAB5B	False	0.12564680293885	-0.0240179555266282	0.213967428924196	0.09485143225
CMTR1	False	0.1259031325181391	-0.201302639502863	-0.114516604218372	-0.0891505142499999
PKP2	False	0.1261313074333487	1.68776387695161	0.304416821334686	-0.0797225837500006
CFH	False	0.1261726720746732	0.245073751937573	0.364724547581512	0.103185491749999
MPP1	False	0.1261726720746732	-0.470658822450765	0.0353977941190369	-0.192132419
COX7A1	False	0.1262521992571512	0.312408156924898	0.331639901700906	0.169583079
HIF1A	False	0.1262521992571512	0.426478118732977	-0.0181432435084004	0.4091518295
NR3C2	False	0.1263222964762238	0.203890004259144	0.0807102301289215	0.33634705575
GTPBP6	False	0.1264580493279411	-0.832464216736937	-0.330132494146945	0.2515160465
NOP14	False	0.1264580493279411	-0.112834032478639	-0.272568302637439	0.04232992225
RPL4	False	0.1264580493279411	-0.114322966750935	-0.0887426314779205	-0.101183833750001
SLC43A3	False	0.1264580493279411	0.111714269098854	-0.135644839977186	-0.75408871325
CENPV	False	0.1270318242766779	-0.166859356679357	-0.366292088755259	-0.00794075125
RAB40C	False	0.1274322627768594	-0.720887390242444	0.093786127668074	0.8528335105
NEDD4L	False	0.1276228598198891	0.313562842905737	0.0985206946866706	0.116744444
ZRANB1	False	0.128823382568107	0.416568553334534	0.0778603033748144	-0.07790158725
KDM4B	False	0.1289826722946813	0.0128725048186071	0.0675495778773474	0.50664532475
DECR2	False	0.1290449567991695	-0.200110339101537	-0.207099911348958	-0.182555275
ISOC2	False	0.1293242042853571	-0.709179353746088	0.19278504504118	0.64816515525
MFNG	False	0.1293242042853571	-0.440963848785114	-0.0538292868089454	-0.330551928
CSE1L	False	0.129397216635266	-0.0008361690150424	-0.779633207934798	0.18570459825
TMEM101	False	0.129397216635266	-0.504098210236278	-0.202078732211092	-0.03930878375
NAMPT	False	0.1294927079983572	0.0907984275150868	0.216957167992195	-0.0406558049999999
LPP	False	0.1295540285068426	0.509384897743166	1.68404681665698	-0.0361306465
LRRC59	False	0.129889198824067	0.127782431029572	-0.360581407212356	-0.384211281
RPL39	False	0.129889198824067	0.515161421042649	0.126898962419883	0.0119106314999993
MID1	False	0.1299566669390123	0.426114183805141	0.0158269567349087	0.1693124095
PFN2	False	0.1299566669390123	0.0057579031742562	0.0810988452026047	0.30305241675
LAMP2	False	0.1299810044563468	0.378579322672565	0.0032282256098792	0.28550712725
BCOR	False	0.1303267629350331	0.0983577644234357	0.351051831325125	0.193635014749999
PPT1	False	0.1303499738435852	0.0580917992921251	-0.270992703328356	-0.0008079364999999
AP2A2	False	0.130358800966839	-0.429101283493988	0.131393318830878	-0.3335440765
PMPCB	False	0.130358800966839	-0.0909812529766763	-0.130203324908857	-0.14924898775
HSD17B11	False	0.1303940070713981	0.141201542648043	0.135947218546596	0.197139432
GMNN	False	0.1307879669251935	0.110486935645841	-1.06381721788697	0.15485079675
UTP11	False	0.1308909193140283	0.0784072949095913	-0.211222042635863	-0.22288014675
TBRG4	False	0.1310364092587503	-0.487156989137729	-0.492917474987276	0.2867246125
CLDN5	False	0.131136586580101	-0.28941674257565	0.116413069845729	-0.7881135695
MPDZ	False	0.1313421173126358	0.357791376362034	0.0830043151645628	0.20504321875
POLR2C	False	0.1313421173126358	0.0206689304041365	-0.272042814556672	-0.05101093
PDE4C	False	0.1313543703215554	-0.721996354143712	0.19921188625883	-0.45469288475
SLC38A1	False	0.1317203366857573	0.447607855426966	0.253735551449751	0.068331941
SLC37A3	False	0.1318679923763078	0.454441066104624	-0.0238957632914669	0.281733716
ACD	False	0.1323185187409957	-0.874143254970739	-0.206962129471003	-0.0205444680000002
DUSP11	False	0.1323945137401564	0.124540812382505	0.089741013993045	0.20551463275
EI24	False	0.132481812696471	-0.0314555435204387	-0.162472695832611	-0.092502363
PCMT1	False	0.132481812696471	0.135997620134521	-0.239030126801734	-0.4256385405
SBDS	False	0.1329869832158913	-0.0866761199367439	0.0939646054596484	0.43418891925
ARFGAP3	False	0.1331101030043197	0.375966855697723	0.0945300079708504	0.0421721230000001
KANSL2	False	0.1331101030043197	0.0647618300524346	-0.112398426622652	0.559518624
PPM1D	False	0.1331101030043197	0.0067465348704933	-0.119474779329469	0.77182225375
ABHD4	False	0.1333167462324414	-0.296829300685014	0.695779138478687	0.70796920075
RPL29	False	0.1333167462324414	-0.361767696389665	-0.237810025670564	0.0414534264999986
SMC4	False	0.1333167462324414	-0.121283432166927	-1.02166229152839	0.40084459575
ZNF827	False	0.1333167462324414	0.329063048006207	0.399412839568491	-0.19529474875
GTF3C2	False	0.1335181557271269	-0.153569937629866	-0.196851637340449	0.0059861709999999
ZBTB45	False	0.1335863232404264	-0.622269902617153	0.0687177294020573	0.72092988025
COPS4	False	0.1340492862754578	0.270998433855616	-0.18281860071373	0.63507620875
TMEM60	False	0.1341033471874392	0.549017175531657	-0.20885402194656	0.4277031015
UBE2D2	False	0.1342014093079949	0.340371052606284	-0.0259638353926404	0.33248195975
PIK3C3	False	0.1342255546552514	0.0743598471987559	0.187637994620613	0.185876246
NUP62	False	0.1343055313832324	-0.627306939806956	-0.34034736108389	0.489416695
RPS27L	False	0.1343055313832324	0.368344962988648	-0.0160180177309774	0.335420716250002
PPP4R1	False	0.1348457909967814	0.44136797868276	-0.203103378613118	0.552876639
PTX3	False	0.1348457909967814	0.647177603670361	0.315295517231322	-0.0039856659999999
BCLAF1	False	0.1348957260958965	0.351342423929059	-0.0359751163502722	0.41302813475
ESD	False	0.1349344994810017	-0.0606919993050541	-0.061134953508601	-0.44221246175
PDPK1	False	0.1349414148390917	0.0685767321127502	0.186036431798068	0.108306119
C19ORF53	False	0.1357342066905173	-0.537310505234848	-0.163325934599054	-0.0021613892499992
COG4	False	0.1368188591397859	-0.348814617511738	0.0204051638012723	-0.26528330525
MGARP	False	0.1368188591397859	0.231346664232947	0.18704958587546	0.22892548375
SLC9A3R2	False	0.1368188591397859	-0.403975891954626	0.34858825269222	0.38579716425
ALG1	False	0.1369769176912466	-0.0442880678077877	-4.46641670213204	-0.110031525
PLEKHG2	False	0.1369769176912466	-0.004524953939109	0.364003821612948	0.10576437325
ZFC3H1	False	0.1369769176912466	0.208704810164976	0.0197701479106964	0.36450015625
CDK4	False	0.1372115596650371	-0.247882168516114	-0.206150480771448	0.24234888075
SLC35E1	False	0.1377835537835467	0.118909509842766	0.0966579524561562	0.1466221455
ARL2	False	0.1378845056279594	-0.593332856575155	-0.0230143073209392	-0.2348372325
RAN	False	0.1378845056279594	-0.0240860789232507	-0.452370735563983	0.087474353
WWP1	False	0.1378845056279594	0.592099319983697	0.160454011931813	-0.15971877775
ACTR1A	False	0.1382516946495937	-0.235267027716359	-0.112022010788385	0.0151864844999999
TJAP1	False	0.1382516946495937	-0.565411618724495	-0.37200761286405	0.261427058
DDB1	False	0.1383702249089977	-0.128145290382356	0.308655196927634	-0.6195011735
HERC4	False	0.1383702249089977	0.326007973547978	0.0966823997992381	0.15248696075
KDSR	False	0.1387793021728743	0.470755626627663	0.0373371746992151	0.0362476429999999
SRP9	False	0.1388738066881699	0.432505464673953	-0.064400912578308	0.477439203
BCAP31	False	0.1395047335448924	-0.280150466735901	-0.188079071664148	-0.1383754175
PPP3CC	False	0.1395047335448924	0.0208719927234036	0.278943719556427	0.14762771775
VPS18	False	0.1398655659516449	-0.284164499365956	0.0339926809946993	0.71398748825
ZMIZ1	False	0.1398655659516449	-0.258913145154195	0.320214480189327	0.354517348
MRPL13	False	0.139895134201985	0.370675105522118	-0.0682037068011927	0.302141648
TNIP2	False	0.139895134201985	-0.373258345542528	-0.429503562773004	0.0034724499999999
MRPS28	False	0.1399656203449816	-0.0782415645837791	-0.317444816912541	-0.04311741075
PPP1R13L	False	0.1399656203449816	0.12694424898515	0.008549468012049	0.374406042
RABL6	False	0.1399656203449816	-0.762331106805762	-0.273271370766757	0.11296991125
SPNS1	False	0.1404391395483049	-0.69203666517871	0.0081335544293459	-0.208460939750001
ISYNA1	False	0.1405723671992631	-0.702725891230342	-0.125485307802224	-0.20277160325
IQGAP1	False	0.1406953167260689	0.304729079900318	-0.0246887272715028	0.403961609
DBI	False	0.1407636335497522	-0.222919391425156	-0.406627451407803	-0.16894035625
ZNF432	False	0.1412137464538094	0.0320963333334996	0.114195792034209	0.36203989675
PARP10	False	0.141436032431889	-0.98024146864946	0.227186084129066	-0.318521386
TUBB2A	False	0.1414645216599682	-0.493946524180139	-0.325456041013977	-0.0384034765000003
TFDP1	False	0.1415882789292829	0.106600364037903	-0.573553465641554	0.12669499475
CDYL	False	0.1418455276542219	0.224998883761996	-0.052821544574333	0.422160918
UBE2E2	False	0.1419135763213113	0.044924651592543	0.192550350541435	0.11046290875
EXO5	False	0.1422203375969964	0.149721047565393	-0.239566437725684	-0.575426228
C1ORF43	False	0.1425975229933233	-0.0059850501391078	-0.218350972784614	-0.1281279605
UPF1	False	0.1428695004461286	-0.614387863570328	-0.64494632499856	0.229784412
NEDD8	False	0.1430007611607414	-0.0739432261271436	-0.0380152266024369	-0.5221588305
PSMA1	False	0.1431955700714818	0.404060823138594	0.020773767895701	0.180418716125
HDLBP	False	0.1432603390939296	-0.339256370256903	-0.0310812557803324	-0.184885898249999
AURKAIP1	False	0.1433977796832365	-0.420022692510412	-0.440566530172361	-0.0587695077500006
SPCS2	False	0.1436650696345771	0.261820482029505	-0.228106460337481	0.81051905825
BMS1	False	0.1440247080770327	-0.0811697459717031	-0.337966115473766	0.17746033
JAG2	False	0.1440247080770327	-0.312970600110113	0.603104059520026	0.30042357275
EPHA2	False	0.1441100622315666	-0.279181127032648	0.265217931100227	0.56293107075
SLC30A5	False	0.1441100622315666	0.490162868700909	-0.0277444220801426	0.1245150325
BRD7	False	0.1442473937646685	-0.36074372101817	-0.140770476288314	0.105420952
CHD9	False	0.1442991482015225	0.769126857169965	-0.126120627497476	0.06506643425
HHIP	False	0.1444735190625521	0.319383279193737	0.155616128088599	-0.28616791575
FHOD1	False	0.1445588369071565	-0.589709629363941	0.284179451624837	0.5158946025
DBN1	False	0.1449816566979173	-0.499158537969858	0.0238331734616093	-0.37686139025
KPNA2	False	0.1452612659780683	0.0050881832708196	-0.800348282703485	0.33818338225
MED16	False	0.1453265561123386	-0.763559097985857	-0.020396707158981	-0.209769793
MORF4L2	False	0.1454182768843138	0.258455507239505	-0.0711291142860162	0.64817208475
LSMEM1	False	0.1455563196299322	2.67586476282988	0.197858818850776	0.12349214275
SKAP2	False	0.1455563196299322	0.115551895409463	0.176076741326932	0.17317409725
RPSA	False	0.1455760553553514	-0.0186033729688297	-0.188663160736995	-0.0396827897499996
ADAMTS6	False	0.1478996192331541	0.76763801554242	-0.0771804453572118	0.22471252
SLC9A1	False	0.1478996192331541	-0.649950506652453	0.0383723609564655	-0.2433172185
USB1	False	0.1478996192331541	-0.2723222705361	-0.164425184122198	-0.0116814292499998
SQSTM1	False	0.1481916460027787	-0.415418180418353	0.138284649969947	0.67007639325
TDRD3	False	0.1483627243751875	0.0366700338343193	0.37174812814437	0.0811394510000001
RGS19	False	0.1484773977324714	-0.0675958485719597	0.140361416692253	0.3846774845
PSME4	False	0.1486318765645912	0.110570051172121	-0.218985998536717	-0.19330174125
ABCA3	False	0.148789145006112	-0.577788083806009	0.0538112875316754	-0.350622411
CCDC117	False	0.1498291207683987	0.313978940262293	0.0653141872920289	0.1261343535
ZNF706	False	0.1499463213672485	0.0049544599557478	0.142882358467245	0.18044266775
PLPPR2	False	0.1506311157700057	-0.230475499789614	0.675372958057974	0.097304583
LTA4H	False	0.1508180121847125	-0.175152985874634	0.449752101713836	0.2002660455
SCO1	False	0.1511104341697781	0.0245729814536313	-0.345176039662511	-0.1242810145
ADNP	False	0.1512869423015962	0.298685584235579	-0.0819908361877912	0.4456462755
HNRNPM	False	0.1512869423015962	-0.19724090414129	-0.430088738446852	0.23074689675
RANBP10	False	0.1512869423015962	-0.29816796919649	-0.259622173589692	-0.0117964137500001
NSMAF	False	0.1526033151609525	-0.134103448752625	-0.273063941342468	0.1040177545
TPT1	False	0.1526033151609525	0.147965951888434	0.110126270428214	-0.0129117232500002
CYB5A	False	0.152790471016718	-0.135517500505003	-0.146919437919224	-0.19955044875
LAMTOR2	False	0.152790471016718	-0.567421176951378	0.281704834699437	-0.48020595625
DHRS1	False	0.1529866961581778	-0.663388272005917	0.345433265656642	-0.420997169
FDFT1	False	0.1536050544424251	0.104454157489084	-0.730113055773344	-0.18038326675
LEPROT	False	0.1536618742333374	0.364636604006915	0.099959132516533	0.00401663675
TM9SF1	False	0.1538080256885902	0.273911243598474	0.195682959105757	-0.0812975649999999
RNPS1	False	0.1541937711684036	-0.387207473992773	-0.29601298720301	0.20789928
SMAD5	False	0.1544750041755636	0.452218305685197	0.0270434332033807	0.199548079
MAU2	False	0.1550833338758465	-0.348586460497929	-0.192121558207679	0.10042791425
CDK1	False	0.1551235612109283	-0.114282719397211	-1.50622812892057	0.284228634
ARF1	False	0.1551312208422857	-0.41684658597126	-0.1185703538019	0.162355674
POLDIP3	False	0.1552807849956383	-0.422752478360986	-0.184042855632748	0.32360054875
CCDC12	False	0.1555717027220155	-0.743982218549125	-0.246727600466061	0.17124746075
ARL2BP	False	0.1555865059232642	0.359448678808377	0.0267192898446416	0.22323062175
OAT	False	0.1555865059232642	0.293568219413764	0.400524208343811	0.21687262575
IFRD2	False	0.1559818125727593	-0.475687652293445	-0.842234359286272	0.1171805935
ST7	False	0.1559818125727593	0.306824041979	-0.0124220961387085	0.147679126625
RHOD	False	0.1566570110249935	-0.15536820015646	0.654877132526877	0.20245209925
MARK2	False	0.1569813503552531	-0.465182872311488	-0.129868855851646	0.0522172153749996
MBTPS1	False	0.1569813503552531	0.152163372316554	0.144942945181098	-0.084159595
SRP68	False	0.1569813503552531	-0.191184100168591	-0.167202185311344	0.0275610197500001
TEX30	False	0.1571318847965406	0.294305141165037	-0.306380004601616	0.55687860775
ATOH8	False	0.1571814039636494	-0.591680950953791	0.145964147734209	0.73684842825
CCDC28B	False	0.1571814039636494	-0.640006590592094	0.182915423334766	-0.261578936
NUP37	False	0.1571814039636494	-0.156115390531567	-0.369632773689959	0.0509095315
PTPN11	False	0.1572777427595577	0.448729561474472	0.274864376754715	0.11744959875
DPH2	False	0.15751048298114	-0.308495841388827	-0.308990635330611	0.2743135555
DUSP14	False	0.15751048298114	-0.043797865442718	0.105338475416442	0.68615275475
MPV17	False	0.15751048298114	-0.54428107863876	0.0060157239548841	-0.0568317175000001
UGDH	False	0.15751048298114	0.508692170752008	-0.498292060631299	0.90720352125
GNB1L	False	0.1575811330328819	-0.166888359039688	-0.355365414617928	0.982257305
ESYT1	False	0.1578034716094193	-0.138379395413434	-0.249622464323877	-0.17832538325
NDEL1	False	0.1578034716094193	0.0336522918575817	0.0090384401085401	0.52128631025
NDUFS3	False	0.1578034716094193	-0.0140352055904911	-0.21035578305306	-0.14368734375
STARD3	False	0.1578034716094193	-0.504517997463423	-0.0035256549584969	-0.18153278325
VASH1	False	0.1580182669021033	-0.644937492382693	0.754923609292344	0.0299154372499999
MMP2	False	0.1580303791520852	-0.355266678323734	0.653071050957996	-0.13744434325
METTL17	False	0.1580961638464096	-0.304503852214532	-0.285663520582459	0.14468280925
LSS	False	0.1582004895031732	-0.234209117764186	-0.361647392624558	0.08881277075
SNX19	False	0.1582004895031732	0.145757272490104	0.92980875427954	0.0385539607499998
ST6GAL1	False	0.1582004895031732	0.229899538374118	0.46243564090371	-0.2442221705
VPS4B	False	0.158495274741358	0.369351938390286	-0.0901645704257339	0.46057584825
ZNF189	False	0.1585270938587771	0.141055533123111	0.31105740859166	0.173872903
LYRM7	False	0.1595590367773256	0.15436577845168	-0.174037481457449	-0.6091933755
CTTN	False	0.1602369349985126	-0.263823474003193	0.0487892975713304	-0.520618872
FBXO30	False	0.1607528983940455	0.245123970261306	-0.027944241760876	0.462756746
MTHFD2	False	0.1607528983940455	0.336912397146893	-0.481277572926179	1.28032010475
CAND1	False	0.1613081029016101	0.422713974663962	-0.0523532693477353	0.3806694965
GOLGA4	False	0.1613081029016101	0.304018370546343	-0.0830688359575031	0.54935687275
RPL24	False	0.1613548898394384	-0.0243914937846004	-0.0814019522775222	-0.3120113645
ARPC2	False	0.1614301478843663	-0.0314859438284483	-0.0755673063892441	-0.326401004000001
SRM	False	0.1617879258509174	-0.671555079571814	-0.383640110098294	0.33397334175
RARB	False	0.1618067055163976	0.823956227591004	-1.42180868737866	0.37575231075
ECHS1	False	0.1619497281439663	-0.109356340960743	-0.0363745536509077	-0.43438345075
CLPTM1L	False	0.1619798724705328	-0.321818278432758	-0.106934236743307	0.0217698942500002
CLSTN1	False	0.1619798724705328	-0.39464743211211	-0.0444147317649879	-0.0012503819999998
LTN1	False	0.1619798724705328	0.728999398087451	0.017661718961687	0.0949294625
AKAP12	False	0.1622727811816597	0.594924773105099	-0.0176504660315597	0.173956529
VPS26A	False	0.162424704007638	0.400956982043213	-0.12253027636141	0.6861009445
USP39	False	0.1624460085436451	-0.24882606872646	-0.114820043311727	-0.01284481825
POLR3GL	False	0.1624463008260384	-0.369655564472753	0.0296178943032306	-0.3165008525
TSFM	False	0.1624463008260384	-0.146358276085394	-0.317332831588899	0.0142942137499999
ATP2A2	False	0.1625277335880809	0.219174924866089	-0.0615201588238374	0.56901634475
PLEKHA3	False	0.1627242102915911	0.402390685080422	-0.0339390227018166	0.272507245
OSER1	False	0.1629252029325596	0.117874400746758	-0.127777316140507	0.6472823795
EIF4H	False	0.1635511330186006	-0.1260766799808	-0.0954651482553697	-0.21251212375
DERA	False	0.1639016965948116	0.117170659567719	-0.100056262064514	-0.3926639495
RBMS1	False	0.1639156988458235	0.477586745924396	0.0336263155119738	0.100835694
ISCU	False	0.1640115155678589	-0.170700510226778	-0.127486311746408	-0.317809375
ATP13A2	False	0.1641375686596921	-0.582537566230457	-0.0018376534560324	-0.0964203197499999
XIAP	False	0.1642876232477284	0.409943015010533	-0.964491466308207	-0.628222924999999
MCCC1	False	0.1643105830508729	-0.0379718374166576	-0.320030906771354	-0.0997594957500001
PSKH1	False	0.1645765415258952	-0.369772429903278	0.226557550909219	0.44829060875
POLR2F	False	0.1645887407101084	-0.503674103254791	-0.281159099662498	0.103171593999999
POLR3C	False	0.1645887407101084	-0.0488426514116691	-0.1432429403947	-0.200163811
RABEP1	False	0.1648971524994312	0.215461140353672	0.0045183197504599	0.23719930975
SERTAD1	False	0.1648971524994312	0.0119199043765637	-0.0418502742141706	0.674790159
VDAC1	False	0.1648971524994312	0.0265955434409761	-0.30676184072967	-0.0237116052500002
ARMC5	False	0.1651297696664081	-0.306860439088963	0.443654962729014	0.32162928325
BCL6B	False	0.16516059770215	-0.202961389254558	0.283636757149265	0.75756071875
PRELID1	False	0.1651649918642261	-0.409736304279522	-0.178021719905151	-0.0696885997500001
STK3	False	0.1653438423662167	0.419053058468667	0.0256585166990511	0.10312216575
MOBP	False	0.1653954308432237	0.854410285349898	0.289267168363804	-0.01264585525
PRKCD	False	0.1654709943829761	-0.32189275783445	-0.102569676473852	-0.10969060675
TMEM43	False	0.1654709943829761	0.0647603092839475	0.505346745762565	0.20488956125
SMTN	False	0.1656406412588581	-0.929463314166608	-0.164643994215601	0.042562290375
DTX2	False	0.1656426588551877	-0.861090526021433	1.26479681375066	0.520211398
ICMT	False	0.1656426588551877	-0.0696832711711952	-0.31496566691262	0.0878891190000001
RAB24	False	0.1656426588551877	-0.0858782591634695	0.0531995152543212	-0.548625199
TMEM63A	False	0.1656426588551877	-0.56902563903115	0.170298655135897	-0.291703653
TP53I3	False	0.1656769052772111	-0.574277798101011	0.185327569439487	-0.68488066475
LMBRD1	False	0.1662276843974548	0.404466806857283	0.642368626895308	0.0860092282499998
LDHB	False	0.1668109883104465	-0.165173676246274	-0.264518765391408	0.32395462325
SYNRG	False	0.1669300283305523	0.0427788152047572	-0.115199693933643	-0.35641079375
DDX49	False	0.1687232313932257	-0.626382558747081	-0.0166532133208968	-0.19050253
PMVK	False	0.1687232313932257	-0.437346621045273	-0.124001802756207	-0.1548439885
SAP130	False	0.1687232313932257	0.0168566953538356	0.708706831102196	0.23561542225
CBFB	False	0.1689117047573721	0.33476986595362	-0.112322348090732	0.5652105885
R3HDM1	False	0.1690699793310599	0.0012692355260002	-0.408765975984364	0.0890030800000001
FKBP14	False	0.1692643822671826	0.445164173216403	-0.544202223328355	-1.03180779025
ATP11C	False	0.169888785769397	0.678393535796386	-0.119193724558285	0.462082469
FBN1	False	0.1700516589214776	0.425812876264722	0.354821513148108	-0.264580368
EPN2	False	0.1701447119014225	-0.121930463600861	0.133387947292243	0.29918149375
HNRNPAB	False	0.1701447119014225	-0.0645850309122658	-0.284985047941865	0.0029173144999999
PPP1CC	False	0.1701447119014225	0.500640488725761	-0.333027846541356	0.540676203
SNRPA1	False	0.1705793126104718	0.0872802564978104	-0.545352337880663	0.0902502757500001
NOS3	False	0.171109997112145	-0.81009217960345	0.0085586123722656	-0.05802637975
CORO1C	False	0.1711848198200518	0.0668002841264617	0.734638460067992	0.18192927
CNIH1	False	0.1712986109521976	0.270129225155351	-0.0431568199354535	0.52883362475
CPTP	False	0.1713767500396434	-0.435678286933769	0.127815417171533	0.759587751749999
CALM1	False	0.1714890975116328	0.427598687072491	0.041685348414326	-0.0075687625
HNRNPH3	False	0.1714890975116328	-0.152366728773676	-0.482468812103618	0.3873544425
RNF4	False	0.171519485787265	-0.084051017231416	-0.273331313594403	0.08171275025
BRI3	False	0.1722214686923275	0.207508933517674	0.334986534058862	0.298246634250001
TMEM184C	False	0.1730239107144388	-0.0996903546093124	0.29206268903335	0.35110769475
TADA3	False	0.1742672022499152	-0.578480703798366	0.263188724896527	-0.29447570375
AKT1	False	0.1745185872722173	-0.697369451083273	-0.0213743468143521	-0.0393003155
GALNT2	False	0.1745224113241779	-0.384047202422769	-0.0196670277252053	-0.14858528875
MAGOH	False	0.1745224113241779	-0.166113371026365	-0.366546851586722	0.14977679625
PCNX4	False	0.1745224113241779	0.248969084393559	0.0761770429527298	0.1545199765
TERF2IP	False	0.1745224113241779	-0.17891573413741	0.319987806672334	0.219376054
UNC13B	False	0.1745224113241779	-0.105566751510257	0.291335160730553	0.1101843665
PRPF8	False	0.1745391847048597	-0.234086058413272	-0.295096579386696	-0.0276957752500001
HERPUD1	False	0.1746176225044848	0.210880727009247	0.160209588916128	0.12529159525
LRRC8D	False	0.1752725932999112	0.035318852654024	0.059924528451945	0.37333413775
ZNF503	False	0.1758442080524417	0.421632087986334	0.678124100173437	-0.0032556297499999
RPL13A	False	0.1761924675735838	-0.318865384902265	-0.0347174255016256	-0.296253102250001
PEX2	False	0.1765686882758003	0.161620735622854	-0.0235502974014121	0.40795420075
THOC3	False	0.177136792004462	-0.555063655605216	-1.23155179894438	0.0780884050000001
PANK4	False	0.1776758797879221	-0.39641156895495	-0.375394006895036	-0.085786786
TMEM9	False	0.1778972198990121	-0.421681829816039	0.153019537981328	-0.484926081000001
ABCB7	False	0.1779007074121238	0.320707049934193	0.486828963675352	0.0056782925
CFL2	False	0.1780078839774118	0.355370751670677	-0.0978537239384201	0.36887093975
RAE1	False	0.1781544140696714	-0.0093190570949897	-0.202750984860104	-0.04490765675
C19ORF25	False	0.1784004005896883	-0.561517168007463	0.173683115394828	0.5139356715
CCDC102A	False	0.1784684028298846	-0.313316756046883	0.863272746890553	0.28853544025
PITPNB	False	0.1784684028298846	0.220061398973785	-0.176325391670314	0.44597031125
STX5	False	0.1790177645783379	-0.316156321815306	-0.755924327907355	-0.11371570375
GPR108	False	0.1793661156213623	-0.464934041266111	0.258060064012793	-0.24461623075
FBXO34	False	0.1794427095289787	0.357746816215	0.0281140601607701	0.2190731235
ACBD3	False	0.1796095117564397	0.428865375382976	-0.048719417178023	0.319658941
CEP170	False	0.1803779566399211	0.334961675567656	0.168125276776758	0.26678093125
DENR	False	0.1806295429204247	0.255712113729604	-0.124128357835261	0.3919069755
KPNA3	False	0.1806295429204247	0.362494846490102	-0.124983449457437	0.7032906415
XAB2	False	0.1806295429204247	-0.495808372629531	-0.169346518339158	0.0153486524999998
IRF9	False	0.1807608963884137	0.0513243653854123	0.312327047219038	0.35029516925
NUCB2	False	0.1807608963884137	0.126750658469424	-0.0674388521196008	0.595256042
GORASP1	False	0.181003424361572	-0.245713934591051	-0.0117984355793954	-0.13412311425
MRPL47	False	0.181003424361572	0.293580202630539	-0.224616879069766	0.3369942435
COA1	False	0.1811290599858099	0.0869110452838342	-0.186215843935196	-0.36255484325
GTF2F2	False	0.1811290599858099	0.231899106383123	-0.128676184770548	0.58971839775
CDKN1B	False	0.1818220878959407	0.409213486988483	-0.156439930358898	0.3282399145
MCM3AP	False	0.1826381368198371	-0.131062965116446	-0.170798827548174	0.105893078
ZFPL1	False	0.1826740587980431	-0.508151555102905	-0.0834372843601416	-0.1013269915
FBXO22	False	0.182689539461653	-0.10908656193339	-0.206836177159434	-0.01131512875
TRAM2	False	0.1828010656084104	0.149072054880888	0.191008716842262	0.132537929
EIF3K	False	0.1829682104703389	-0.21919554493882	-0.148555728357846	-0.348713420749999
YY1	False	0.1829682104703389	0.298165488597087	-0.0602510034321995	0.342734254750001
DAPK3	False	0.1832340052244402	-0.23489183428521	0.0774626451988878	0.543388953
NUBP1	False	0.1832340052244402	-0.305582048202864	-0.210024156852997	0.0326536452500001
PLK3	False	0.1832340052244402	-0.23067671084859	0.0204345348833916	0.784040682
HTATSF1	False	0.1832360495204137	-0.475238098345661	-0.184073645270439	0.1480384135
AP3S1	False	0.1837724309468016	0.149180794911545	0.0188892167529842	0.36259816025
MCFD2	False	0.1837724309468016	0.189743289457672	0.115179064789074	0.25717107
SEC22C	False	0.1838503270769359	0.339490518820554	-0.267566445089943	-0.19913048825
GLI4	False	0.183913041565505	-0.637844758337713	0.383513268255465	-0.32510054375
CAST	False	0.1839394025169358	0.155934495054763	-0.0422337259776286	0.45241551075
RIC8B	False	0.184260512805834	0.392697154773048	-0.167098120778158	0.26263235175
INO80B	False	0.1842676469471197	-0.19445432967633	0.453713465814101	0.2377237645
CLPP	False	0.1849684588092537	-0.297586958193954	-0.346597879937277	-0.19149326525
LYPD1	False	0.1850156347076423	-0.123427641930578	0.499431407061578	0.410552643
UCK1	False	0.1850287123551748	-0.181559200501954	-0.378000234180251	0.07820691575
CCND3	False	0.1855909868702048	-0.181825405454168	1.00003071638751	0.12489111975
ANAPC15	False	0.186858277388975	-0.302797251101829	-0.414574026901837	-0.03698679825
SERTAD3	False	0.1872732089610019	-0.126948859862053	0.0368466279969892	0.54952473
ZNF106	False	0.1872732089610019	0.347539943130649	-0.154674886628882	0.4378551545
PHF21A	False	0.1885750579053475	-0.0293628232422911	0.364103867024782	0.15970131875
SHARPIN	False	0.1885750579053475	-0.692817445614205	0.0235808972486904	-0.2943141375
CLK1	False	0.1887570589541114	0.0581322594337088	-0.0375721256729422	0.6121725465
CSAD	False	0.1887570589541114	-0.48086394210148	0.497765291777281	-0.667666767
PARP12	False	0.188959710690872	-0.0899351886183455	-0.0410410050528158	-0.2445774395
ZNF620	False	0.1890348318131342	0.25559388624871	-0.439911055427825	-0.5504557885
HRAS	False	0.1892549153158757	-0.615379473351396	-0.326804659608068	0.0276624666250001
PIAS1	False	0.1892911325676529	0.137771408470675	0.0362146238273096	0.35434568225
SPATA7	False	0.1892911325676529	0.0485402558928509	0.174209527174356	0.22854526375
SYAP1	False	0.1893245685811171	0.0839209535888896	-0.0957115581983405	-0.62449514675
PSME1	False	0.1894289094073161	-0.319936389095099	-0.0281612258798756	-0.245996056000001
AARS2	False	0.1894573736675041	-0.497134803899743	-0.330945395773352	0.0838284890000002
PHC2	False	0.1896133240394131	-0.513134204953152	-0.0764841554362041	0.097597529
PPARG	False	0.1896334448563976	1.36621983991732	-0.0431442847264061	0.147224934
PPM1B	False	0.189750836813961	0.348970587625276	-0.0585987245420681	0.41822928425
CPT1C	False	0.1900860423140633	-0.30829326862963	0.170259183365816	-0.3980346315
TUBGCP4	False	0.1900860423140633	-0.0677616471953662	-0.27239716733968	-0.548574950000001
B3GALT6	False	0.1903610000108745	-0.211158066149987	0.221060758502492	0.56540989075
OXCT1	False	0.1904663995307585	-0.0160332066449973	-0.544842218328203	0.23225862475
DHCR7	False	0.1908607185303312	-0.102695314895136	-0.64165306899302	-0.2489813765
ICAM3	False	0.1918617460159372	-0.605869993921353	0.0077213818790289	-0.253674124
SIRT6	False	0.1924953378103266	-0.783787312418923	0.295572432375696	0.4747596975
NFIC	False	0.1925882762052617	-0.288840299212175	-0.130432099133414	-0.1494665595
CHMP1A	False	0.1928520679568466	-0.683398644758796	-0.105078020780168	0.0744524534999997
NUPR1	False	0.1931133239987412	-0.100817910822643	-0.21668966642439	0.87161067975
MALL	False	0.1933565913363858	-0.316982617073395	-0.373746834100943	-0.0017785600000002
LSM3	False	0.1933721656679752	0.13463232349312	-0.369512897211882	-0.0357565612500004
RNF145	False	0.1933721656679752	0.302214722614689	0.631867296643063	0.1354627075
AP3M1	False	0.1933814585735222	0.0808723044411037	0.0033079245870268	0.3736470865
CUTA	False	0.1933814585735222	-0.0973322458275012	0.248558464409723	0.13549353175
EDC4	False	0.1933814585735222	-0.540245776386661	-0.231362252460007	0.2444001195
IRF3	False	0.1933814585735222	-0.567025690758177	0.007107446648642	-0.14645314475
NHP2	False	0.1933814585735222	-0.588009291198556	0.520287454170194	-0.597344800000001
PITPNM1	False	0.1933814585735222	-0.237298769320268	0.166739462931885	0.39390252125
TFG	False	0.1933814585735222	0.224230296612681	0.192751105915863	0.077307247
FAM98C	False	0.1936543136066488	-0.680734041468746	-0.0246601756496507	-0.144847962
ARL1	False	0.1949164114805883	0.247212038339328	-0.0071726252962447	0.2935839065
GABARAP	False	0.1949468812863485	0.0252956910633273	0.290466858132269	-0.1069827415
MED10	False	0.1950692240177771	0.0381494321493321	-0.239061167697008	-0.122853331
COMMD9	False	0.195142703193666	-0.222901212966703	-0.139601016615172	0.04898894475
SULT1A1	False	0.1953844722378674	-0.577763016339971	0.183506085182616	-0.65061631925
C1ORF54	False	0.1957424923127353	0.355737578322031	0.570972356447879	-0.1731642945
MAN2C1	False	0.1960208789868251	-0.594526824015999	-0.118488145685174	0.0195698235
NME2	False	0.1960208789868251	-0.220959782135655	-0.327582815577209	-0.114083536500001
EXT1	False	0.1964681946217962	0.238121988081087	0.265891116788041	-0.15665690275
ZFYVE9	False	0.1964681946217962	-0.0710814247869003	1.88712348133524	0.304879487
SMARCA2	False	0.196641168179055	0.183065745926321	0.0875133622286484	0.14884500425
YIPF6	False	0.196641168179055	0.391632159304596	0.0701877333693659	-0.0451047904999999
RPS6	False	0.1968092511957713	-0.107174185111131	-0.161768617879808	0.0822816569999993
KDELR3	False	0.197001251205403	0.360271490227302	0.208157479773663	-0.114405136833333
BMPR2	False	0.1970932015267335	0.568544997760372	-0.551861261754351	0.30203452125
CARD19	False	0.1970932015267335	-0.665348946539776	0.114096392623941	-0.276544944
TLE2	False	0.1970932015267335	-0.622068956403447	0.524405000569283	0.34197873925
RNPC3	False	0.1971449319961697	0.0238618304442149	0.29822439663515	0.16552907225
GDI2	False	0.1974906081368289	0.0859583381517233	-0.160267447232874	-0.15533664
CNST	False	0.1979009388913018	0.476426548912941	0.0061048329310864	0.1499946045
PYCR2	False	0.1980448367014002	-0.665679042361323	-0.195332957534643	0.2727580245
FLNB	False	0.1993668846598086	-0.099210184302466	-0.211586721924471	-0.10947412375
KIF21A	False	0.1993668846598086	0.65288756078951	0.0176510511958288	0.11458623175
TIMMDC1	False	0.1994258131400118	-0.145183708524364	-0.218350950832257	-0.0626531275
ZNF83	False	0.1994258131400118	-0.048093959046569	0.119119364467512	0.61751928225
DPP9	False	0.1998658552726614	-0.452831228721387	-0.423153141400839	0.063431621
SLC39A4	False	0.1998882897194836	-0.109597299506122	0.18246122172967	-0.53690874325
PFDN2	False	0.2002500112075479	-0.0386208336541092	-0.303591535238509	-0.03127230375
CHCHD2	False	0.2006552782972532	0.0794209277888403	-0.251562821700567	-0.1386602365
TMA7	False	0.2006552782972532	-0.0574904254921922	-0.126809835052782	-0.2725108085
ZNF350	False	0.2006934934076184	0.17752756987801	0.316753357861439	0.0141574172500003
TCEAL3	False	0.2008267302190979	-0.05368885781622	0.0094753815068964	-0.49186809325
CDR2	False	0.2015869560421315	0.370457246308393	-0.0831133300291249	0.442057826
DNAJC7	False	0.2015869560421315	-0.110045577672666	-0.106687664801501	-0.1143870175
PSMB8	False	0.2015869560421315	-0.249824152921143	0.0804115273790693	-0.26665577775
SEC16A	False	0.2015869560421315	0.0846797600259874	-0.0206707624098836	0.5654002025
UBE2Q2	False	0.2021946514587658	0.392722993194077	-0.370000649884346	0.5503564765
ELF4	False	0.2022840046124683	-0.53328757128449	-0.197126845177549	0.0495784002499999
POP7	False	0.2022840046124683	-0.0335187308972826	-0.447548555976978	-0.0194552107500006
DRAP1	False	0.2023671308862197	-0.812956352755057	-0.0600000657957471	-0.1831857275
RAB6A	False	0.202935762865873	0.201830157632893	0.196159758094701	0.0127532315
TFIP11	False	0.2037633272916477	-0.294252469831369	-0.225107845442694	0.21599529825
NUFIP2	False	0.2038233903993808	0.702457711463207	0.018763787406165	-0.0759218035
AIF1L	False	0.2038384564503808	-0.391482082103825	0.0258065295882819	-0.31369885725
PICK1	False	0.2039809572787138	-0.345068976865346	0.304767807356819	-0.5923512165
RRAS	False	0.2039865696667359	-0.611594875708511	0.387010843174281	0.354131989249999
CCS	False	0.2040432699201533	-0.878293652471889	0.139859966143651	-0.31615641075
NEDD4	False	0.2044102486385565	0.309275590356827	0.234019848479677	0.10531853275
CSGALNACT2	False	0.204754678380882	0.586362626199152	0.0044734003696183	0.12845790625
FAM200A	False	0.2050524135302132	-0.302799623915726	0.017493406861818	-0.50345917575
SPTBN2	False	0.2050524135302132	-0.369118764234053	-1.69243180624892	-0.01121261375
RNF40	False	0.205104011641657	-0.7121248591654	-0.0809657585337975	0.087132087
ACVR1B	False	0.2056182943256826	-0.0841913755814483	-0.295904376332288	0.0406521895000003
POFUT2	False	0.2061266233635855	-0.245534040221929	0.0095802674426366	-0.23340152125
TOMM20	False	0.2066853856778884	0.288290402082338	0.0151353871597184	0.15077599675
RAB11FIP3	False	0.206927418858318	-0.390529728659891	-0.195039941380691	0.116417531
ACTR10	False	0.2070301061294017	0.239419836526397	-0.0166608528578047	0.303183325
DYSF	False	0.207437846557749	-0.737874923851432	0.0913427219903564	-0.3577862095
LIX1L	False	0.2076680077621991	0.146154141906217	-0.080697575392259	0.435848693
SESTD1	False	0.2078741436769942	0.162519713207798	0.0958855204619331	0.128968554
SCYL1	False	0.2079380183255926	-0.584442812070548	-0.109531148095091	0.0455829159999999
TMEM168	False	0.2082280424504734	0.467481481327679	-0.056631274038832	0.242050701
ARAF	False	0.2085090683776829	-0.413917441077064	-0.131256038191423	0.0239467217500001
EMC9	False	0.2085090683776829	-0.234808388136933	-0.520471900103548	0.024869614
MRPL53	False	0.2085090683776829	-0.164644594975752	-0.254143849066702	-0.0577568327499998
TMEM69	False	0.2085090683776829	-0.0077455974674158	-0.192340416460367	-0.127494065
IGHMBP2	False	0.2085527360400547	-0.640764211915589	-0.394837019541219	0.1693152085
PSMD7	False	0.2085546344149046	-0.141561769307799	-0.132519848272048	0.00987905425
HMCES	False	0.2086549259012157	-0.286913386421914	-0.173254948728363	0.0789528122499999
SLC5A6	False	0.2086549259012157	0.13164690541117	-0.495603152571039	-0.02077653425
STK25	False	0.2086549259012157	-0.714119338148857	0.033709703779075	-0.0959127479999999
TP53BP1	False	0.2087279095766956	0.0173508425273141	0.113165813652062	0.2698197305
RBBP4	False	0.2093842065077038	0.314412819770522	-0.10558133862271	0.47094541375
RPS3	False	0.2093842065077038	-0.153009793855702	-0.0823593122869415	-0.0864306962499999
SAT2	False	0.2093842065077038	-0.513178369892588	0.062320554383696	-0.4103108475
TMCO3	False	0.2093842065077038	0.215527573942842	0.0474728327712004	0.16657415425
ALDH18A1	False	0.209535859646095	0.190632645796362	-0.253172777818459	-0.307804018
THOC6	False	0.2098261626945357	-0.533722766191463	-0.336540992854234	0.172367905
NR2F1	False	0.210207509761522	0.111676096083301	0.0285128260568381	0.32231216675
CDC16	False	0.2107114623215824	0.128003694502363	0.0129273836770212	0.2773939585
DOCK9	False	0.2110570892649895	0.12481741349475	0.106213747607452	0.1893667715
HINT2	False	0.2110570892649895	0.0965630351240332	-0.200990053442473	-0.31228634225
NUP214	False	0.2110570892649895	-0.309133944817404	-0.134579206017592	0.0559938307500001
TRAF2	False	0.2112094273287682	-0.78526884087976	-0.521264253134265	0.2248804415
CCNL1	False	0.2112202065777129	0.220068327506369	0.110186927479034	0.163231366
DPYSL3	False	0.2112665380041331	0.0589743525584252	-0.169255888942422	-0.1037429475
RRAGC	False	0.2117211893854337	0.415173241214374	-0.018577943293721	0.25753470525
ANKMY2	False	0.211974623291878	0.10957345472137	-0.0024984726856018	0.39956138525
B3GAT3	False	0.2122176323693762	-0.70195061975293	-0.0137609282542499	-0.1730610345
ARPC5L	False	0.2122545022025257	-0.163384430793943	-0.259452828631189	-0.0546654960000002
TEP1	False	0.2122545022025257	0.0485308561901698	0.0840784503504732	-0.906738829750001
TWF2	False	0.2123946988526944	-0.728438999039604	-0.0302253885737125	-0.0926744057499999
SPEN	False	0.212881602026868	-0.0480035404949071	0.0773493972078212	0.27701530075
PDRG1	False	0.213000360913958	-0.210676245782559	0.0240740289696273	-0.397270995
DYM	False	0.2130376526342165	0.0396775528218898	0.0748112614347019	0.197387177
RANBP3	False	0.2130376526342165	-0.521876870988614	-0.211796705358243	0.2664823925
TRIM33	False	0.2130376526342165	0.466995851313365	0.0278803656322761	0.0278585092500001
EPS15	False	0.2131019711418508	0.499217103013714	-0.0648688340041375	0.2892235385
SOD2	False	0.2140158995577219	0.677159985290261	0.0796182337856592	-0.0036832892499998
TMED3	False	0.2141801220840035	-0.208420988601532	-0.0667617031614523	-0.21281264625
UFSP2	False	0.2141801220840035	-0.0131664858091485	0.255287223242362	0.0557575017500001
XRCC5	False	0.2149941148887215	0.0545423464025809	-0.258802606918303	0.028316871
CDC5L	False	0.2150576213804545	0.141088749343337	-0.0097702162351573	0.32664863025
NEXN	False	0.2150576213804545	0.11565278777558	0.155407743525311	0.17424563875
BAZ1B	False	0.2157463755317678	-0.127936649815671	-0.156375773806283	0.12118935325
GLTP	False	0.2157463755317678	0.0941079607469675	0.0547132560647432	0.1953578905
ULK3	False	0.2163182789339018	-0.645299772611757	0.0922408141099025	-0.0794614947500001
VPS4A	False	0.2167697153787558	-0.340263946695876	-0.0388399794028018	-0.167982873
HDAC1	False	0.2169185153426356	-0.102821725335468	-0.088546421016078	-0.191706736
C8ORF76	False	0.2169839482900572	0.139028499834025	-0.057809146318645	0.407632495
RWDD4	False	0.2169839482900572	0.277086172604037	-0.0347762025238287	0.211790385
ELOVL5	False	0.2169854191605416	0.165397015550381	-0.046063315249782	0.610517854
HEG1	False	0.2171865208554649	0.101037817805431	0.19277336387714	-0.0603918492499997
LDLRAD3	False	0.2171865208554649	0.184353698670536	0.189462911048754	-0.0668399385
TMEM256	False	0.2171865208554649	-0.431290656859624	-0.184544190212888	-0.163584288500001
FLOT2	False	0.2190975374911561	-0.536862032535447	0.127175120878357	-0.51874708875
PARP14	False	0.219283602329254	0.147984442300169	0.262340398549115	0.0085382320000001
PTP4A1	False	0.2193442068785456	0.366731051537168	0.0265026896901954	0.2460729235
CHCHD1	False	0.2193506703096579	0.127334437736537	-0.257771587803345	-0.11297592625
PPP1CB	False	0.2193506703096579	0.56428304300993	-0.0946787207421034	0.4745563065
DCP2	False	0.2194800357373956	0.322507856970133	-0.190002243336025	0.6103328985
RPS28	False	0.2196409577148124	-0.172736801724994	-0.0908907924175626	-0.24446329575
RPL7L1	False	0.21981387464559	-0.0962570595978365	-0.305078764635753	-0.15013261775
SEC14L1	False	0.2203724835330089	0.0336260919297526	0.124331494301019	0.0312789630000001
FYCO1	False	0.2204947657147109	-0.0986274646370049	0.128152438451687	0.34090934425
MAN2A2	False	0.2204947657147109	-0.178617227019446	0.283764152863611	0.00328818875
NCS1	False	0.2206991787173824	-0.356810673975586	-0.100969024916637	0.0689217352499998
MAST2	False	0.2214470815979409	-0.493605329908864	-0.0679597526367406	0.10501641525
COPS3	False	0.2226668192178486	0.0546542706569824	-0.296218815922297	-0.0490816162500001
COMTD1	False	0.2227088968366647	0.0471621359898489	-0.267144266324034	-0.403468809
SDHD	False	0.2230100590651117	-0.0150479463934907	-0.216763958043728	0.0550853100000001
PRRC2A	False	0.2234999806135151	-0.635962323299379	-0.505870422862985	0.3006490625
UBE2L3	False	0.224515892214132	-0.0897167739970932	0.0014639470150025	0.6598212595
TCEAL4	False	0.224652497357443	-0.409328722787135	0.117436959964641	-0.3209736125
RNASET2	False	0.2247956612826635	-0.147003257115697	-1.33877149401064	-0.26191377775
EPB41L2	False	0.2248079287268369	-6.75179520204239e-05	-0.260133035401129	0.0446632414999999
SH3KBP1	False	0.2251427006047727	-0.0596623634158391	-0.215496890855	-0.039789241
ELP5	False	0.2264100172964175	-0.231439681832999	0.66826587504866	0.50566543025
IRF1	False	0.2264100172964175	-0.46854987552114	0.799208610656496	0.30350721925
ZNF395	False	0.2264100172964175	0.0703008309644524	0.481019465158839	-0.06026857675
EZR	False	0.2267154682154897	0.0519064794831463	-0.266491971480868	-0.114892035
TCF7L1	False	0.2267432345199193	-0.538689988797043	0.848729008660536	-0.0110772535
BUD13	False	0.2273338738183208	-0.10175175077177	-0.404048013083584	0.0752469467500002
CASP4	False	0.2273338738183208	-0.135621395807447	0.154477977350245	0.28624032375
NADSYN1	False	0.2273901734123392	-0.601231998026577	0.280225067043912	-0.33191631025
CBX1	False	0.2274818834783775	-0.0409271722664029	-0.340010170942864	0.158365234
TPR	False	0.2274818834783775	-0.120153127203012	-0.170736144932809	0.0615009624999997
MTMR3	False	0.2277084031502198	-0.0844800068452081	0.494434503568735	0.19861937625
RING1	False	0.2277084031502198	-0.351335247827243	0.978517907337857	-0.73625860525
PGM1	False	0.227935900410155	0.405000970446911	-0.334692504201803	-0.31412448125
NDUFA4	False	0.2279847224352479	0.287209757851802	0.0658708838006676	0.1093045375
ZDHHC8	False	0.2281867983612507	-0.655560819848016	-0.126760968097664	-0.0460049625000001
SNRNP25	False	0.2283530163610554	-0.338023004742577	-0.410604951443172	0.24499581325
CCDC90B	False	0.2283653689109147	0.164154429068303	0.100995298957167	0.0700634855
MPZL2	False	0.2284843445246711	0.0427921566420739	-0.327161854772151	-0.10657990375
ASXL1	False	0.2286423162076246	0.18696097879463	-0.215279771135322	0.37251475175
TOX2	False	0.2286423162076246	-0.36376927561811	-0.0300821243471772	-0.22081735825
CMTM7	False	0.2289032427212443	-0.519839601735263	0.205853755399879	-0.48314949775
PHLPP2	False	0.2292824850944838	0.120617876600704	0.0412562347167889	0.29672077175
BZW1	False	0.2297114144013927	0.279110869896549	-0.132385686135526	0.603133454
CTPS2	False	0.2303294594218222	0.0235998995358111	-0.0315845281760665	-0.49274859575
MIER1	False	0.2303785228727422	0.515304574906097	-0.123753638469912	0.39184222125
HOMER3	False	0.2308813161601562	-0.563588738026812	0.433663033833911	0.35622330275
ASB3	False	0.2328984407250151	0.249904593879117	0.402892825465483	0.0688659122499999
ASL	False	0.2333881733841318	-0.67151660982897	-0.208342974312746	-0.10623677475
MRPL23	False	0.2333971074954745	-0.494136613051592	-0.364058707565053	-0.0309844710000005
CCNG1	False	0.2334161400853112	0.176040727001089	0.0424331830056079	0.19268140575
CKAP4	False	0.2334161400853112	-0.150314473670594	-0.0551921250815113	-0.18952002925
MTSS1	False	0.2334161400853112	0.0844621857883263	0.518358546147359	0.22499856225
RPS16	False	0.2334161400853112	-0.232724898350075	-0.225280335631323	0.13069953225
CHFR	False	0.2337138622890723	-0.155762195918176	-0.200222960842247	-0.01368357325
PPP1R16B	False	0.2337138622890723	-0.122403946372962	0.679307207792959	0.02380208425
ZNF667	False	0.2340871072357811	0.0896241100475801	-0.48879837916284	-0.58689936675
COMMD7	False	0.2340902170479617	-0.0618964210409567	-0.0979208647428962	-0.27992097925
KAT7	False	0.2340902170479617	0.0063015156258012	0.192841258030092	0.06048315725
BRF2	False	0.2340915808789655	-0.17652052846733	-2.86935061429372	0.11431170425
MAP3K11	False	0.2340915808789655	-0.492000821056183	0.142920670114765	0.573379197
RPL10A	False	0.2340915808789655	-0.099804132051899	-0.0496614646676523	-0.297593448500001
CWF19L1	False	0.2341482885241913	-0.0162337137317348	-0.261266699643334	0.00825949
GLA	False	0.2347210107264429	-0.130981650290949	-0.5002052909884	-0.20882459325
MRRF	False	0.2350937594287989	-0.22578456382448	-0.170546587480665	0.0965206379999996
ACSL4	False	0.2352515263768403	0.512292175767727	-0.151875038686613	0.2636715905
CDH2	False	0.2353682068532127	0.50947412551441	0.243819986024234	-0.23992103425
ZNF274	False	0.2354956495655271	0.066181660150817	0.267220105325337	0.0607366662499999
SSR2	False	0.2358561779572724	-0.192187355164883	-0.0904230793985725	-0.0490343305000001
SCRN2	False	0.2359247559300867	-0.792372053633073	0.300839753774753	-0.45678837725
PTPRK	False	0.2360628810309097	0.357708125958008	0.0307075280641609	0.19420219925
PGAM1	False	0.2361076145649096	0.189696270767975	-0.267811124586425	-0.13003985975
HNRNPA3	False	0.2364383449884356	0.0643938379269944	-0.60980768312084	0.28218177475
CEP135	False	0.2366190455074398	0.351417759410937	-0.996416178885459	-0.44508403275
ALAS1	False	0.2368664035514354	-0.305874208939115	-0.168380481532057	0.155303932
ABCC5	False	0.2383927298758859	0.317635055254113	0.0722708768701192	0.0613903307500001
RAB1B	False	0.2383927298758859	-0.626616443953417	-0.0082270629727503	-0.0021615125
GBGT1	False	0.2387656355470565	-0.56136044455174	0.162687064893074	-0.18915313725
ID3	False	0.2387656355470565	-0.269854352392982	0.0417665236655473	0.7397491875
SRSF2	False	0.2387656355470565	0.0083106931556686	-0.175089392385327	-0.23092491
CDK9	False	0.2388663827336321	0.0363935306848964	0.0013560114055621	0.38294528
LAMB3	False	0.2391682401976335	-0.116774535758856	-0.497959205988761	-0.0228821042500001
CASC3	False	0.2394975746347634	-0.0459997472530658	-0.139283280494727	0.00653074175
GPRC5A	False	0.240030579166741	0.13730430255654	-0.0084020093370139	0.408988566
MVB12A	False	0.2401885354799071	-0.607918977768947	0.124884191669611	-0.43716231025
OAZ1	False	0.2402318933667125	-0.34729095576634	-0.187905463780574	0.109794503500001
SUMF2	False	0.2402318933667125	-0.159031873053205	-0.27893429935556	-0.18001600275
CTXN1	False	0.2402592091719634	-0.690889311843974	0.94253154480622	0.28336543975
C6ORF62	False	0.2405318540260008	0.404869145410474	-0.0959638171280801	0.284841196
XBP1	False	0.2405566052854069	0.313709517022067	0.137862752728162	0.0111897120000001
RNGTT	False	0.2405734981506883	0.36489192950423	-0.176971446854061	0.45049621
SH3RF1	False	0.2405734981506883	0.563925852354288	-0.338606749741155	0.357570206
TTI2	False	0.2405734981506883	-0.0386747255595892	-0.246945385916476	0.5536880695
KRT10	False	0.2408844412084648	0.609221522648185	0.355975251010878	-0.11843595375
EIF4B	False	0.242520741852223	-0.0345277469420431	0.275060355259956	0.14842434775
ARMC7	False	0.2426912583307768	-0.25384204872737	0.274165443469597	0.35611040925
RPL35	False	0.2432055679880307	-0.502175480268821	-0.175276190431888	0.0906753765000019
BHLHB9	False	0.2434056079554487	0.285839508270617	-0.144013296623767	0.46425293025
EXOC6B	False	0.2435026188830652	0.126727671788421	0.907055955194556	0.0015584054999999
SDR39U1	False	0.2440869574041738	-0.356247038885663	-0.266581627975904	0.0670322602500001
ZKSCAN1	False	0.2441686008459778	0.243772614612842	0.0223499999714232	0.15672520825
MANSC1	False	0.2447359208943235	-0.17105475088768	0.133953881577096	0.22633374625
MRPL14	False	0.2447554636452029	-0.0324310117482529	-0.15712320003906	-0.159403583
ALYREF	False	0.2453221195941341	-0.490136375498963	0.594584114385602	-0.45168066925
BGN	False	0.2461542420296829	-0.46147915668478	0.552512980149178	-0.0828504687499998
RUSC1	False	0.2461542420296829	-0.408273826607147	-0.118584664191579	0.0254298527500001
TOR1AIP1	False	0.246589550837791	0.275125267176397	-0.0014716567511845	0.26715236875
MAP3K4	False	0.2467799259997006	-0.226571471616873	-0.315026364795588	0.2629620935
CDC14B	False	0.2468417206724547	-0.469282937993461	0.745953269942978	-1.294133658
POLH	False	0.2469382924857691	0.0043978626789478	-0.156368146005905	-0.5372866795
STXBP1	False	0.2475570474969432	-0.561808705177456	-0.014207375615924	-0.00581951675
SDC4	False	0.2480154189788949	0.426960224358779	0.114420630323826	-0.0591878245000002
TMEM39B	False	0.2480154189788949	-0.536321482683818	-0.371982138873177	0.267677794
GSS	False	0.2486093764627471	-0.258911301618319	0.688244128234671	-0.812613595750001
STEAP1	False	0.2486093764627471	0.0925298070680771	-0.755606664279714	0.314523043
MERTK	False	0.2487385378178578	0.121283309985006	0.248077469317561	0.14187653
SLC39A7	False	0.2487385378178578	-0.125609941078054	0.145376215361285	-0.6904611695
CTHRC1	False	0.2487459778166356	0.696943865494645	-0.127958723526252	0.1440882615
SNRPN	False	0.2487459778166356	-0.370016903871809	-0.0041067406270798	-0.07294542875
TMEM185A	False	0.2487866846594117	-0.150039128253707	0.29727053751937	0.20442982225
INPP5A	False	0.2490092316037971	0.0878922831258349	0.159068869029534	0.120505311
NMRAL1	False	0.2494763861510729	-0.712479769600857	0.193093835070529	-0.36069879575
ZRANB2	False	0.2495068461780853	0.111380421751368	-0.0742961140235749	0.7457635295
SEC61B	False	0.2496729742327418	0.0557344868360028	-0.114329751053	-0.19612952525
OCIAD1	False	0.2497869313569324	0.0675280336067523	0.383588095812856	0.01162355925
FBXO7	False	0.2500379121317415	0.0270007927655289	0.123038245850915	0.0249491135
KLHL42	False	0.2500379121317415	0.347183458153474	-0.0042536832878425	0.21857244275
PXN	False	0.2506336037737257	-0.411803199267093	0.0189231004113033	-0.055824272625
SPCS1	False	0.2506336037737257	0.0796792546756509	-0.163709069474066	-0.13450224775
LRP5	False	0.25072858089938	-1.18715334514835	0.299395726581449	-0.16135687025
ATL3	False	0.2511393047651652	0.313211675416249	-0.290728907070876	0.404220561
XPNPEP3	False	0.2513921860726454	-0.0339930257913661	-0.0035599067429599	-0.617574141999999
TSPAN14	False	0.251685792221988	-0.0885559421730715	0.118803654644474	0.1898375775
ERCC3	False	0.2517036248247106	-0.247661984776936	-0.404375409349537	0.0566688850000001
VPS72	False	0.2520651953533796	-0.61306837026584	-1.01559613684638	0.12038943875
POLR1C	False	0.2521378549060298	0.0140343571616945	-0.0496267988797063	0.50293310475
NDUFS7	False	0.2523331914123449	-0.814021636940179	-0.158323196989731	0.0310477864999998
TYK2	False	0.25325917326928	-0.615865692979434	0.883815650753687	0.3260122665
ATG7	False	0.2533672118157039	-0.0049314585277047	0.0263353981093957	-0.4373270965
TSC22D1	False	0.2534826281867134	-0.113022489877129	0.0159837494641435	0.46993237
RAPGEF1	False	0.2539888216773507	-0.32112046834318	0.119431845697621	0.4223230195
MSTO1	False	0.2541247847523883	-0.386129081253756	-0.0743571714782192	-0.0494319965
APOL2	False	0.254963463892472	-0.392612165631107	0.0023832217925958	-0.13186839775
SMUG1	False	0.2552454186982231	-0.380892681536137	0.0830931053312467	-0.24955936675
VCP	False	0.2552701949335485	-0.127153549049007	-0.0859292651763628	0.0134374317500001
MEF2D	False	0.2553396554629718	-0.46137071625257	0.19524349742273	0.54581177875
WDR61	False	0.2553396554629718	0.0503615970411744	-0.138351883104272	-0.14949507675
PAK4	False	0.2556695187465879	-0.909459845017673	-0.256645794478585	0.27276294275
AKIP1	False	0.2557448057955475	-0.122106646404125	-0.163519937950817	-0.16099955825
MFSD1	False	0.2557448057955475	0.393708616636624	-0.215983046596435	0.146075805
USP47	False	0.2557448057955475	0.159480281261125	0.151869657361432	0.0409193175
WIPF1	False	0.2557448057955475	0.139705601911772	0.10192687572367	0.0648563065
RAB3IP	False	0.2559689997514108	0.45528675956313	-0.109713747363164	0.268757384
RPL7A	False	0.2559689997514108	-0.100867931743068	-0.0652889362600604	-0.14813571725
SLC16A3	False	0.2562483282323863	-0.12836810830535	0.325857705463483	-0.822341689500001
RAP2A	False	0.2565068171975624	0.492100348795287	-0.153214790947001	0.4776570035
PGM3	False	0.2568816925253641	0.509926234444595	-0.166572755243562	0.3592757175
RNF44	False	0.2568816925253641	-0.107226827709551	0.182195683935668	0.18196473325
INHBA	False	0.2571908232603248	1.16719483827092	-0.0692713261489004	0.0825401705
P3H2	False	0.2571908232603248	0.98403392449064	-0.0022707913351811	0.0846130335000004
PTTG1IP	False	0.2571908232603248	0.275747152652384	0.150249982083352	-0.2706405365
VPS37C	False	0.2574375279245169	0.0296919703607674	0.103988093446345	0.20821279225
KPNA1	False	0.2575382209488571	0.302197943807897	-0.0548224835508302	0.2482882315
TUBGCP2	False	0.2576306182686552	-0.395826071608293	0.596086708801892	-0.31834319025
ZMYM3	False	0.2578727964488055	-0.374777621874075	-0.148040769624672	0.078816049
VANGL1	False	0.2581764404075471	0.054076720599312	0.180503798080162	0.12561186725
PATL1	False	0.2593730535032595	-0.0045582169271787	-0.145023384494993	-0.1180574795
CYSTM1	False	0.2596276847805837	-0.371076643481629	0.0611178050148196	-0.23209217725
METTL2A	False	0.2596276847805837	-0.22307701703352	0.170974975687944	-0.4811876365
MTHFD1L	False	0.2596276847805837	0.0325813816306395	-0.193389113021251	-0.0794228364999999
HNRNPK	False	0.2601002728933132	0.221472402531257	-0.322426185185222	0.10207076625
LY6E	False	0.2601127832794433	-0.880319584297457	-0.0769824506835173	-0.0682556272499999
PEF1	False	0.2601127832794433	-0.32603297053091	-0.131562259732985	0.0870655042500001
ATP6V0E1	False	0.2602549631434382	0.0259634660501114	0.226950733769481	-0.2021237775
SYTL4	False	0.2606397272468127	0.285414959394861	0.200645974043273	-0.015433704
CDCA4	False	0.2610477363400234	-0.0244604776240491	-2.82820451474054	0.517628057
MTRF1L	False	0.2611255283099639	0.389890463803858	-0.0081994814243824	0.0421768492500001
SMARCA5	False	0.261862177758119	0.122563765461817	-0.110099009697402	0.8428610555
SLIRP	False	0.2631670608128943	0.152138441949207	-0.267546218369667	-0.5266315665
FKBP1B	False	0.2633464163218104	-0.0095794663741259	0.470547590344775	0.0242469762500002
SMG5	False	0.2633464163218104	-0.185078151836115	-0.318843052872089	0.27540085225
LPIN2	False	0.2634031451164905	0.402209537447742	-0.0004469264907669	0.22073047125
MAN2A1	False	0.2634031451164905	0.506364577268014	-0.0460420807289967	0.18186808
IFI27	False	0.2634879898724069	-0.227684419455868	0.687215925279123	-0.0518356755000013
XPNPEP1	False	0.2634879898724069	-0.097376959573654	0.0650251791486838	-0.848373325
OGFOD3	False	0.263537704098603	-0.462082067769369	0.0116558275786369	-0.119428731
RAB15	False	0.263537704098603	-0.466207930857906	0.131365408375391	-0.26897603975
ZNF786	False	0.2636884537099462	-0.184610288415141	0.406908172324448	-0.68637005775
MRPS2	False	0.2644797040496956	-0.671779483052299	-0.314712784827692	0.27966083075
IFRD1	False	0.2646386791637903	0.436341725796669	-0.125527463678619	0.27047398225
GNAI2	False	0.2654185593819753	-0.678844939889139	0.165404472977297	-0.632591896499999
GIMAP8	False	0.2657440442363164	-0.443736291142889	0.100438351797883	-0.19647522625
MRPL54	False	0.26615305985074	-0.201271945985155	-0.208555093098843	-0.096008903
ABCG1	False	0.2661651073802445	0.156671484673447	1.00135392349045	-0.20188171725
NAPA	False	0.2662947865297402	-0.452004882388292	0.0421880270323349	-0.3198900045
ME2	False	0.2665389344685583	0.0174322724493203	-0.35596250403002	0.13465813775
HSPBP1	False	0.2671980348116612	-0.353728762681577	-0.347602694871167	0.090569563
MICA	False	0.2673885017700648	-0.0182194798442907	-0.247286170967722	-0.0594628450000001
KDR	False	0.2675332153539909	-0.133652308849112	0.393350148106068	0.0030136027500005
RAI14	False	0.2675332153539909	0.37062793873141	-0.0497893026637648	0.231550521
SRPRB	False	0.2675332153539909	0.0050428335113474	-0.454752565920302	-0.26240712925
TAF10	False	0.268018844590383	-0.171960530652287	0.33232893189872	0.17955489975
CTDP1	False	0.268118671868095	-0.307499598968437	0.442962967526252	0.38389020675
DNAJC15	False	0.269046413487662	0.123802167511007	-0.264144685832441	-0.10497099975
SMARCC2	False	0.2691487515034493	-0.1104452201799	-0.134203123483917	-0.0202462437499999
MAP4K2	False	0.2693237930188921	-0.475689890729344	0.126359420071469	-0.414672299
ACTR6	False	0.2694693457978528	-0.0485912928102992	-0.0846435184558168	0.70883765225
ICA1	False	0.2701723363433181	0.0071121519398351	0.392213309029476	-0.09628862775
CNN2	False	0.2703986636240769	-0.4764726644748	0.158572666612375	0.6000716745
ELK1	False	0.2708294572496701	0.0812270583811214	-0.0735218139816691	0.53752848525
RBPJ	False	0.2723121514383455	0.457780831824407	-0.254962398275203	0.15062421575
ARHGAP22	False	0.2726371449172443	-0.216901996523029	0.0481942581614105	-0.32886242
CSK	False	0.2727152729158079	-0.780046877474116	-0.467123884048672	0.56824187675
ATP6V1B2	False	0.2732966013567678	0.167365804341979	0.0271959660816865	0.174534209
TSPYL2	False	0.2734986875651798	-0.516845842895575	0.642315725027397	0.142082786
ORC5	False	0.2737176004255585	-0.14414862558264	-0.366118559918774	0.13614772875
TJP2	False	0.2737176004255585	0.105423230835961	0.235376900946887	0.01598873075
USP4	False	0.2737176004255585	-0.24379538899688	0.0747340571997892	-0.2443663585
CLCN3	False	0.2737727854362501	0.3528064687389	-0.0803070603541007	0.2736171585
NECAP2	False	0.2739470963930907	-0.0820454789944103	0.151885796650643	0.0499060797500001
MICAL1	False	0.2749145771659815	-0.667971956234126	0.0884092185816972	-0.271262564
TSPAN17	False	0.2749145771659815	-0.406783947077839	0.107538972898247	-0.46461500925
SDHAF2	False	0.2751125321182652	0.126021689555781	0.165975262970279	0.0272315947500001
SNX3	False	0.2753067488933361	-0.025813387995905	0.0293391705453745	0.522177066
GABPB1	False	0.2753413690606313	-0.0016033958114096	-0.180402483415864	0.0398949672499999
ZW10	False	0.2753413690606313	-0.0573558554073337	-0.234432830960298	0.0404775595
MRPL55	False	0.2760593778495055	-0.42653464399083	-0.0608841574713912	-0.14961954025
PAK2	False	0.2761172856571298	0.554359205772547	-0.110548131787113	0.29892707675
RSPRY1	False	0.2762872563095898	0.130650927351067	-0.220942951672742	-0.0258272157500001
TP53	False	0.2763267241824485	-0.209673736211673	0.295316827350691	0.126800789
PSPC1	False	0.2764190367391264	-0.160288927726731	-0.153354549106084	-0.0063927415
SP110	False	0.2775485375640231	-0.137797723592299	-0.1373064415981	-0.245335095
NAT14	False	0.2775628615070063	-0.131470703455656	0.316867310284377	-0.6350490125
SEC23B	False	0.2776255295004793	0.0397936629324915	0.136746868277317	0.18273026875
CUEDC2	False	0.2782010984858379	-0.800214297158323	0.0091184993220334	-0.0696198804999999
CCDC88C	False	0.2789921732189573	-0.271809768320545	0.197344426210717	0.46494765075
LSM14A	False	0.2790204867401681	0.19537584976932	-0.442461903486588	0.3572196955
MRPL32	False	0.2790204867401681	-0.031552010656716	-0.117309002108276	-0.12527149275
MYBBP1A	False	0.2790204867401681	-0.781303819289554	0.305202688083752	-0.11598152675
PIGP	False	0.2790204867401681	0.403533760032367	0.089635018087515	0.0044201819999999
RFX1	False	0.2790204867401681	0.143560523762201	-0.138592408019745	0.41603121925
SKP1	False	0.2790204867401681	0.131100399956075	-0.014710015035722	0.355259784999999
SNAPC1	False	0.2790204867401681	0.215315359185302	-0.128758598184495	-0.58628418775
SNX6	False	0.2790204867401681	0.112057747096334	0.0129136870669528	0.282605416
TRMT1	False	0.2790204867401681	-0.740798043990314	-0.0781510152266085	0.04519124025
U2AF1	False	0.2790204867401681	0.256736835612204	-0.165674864040682	-0.756521014
VAPB	False	0.2790204867401681	-0.102300445951447	-0.176073075903403	-0.0041756269999999
SPAG7	False	0.2790264015608673	-0.637939451301973	0.0574382955427737	-0.1949630975
PFKM	False	0.2792527359330484	-0.339839773764249	0.0515858372679734	-0.2023051345
RPL11	False	0.2792527359330484	-0.235378531793533	-0.0830457104408779	-0.121452981750001
TMEM14B	False	0.2792527359330484	0.010404836884045	-0.34933731229579	-0.2650433255
UTP3	False	0.2792527359330484	-0.0683010075702635	-0.0839787122779523	0.611218349
G3BP1	False	0.2792774736834298	0.314929832150195	-0.194537306997484	0.8026447345
ITPK1	False	0.2793625398021624	-0.487725655644679	-0.0780770116884977	-0.02073658275
TRPC4AP	False	0.2793855727643001	-0.13625067872021	-0.0418145649135626	-0.0805004662500001
PEX6	False	0.2798124481601736	-0.310278392389617	-0.003299500697715	0.59949436
SP1	False	0.2799297604309014	0.107174697675891	0.0719916898859854	0.0723899607500003
VDAC2	False	0.280074267581158	0.0547280009528173	-0.320762558356438	-0.307899506
WDR19	False	0.2805940206507645	0.0410242180760911	0.162992348223703	0.12314075475
AHSA1	False	0.2816439382831273	-0.508816943448633	-0.227875707941454	0.3839156305
ERO1A	False	0.2816439382831273	0.426717274802524	-0.165077244097897	0.451252413
MAPK6	False	0.2816439382831273	0.483262291323792	-0.131302647257412	0.40653884525
PRPF6	False	0.2817630550426429	-0.669562714194553	0.0735378435602465	-0.30004264275
CDK5	False	0.282277016144917	-0.528045820806998	0.242210998006121	-0.13906329075
MRPS27	False	0.2824694945617731	-0.338332195177564	-0.0758039195338425	0.0347047442499998
CENPB	False	0.2828759059763949	-0.455424840475594	-0.29106554637944	0.189904423
CUL4A	False	0.2828759059763949	0.0087686764322612	-0.0474299704004411	0.4819615455
EIF4E	False	0.2830789336604881	0.387945129225725	-0.170053214320681	0.497882311
EXOSC8	False	0.2830789336604881	0.0419591716540069	-0.453433289369646	0.16538854775
GLDC	False	0.2830789336604881	0.0335861511215103	-0.518394620135728	-0.12576846425
HSP90AB1	False	0.2830789336604881	-0.276606265477097	-0.284847399404496	0.4019635045
MMADHC	False	0.2830789336604881	0.406773089428447	-0.0691270775106601	0.39009243475
NDRG1	False	0.2830789336604881	-0.389047182311868	-0.0106833449319619	0.0470422335
TMED9	False	0.2830789336604881	-0.045484111052934	-0.082216479677901	-0.3949192105
TMEM259	False	0.283374950460644	-0.620890272756928	0.137755595864411	-0.195094113
TXNL1	False	0.2837963569307779	0.0975369225784632	-0.0057994208414511	0.3917128935
ARSK	False	0.2841336393789626	0.515588291096097	-0.390305315938773	-0.436144502250001
PNPLA6	False	0.2841336393789626	-0.366463427836614	0.589448181520624	0.20159886225
PARVA	False	0.2845844672051074	0.118888301154182	0.461847175911542	0.0238006075000001
ALS2	False	0.2845995483826886	0.233804427736097	-0.0574299486433754	0.262832064
DESI2	False	0.2845995483826886	0.361524433209836	-0.0093142202895926	0.171511417
RAB7A	False	0.2845995483826886	-0.0922638579945136	-0.671199827965894	-0.1581964955
NECTIN2	False	0.2847846204664622	-0.647384515757923	0.132537926861381	-0.325187424
VPS37D	False	0.2847846204664622	-0.922501515483607	0.557133636414692	0.54691393475
BANP	False	0.2852183803234743	0.0548654564337903	-0.195151665890541	0.57642144125
VIPAS39	False	0.2858502164530958	-0.629520426894612	0.326034145843111	-0.2915602705
YWHAZ	False	0.2863589537958494	0.234864161045333	-0.0386149496268846	0.32512830875
EEF2	False	0.2868020122052062	-0.363934446922569	0.0702434546583408	-0.32328068175
INSIG2	False	0.2868020122052062	0.479226795492454	0.0048190451651288	0.14651941075
FNBP1	False	0.2873845939923563	-0.189335337189988	0.115292433473379	0.379448994
PIP5K1C	False	0.2873845939923563	-0.413564412788024	0.360939769565261	0.45689049475
FAM217B	False	0.2880656030209586	0.105466186008364	0.0160899753551669	-0.892844051999999
ARHGAP1	False	0.2883301169443305	-0.531928582927323	-0.0571342809568378	0.0413267525000001
FLYWCH2	False	0.2884443708241586	-0.541994758201366	0.224477237943167	-0.39656098275
MRPS12	False	0.2895720090719624	0.0223109966219903	-0.251528708015063	-0.2097917665
SPATS2	False	0.2895720090719624	-0.212323093642381	-0.204101270578986	0.148079505
SUDS3	False	0.2895720090719624	0.27508773025717	-0.0324607451465999	0.181258012
RPL27	False	0.2898113141690076	0.0200400021010836	-0.398057149533662	-0.025471285500001
HMGB1	False	0.291051318234428	-0.0724520402425668	-0.578362955124849	0.692345526
ADRM1	False	0.2910924318992812	-0.718323347499044	-0.0776897125957925	0.0885685142500003
ALG13	False	0.2911972320316541	0.372802643148726	-0.0417574925858526	0.0589438995
CERS5	False	0.2911972320316541	0.112933156236167	-0.190605728191159	-0.28563256875
GNPAT	False	0.2911972320316541	0.359031816512207	-0.0856060427114658	0.244239248
HSD17B4	False	0.2911972320316541	-0.024118844071193	0.333423474659427	0.230030146
PSMB4	False	0.2911972320316541	-0.0541101109672351	-0.137104154565256	0.0256956262500003
SLC30A9	False	0.2911972320316541	0.312510199794393	0.0686900971784326	-0.16860982625
TCF4	False	0.2915637274145012	0.329585221086139	0.325188272447598	-0.573508834
CCBE1	False	0.2919861865724218	0.651848472522804	0.358720433767771	0.012026459
PAGR1	False	0.2919861865724218	-0.157087906403069	-0.284438081127803	0.0764272350000001
TRIOBP	False	0.2930325601194963	-0.363330635066292	0.18514955265838	-0.53377122625
LRRFIP1	False	0.2930489239670075	0.0675902045629897	0.0465821606716146	-0.87937811275
DGAT1	False	0.2931953062582048	-0.652153908188147	0.0020442563083542	-0.09691400125
RBM4	False	0.2931953062582048	-0.222861747155124	0.147899095730817	0.30599704975
PHIP	False	0.2932109685647004	0.474920727911536	-0.0939811892719025	0.24767226425
TOMM40L	False	0.2932109685647004	0.0560820270080074	-0.261545464282448	-0.04984691325
UBB	False	0.2932109685647004	-0.162355484807891	0.199921650665224	-0.550222634250001
ANKIB1	False	0.2935368353412965	0.408542262010869	0.0111594264445323	0.15706411575
JAK1	False	0.2935960242446819	0.0837686969741691	0.142123147266952	-0.0445142535
AEBP1	False	0.2936849300232729	-0.580019034725321	-0.0208574323805024	-0.0971273510000001
LIN37	False	0.2948768368935862	-0.242650930911979	-0.104778112911756	0.733831863
GFM1	False	0.2960844917398272	0.223550444045877	0.210397152625032	0.0162477525
GNB2	False	0.2962207098482257	-0.678028926182114	-0.029111065692601	-0.0662852990000005
ACSL1	False	0.2966384870268682	0.173114991970348	-0.0138006382867228	0.273054367625
PRKRA	False	0.2969163483808211	0.388536846639577	-0.147891812770567	0.27217608175
BLOC1S1	False	0.2969654908498145	-0.439762793072569	-0.576130121859307	0.0398486385000001
DERL2	False	0.2976613540983808	0.233890788754221	-0.0105192662202711	0.15498891975
DDX55	False	0.2977665218935926	-0.102898231673163	-0.365671097295084	0.12500903575
FASN	False	0.2977665218935926	-0.486918565480971	-0.600679213131562	0.63005205475
MED1	False	0.2978684353743654	0.330139427301276	-0.03215411019554	0.13990006125
CASP3	False	0.2978804031183804	0.255473848167489	-0.258106279754736	0.720430626
BCAP29	False	0.2989534734725212	0.465940483498375	0.0188451646862049	-0.0228325905000001
DDX56	False	0.2990968311860254	-0.167903383940195	-0.109559253753262	-0.0409748272500001
KMT5B	False	0.2990968311860254	-0.0119121834560243	0.103244948639804	0.1871370345
UBE4A	False	0.2990968311860254	0.553640175057113	-0.429561658130796	0.062589443
TNFRSF14	False	0.2993486735776581	-0.586549576968157	0.479636598677034	-0.445478274
NRAS	False	0.2994505378162229	0.524319085913494	-0.175566008193115	0.378073388
LSG1	False	0.299854066422779	-0.136436564798211	-0.0859360373180742	-0.02165330825
DBNDD1	False	0.3001284354466715	-0.727109677320557	0.0976953331913941	-0.0992635375000001
FGFRL1	False	0.3004588424138974	-0.73525236618052	0.327615073302238	0.3631001265
CLN3	False	0.3005949959984832	-0.318747038765449	-0.0350690032323797	-0.12217401275
ADCY4	False	0.3011149736085085	-0.562116855332572	0.845834865272354	-0.577031221
TRMT112	False	0.3011149736085085	-0.517152304012823	-0.178880009450986	0.0757638109999999
NECAB3	False	0.3015225036606148	-0.596857263686496	-0.0838078767080395	-0.1637214765
ZNF512	False	0.3015225036606148	0.042050570466091	-0.360674669647704	-0.0454977355000004
ARHGDIA	False	0.3021845170180864	-0.691141903984619	-0.0538959600006894	-0.0706053607499992
APH1A	False	0.3027857960805944	-0.24125289447833	0.0578332359790057	-0.3098086865
UQCC2	False	0.3027857960805944	-0.209728349711733	-0.374627755797334	0.12482570475
FAM156A	False	0.3032803671295674	-1.0134164280083	-0.545229973753662	0.07577471425
CNEP1R1	False	0.3044176063906343	0.401099072383244	-0.079857575253641	0.19797835
BCL2L1	False	0.3045843769721714	-0.610555476297523	-0.039318125383681	0.136206925250001
KIF5B	False	0.3049676601605199	0.544745740976841	-0.0786646353508118	0.189809565750001
ZNF623	False	0.3052848992486318	0.273840602616311	-0.721359737780228	-0.571873263625
CIB1	False	0.3061118276915486	-0.43702186282002	-0.17356940613461	-0.0534376647500006
SMARCAL1	False	0.3061897141204017	0.121144384879427	-0.235459669881168	0.3144337395
GPAA1	False	0.3066358197959871	-0.781024879784409	-0.111768413253998	0.079422003
MOB2	False	0.3066358197959871	-0.431482640274194	0.275669612178752	0.272188837
MRPS6	False	0.3066709428205952	0.315830557968846	-0.217255208444678	0.66632795625
VIP	False	0.3066709428205952	0.108770803984421	0.149686873826804	0.423466426
GLOD4	False	0.3067702239119565	-0.0457703328363159	-0.463079614283574	-0.08790696325
MSN	False	0.3072259978194681	-0.0435186432582757	-0.0711066773103397	-0.32180743575
EMC10	False	0.3073058414864	-0.14509060909727	0.424279752344386	-0.0527961962500001
TES	False	0.3075060918061555	0.335484280044341	0.101124399233221	-0.1379324625
NPM1	False	0.3076172327979072	-0.0133801292505638	-0.35247861194226	0.53017966625
SRRM1	False	0.3077840663912712	-0.0971787164791174	-0.237247131483093	0.24088129475
TMEM219	False	0.3084688396061432	-0.32044551039304	0.280072636029856	-0.022138631
CDV3	False	0.3085452380588184	0.0837460073735628	0.0033517301627732	0.36881489025
AAR2	False	0.3094570179284715	-0.317206341844183	-0.124086721965505	0.1954720045
TMEM115	False	0.3098509045528541	-0.532802149736281	0.1283692120071	0.5182853675
SCHIP1	False	0.3103293108914165	-1.28606376488899	0.765795649456486	0.1890854785
TIMM8B	False	0.3103702618106244	-0.137508483501771	-0.181717347641847	-0.0613970822500001
CLEC11A	False	0.3107938086627049	-0.202743734505184	0.0126573228015396	-0.32169207175
COQ7	False	0.3109729550233989	0.418730737435427	0.0100062296280248	-0.0563053099999999
PGS1	False	0.3109729550233989	-0.111968267652594	0.016769530719082	0.41628104475
MYH9	False	0.3113678155026327	-0.325629106841699	-0.115135100204244	-0.169110159250001
LYL1	False	0.3116689137051732	-0.518913714892313	-0.490844592510163	0.13461302475
GRPEL1	False	0.3117213965459252	-0.22057109954674	-0.165122581390856	0.12364723725
MFSD5	False	0.3117213965459252	-0.0047462264824229	0.100105984740455	0.3431507185
MYH10	False	0.3117213965459252	0.0527331004531053	0.182192147695385	0.05760453225
S100A13	False	0.3117213965459252	-0.0181724283311606	0.467990194434515	0.0365472902499993
SRI	False	0.3117213965459252	0.0931906944470846	-0.104904439854872	-0.40890015575
STUB1	False	0.3117213965459252	-0.561301331761639	-0.0001187028716955	-0.2025278535
TXNDC17	False	0.3117213965459252	-0.145724051096553	-0.126777435821268	-0.12178766875
MRPS21	False	0.3119094254179686	-0.121325398672778	-0.0888320175619404	-0.1531409965
HSPD1	False	0.3120909135584657	-0.220317622652294	-0.569786395375808	1.0764887635
DCTPP1	False	0.312292410769214	-0.284392468478202	0.481172074378688	-0.328296139
RAP1GDS1	False	0.312456381325232	0.16106577535067	-0.0658305039116875	0.317000182
RHBDF1	False	0.312456381325232	-0.29533599485187	0.53945458434124	-0.0507943405
RNF146	False	0.312456381325232	0.315308708481212	0.0423571412275168	0.1218595915
G0S2	False	0.3129737088136956	-0.0710984309767229	-0.727128403170526	-0.4019151455
RELB	False	0.3129826816593626	0.054452744288684	1.09326701271856	-0.14637984575
ATF7IP	False	0.312994538429091	-0.0046959130989225	0.221318486369456	0.2732783115
INTS9	False	0.312994538429091	-0.186208631021084	-0.373602421162963	0.1106985225
NET1	False	0.312994538429091	-0.157215954450472	-0.410172952229619	0.306010474
ZC3HAV1	False	0.312994538429091	-0.0397194812015291	-0.070411290881343	0.64732605375
ZNF417	False	0.312994538429091	0.225920096708717	0.183244565228881	-1.44158042
ZZZ3	False	0.312994538429091	0.499569301971087	-0.175091352375315	0.411730126
AIMP2	False	0.3145432696241325	-0.177553103377395	-0.189900045156991	-0.0297961132499999
ATG4B	False	0.3145432696241325	-0.197800229286498	0.0369184479308107	0.39329872175
KTN1	False	0.3145432696241325	0.248949518693334	-0.10831454036629	0.73092713275
PUM2	False	0.3145432696241325	0.382356981269933	-0.025324666476628	0.1355232575
VPS45	False	0.3145432696241325	-0.0603876313170622	0.137479525417143	0.19420818075
ZNF521	False	0.3148598607006437	-0.0448779600474287	0.285451235389361	-0.0781767755
GAA	False	0.316259129489177	-0.89933431673449	0.219855299423994	-0.35712903675
JOSD2	False	0.3165461086194108	-0.438773832482236	-0.210680905642093	-0.1969356535
MPG	False	0.3165533145230725	-0.789020456713456	-0.443530374086182	-0.0461253049999999
CAPZA1	False	0.317233351685584	0.251611351034124	-0.131025633088628	0.638046300249999
EXOC1	False	0.317233351685584	0.30994771177906	-0.0478791365793798	0.23359090975
MBNL1	False	0.317233351685584	0.363146467599737	0.0844959380259365	-0.0936585942499999
NDUFB10	False	0.317233351685584	-0.126797681189939	-0.075144588467384	-0.2612158345
PILRB	False	0.317233351685584	-0.48076272860132	0.101110122509543	-0.00333916725
NT5C3B	False	0.3172536131050781	-0.230612330993758	0.0782832203892028	-0.26494437075
TCIRG1	False	0.3172536131050781	-0.318079728010229	-0.0589491280936407	-0.2125367405
MRPL34	False	0.3178495926010002	0.152798926275886	-0.117744069340016	0.27815283975
CDIPT	False	0.3181690681515579	-0.457919956205912	0.0900820157153408	-0.169634991
EIF3E	False	0.3181690681515579	0.0874441042878811	-0.251745153598572	0.50830524425
FBXO31	False	0.3181690681515579	-0.267936588126089	0.0065423980584364	0.56190120725
SS18L2	False	0.3181690681515579	0.575018930351474	-0.957898737201199	0.23037946125
CCDC93	False	0.3182035978722702	0.0334079348624989	-0.0049110286677178	0.37258736325
HLA-C	False	0.3182035978722702	-0.4406320313422	0.586548167139513	-0.4399736195
ARMC10	False	0.3187868167949534	0.195688182071279	-0.0428357661092882	0.21543641325
CCNY	False	0.3187868167949534	0.166659387582236	0.0816088903777796	-0.054767984125
HDDC2	False	0.3187868167949534	0.0291806886503894	-0.122750824722609	-0.31397802875
BST2	False	0.3188288178258414	-0.892327925824236	0.0280867048493363	-0.135247464
TSG101	False	0.3190394395792588	-0.221665772504423	0.134454830168616	0.34431363175
DMTF1	False	0.3204506360298945	0.0880606407467903	0.125434571364258	0.25734966775
CCDC25	False	0.3217573106897132	0.14810119980733	0.0315561951716408	0.10578194325
NDRG3	False	0.3217573106897132	0.0530015412799303	-0.134356688468292	-0.14753023375
PCGF2	False	0.3220369606460156	-0.404239091301755	-0.196551028625103	-0.0094570052499998
DNAJC25-GNG10	False	0.3223227849953267	-0.0652684459671793	0.0559839264836799	0.32799625875
ADIPOR2	False	0.3223755709215159	0.0486974895851473	-0.328248858342984	0.12905284975
TIMM17B	False	0.3232367833274164	-0.595286216363233	-0.174034122104219	0.18743501975
NDUFB5	False	0.3235570077570593	0.100210920239641	0.0828154042073734	0.16168975975
RCAN1	False	0.3235570077570593	0.22019121904398	-0.0315255652507052	0.27332584825
MFSD14A	False	0.3243772858770933	0.378311052540403	-0.109702879581304	0.38939165825
STX8	False	0.324533073897565	-0.159082524710594	-0.0145868240168312	-0.2825116475
NUP160	False	0.3265875622518747	0.361084259711266	-0.516567022337933	0.0850531409999999
SNAPIN	False	0.3265875622518747	-0.0130335598513422	-0.932538855989464	-0.22014950825
EXOC3L1	False	0.3266035937418114	-0.709834950446736	-0.034260167584689	-0.0545838657500002
NUDT14	False	0.3266035937418114	-0.425797438826966	0.372705306185161	0.181728875250001
C11ORF1	False	0.3266071434957425	0.253368793521863	0.447870439524368	-0.1298720855
PTPRF	False	0.3266071434957425	-0.227763669192434	0.0189252279406702	-0.2599393145
GNB1	False	0.3276972358685837	-0.0447539525722025	-0.0903794091012085	-0.0449146179999995
RBM42	False	0.3277814092875006	-0.68194027833367	-0.07483659506876	-0.0896077635000003
CUL1	False	0.328112709328706	-0.0578376082910888	-0.0703794120553161	0.61285443875
PPWD1	False	0.328112709328706	-0.108352516530189	-0.246641560071698	0.20782978175
ACIN1	False	0.3282160457638226	-0.278108020859208	-0.0939533379461723	0.13119979075
ACTR1B	False	0.3288080520291344	-0.186227367516844	0.101871591602626	-0.24800698175
RHOBTB3	False	0.3291104298606566	0.13907677347588	-0.452073839840264	0.23804529675
RPL8	False	0.3293296202554684	-0.707132981081037	-0.0965631668901565	0.0070931497499993
EIF4EBP2	False	0.3296819094960173	0.174458572399377	0.0884136097293826	-0.0444673149999999
SPOCK1	False	0.3296819766762314	0.0896390083110035	-0.0422048047487689	0.47136704625
DBNL	False	0.3301841822427482	-0.497467932554409	0.220032318717135	-0.6827059115
DPYSL2	False	0.3302571897600233	0.375755084156128	0.0406580282742812	-0.05077869725
DNM1L	False	0.3304133500903711	0.240856166352332	-0.278096566965214	-0.0537047715000002
FRG1	False	0.3305648267087184	-0.0718053883414234	-0.406071392169942	-0.0467553262499998
PRPF3	False	0.3305648267087184	-0.120373824506506	-0.236067321521917	0.11964765075
SERPINB6	False	0.3305648267087184	-0.0879057527174201	0.309692015100768	-0.718779734750001
TXN	False	0.3305648267087184	0.136701327315602	-0.288005743390572	0.0280262092500005
WLS	False	0.330741263817546	0.252101092769655	0.107294515897442	-0.19722500925
CLPTM1	False	0.3311855057521634	-0.674541875888033	0.107259791075026	-0.166807972
POLR2I	False	0.3311855057521634	-0.260845192195727	-0.107931818922624	-0.12111260475
CROT	False	0.3317412509702448	0.250465688506548	0.392551956234306	0.16309013775
CYTH1	False	0.3317412509702448	-0.176646533589031	0.0772175582047332	0.42121829425
C2CD5	False	0.331883422528766	0.163820718472001	0.0716477657468158	0.139477844
CALM2	False	0.331883422528766	0.280438450853803	-0.201788239324159	0.535620057749999
DKC1	False	0.331913903794109	-0.256935382191455	-0.230755619008812	0.1196675345
GLRX2	False	0.3321463419147462	0.473629622213604	-0.185567768840865	0.28304548125
MAPK1	False	0.3325482392607858	0.360790389451275	0.0004602637991748	0.103243517833333
SLC25A33	False	0.3325482392607858	0.27107430989954	-0.109513839482655	0.25238234175
TAF4	False	0.3325482392607858	0.185203081786843	-0.457826892897298	0.36449310325
BTG3	False	0.3327069851787967	0.360668245250885	-0.503873406534924	0.210482084
TERF1	False	0.3327069851787967	0.253130834798268	0.0392494452192915	0.0544744855000001
OCRL	False	0.33284187876376	0.0473235706045259	0.22868604198567	-0.0836781609999997
E2F7	False	0.3329123977012103	0.396331199780866	-0.23906033112306	0.65649485325
ITPRIP	False	0.3329123977012103	0.243760377210378	-0.0083310869056623	0.23572853425
SECISBP2	False	0.3330022296111273	0.0489900243573596	0.273582041100715	0.0995491614999999
FAM219A	False	0.3334748566075239	-0.149763762537918	0.0354045479261531	0.40196150025
RPS3A	False	0.3336168732489346	0.306783350467466	-0.0473903167297216	0.374740146250001
MAT2B	False	0.3338489791654975	0.421769452809976	-0.211453026475203	0.8819459675
VAMP3	False	0.3339593269378659	0.0526421231959526	0.0636295421141551	0.1050544815
VAMP2	False	0.3342763773884986	-0.427473827825665	0.130380969887673	-0.346502289
ANPEP	False	0.3349025205628879	-0.963496884761215	0.208805572383525	-0.800546377000001
CHMP4B	False	0.3361405057936098	-0.35299669790502	0.0250118385117526	-0.21769076975
FBXL6	False	0.3366566737093141	-0.434509633240237	-0.13890480817804	-0.0541969387499999
MGMT	False	0.3366566737093141	-0.710448415505524	-0.0438485482679063	-0.08253091825
MTUS1	False	0.3366566737093141	0.0903424115475548	0.229954748861903	0.0813784022499999
DTD1	False	0.3371281337813664	-0.402037632761042	0.383496904364033	-0.26357546075
TSPAN3	False	0.3372457044578856	-0.0110061160834185	0.189927272051715	-0.1816164565
MPHOSPH10	False	0.3372594425851901	-0.35720957252108	-0.19561783734458	0.27543429375
SIRT7	False	0.3381667836594975	-0.568474231435665	-0.224009173910704	0.28818738225
AP2A1	False	0.3384232764643932	-0.469363717022064	0.242798632471546	-0.21477559725
GAS2L1	False	0.3387735343261102	-0.649354789093322	0.262201050023378	0.54603574175
TTC9C	False	0.3387735343261102	-0.17882220538562	-0.403665412404015	0.21304225375
AMD1	False	0.3387857058979713	0.742360782024465	-0.45886029098363	0.8031215265
DAD1	False	0.3390665482651828	0.129930853474141	-0.0626121325060884	-0.51552167575
GMFB	False	0.3390665482651828	0.235970837161711	-0.203635734457367	0.65174476975
COX15	False	0.3397301897639114	-0.171197363264288	-0.0925114273086867	-0.0343984277500001
SLC11A2	False	0.3400923289402782	0.173536331185696	0.174952330516585	-0.1140838245
CREBBP	False	0.340481603517108	0.151295833491195	-0.119140257842907	0.3722301125
CCT4	False	0.3407279929497516	0.0137383976638112	-0.280447273072777	0.191917694
CD63	False	0.3408633563936995	-0.231010277130187	0.0918029023298077	-0.387398864
CLTA	False	0.3409431893303387	-0.0105005637684084	-0.103851070366145	-0.35737209175
TRIM4	False	0.3411232469773076	0.409645602030197	-0.701021654078646	0.376529737
SHISA5	False	0.3412079494988644	-0.458380906856748	0.0134345647228615	-0.177118106
GFPT1	False	0.3416102074977903	0.719798368829007	-0.160907055700806	0.298074664
KDM3B	False	0.3416102074977903	0.0346303068905893	-0.014396575575935	0.33143427825
TM7SF3	False	0.3416102074977903	-0.365875528482295	0.0468133321164981	-0.1865960785
SLC48A1	False	0.3425612219704396	-0.863252370236761	0.249769297144348	-0.09900676275
C11ORF80	False	0.3429589738561557	0.0469049738860772	0.035859899560363	-0.35665457225
NDUFB6	False	0.3429589738561557	0.193465577270839	-0.181581204929016	-0.21003002025
PNP	False	0.3429589738561557	-0.228335071887059	-0.191965616357637	0.0612953167500008
ACAA1	False	0.3447740925616507	-0.58677891917324	0.234176255449398	-0.36827269425
BTBD1	False	0.3447740925616507	0.335444481706898	-0.192642410013013	0.1693183365
FNBP4	False	0.3447740925616507	0.213899374485386	-0.0531266780660955	0.229151574
TSEN15	False	0.3447740925616507	0.131956074974567	-0.0261093855415284	0.26159143675
ZNF787	False	0.3453290840811914	-0.150755638955987	-0.0500331235833063	0.4316844595
FOXO1	False	0.3456103969108198	-0.224108075130275	0.26028247027674	0.12345039825
HNRNPR	False	0.3457126898106801	-0.0204227661960008	-0.370059256114027	0.28766074675
KPNA6	False	0.3457126898106801	0.130119392901984	-0.0772175144630722	-0.28227200725
MUS81	False	0.3457126898106801	-0.43168981863257	-0.172587766789906	0.2908510845
CRYAB	False	0.346928959948535	1.07168753920697	1.58028257523634	-0.05671512425
FYN	False	0.346928959948535	-0.155124594212652	0.258518730158468	0.0024757242499999
FIBP	False	0.3477767072960526	-0.385187929848637	-0.152734261366252	-0.0546319312500003
FXR1	False	0.3478222425163474	-0.0439985363066215	0.0386919073339547	0.35095943375
GANAB	False	0.3480568770843442	-0.271415407211945	0.116111398936216	-0.41221923475
RDH14	False	0.3483983704715685	0.274293458825688	-0.0790194624303187	0.21005981825
CCT8	False	0.348993435920308	-0.0453704450221864	-0.296353409600092	0.286029843
SCFD1	False	0.3490800174082255	0.393224370768815	-0.2347529479086	0.0997665784999999
SNED1	False	0.3492078149489005	-0.754333133534687	0.652046651223295	0.0915989255
STAT2	False	0.3493957822280654	0.345064950836124	0.252046077843954	-0.270954547
ASPH	False	0.3498577637192544	0.474657892344774	-0.0832869196018145	0.22386084175
COMMD1	False	0.3498577637192544	0.0389571897491878	-0.41094895201025	-0.22454360025
ST6GALNAC4	False	0.3498577637192544	-0.62880252857011	0.025100949079536	-0.1495870315
TFRC	False	0.3498577637192544	0.151595861083978	-0.180559296104115	-0.12998341025
HEATR6	False	0.3500943584454827	0.0826725426539046	-0.088136774030141	0.254423652
NOC3L	False	0.3500943584454827	0.403127536281221	-0.392490421912846	0.43455754
SCAMP3	False	0.350330143223131	-0.243367591654794	-0.163151557188775	-0.0932131556250001
HPRT1	False	0.3516009201868537	0.104599345350701	-0.557090281005556	0.10377907125
GFOD2	False	0.3518387111217151	-0.186842898399684	0.0048347885755788	0.4849366195
COPZ1	False	0.3521582352943804	-0.0999344853863295	-0.0657935535775813	-0.0954252424999999
RAB31	False	0.3522072704011744	0.147546056930234	-0.0171096896370413	0.267370163
PFDN5	False	0.352221928177712	-0.198705488879597	0.164364610315416	0.104701634
RPL26	False	0.3523782785701101	0.0418778920516321	0.0524930974356952	0.18862890425
RHOC	False	0.3530344361432845	-0.597783797145747	0.0340749401143512	-0.13319255175
ELP2	False	0.3533343607133789	0.292500765028017	-0.0148507254068253	0.08711721875
FEZ1	False	0.3533343607133789	-0.500455038576871	0.128671284538845	-0.09699150775
WDFY1	False	0.3533343607133789	0.493405712194887	-0.130395435071789	0.27648498975
CD151	False	0.3542304114397282	-0.440717102429776	0.0789885596693942	-0.406567661375
PSMA5	False	0.354347377503973	-0.0295657331628059	-0.165535411089966	-0.0162872762500004
LRIG1	False	0.3544071377341693	0.0100674047918199	0.607522794247749	0.12046090375
CDC42EP1	False	0.3551346424777462	-0.762086933116459	-0.0323232879111943	0.95139398025
CCNI	False	0.3553221751156215	0.283856853274402	-0.189026319534158	-0.3826774595
COPS2	False	0.3553995867072883	0.152156767474825	-0.119221118387681	0.717224151
ZYG11B	False	0.3553995867072883	0.482039263886362	-0.0085265500628182	0.10174043425
CRELD2	False	0.3556749219685228	-0.519596203930682	0.358662264557186	0.56233854125
CNPPD1	False	0.3560392701457785	-0.381639482698947	0.16664790396736	-0.3740688195
RPL27A	False	0.3570983566757695	-0.205039602819683	-0.0572921397790385	-0.1054615105
ATG4A	False	0.3571491752315748	0.0908248741637481	0.0198195604864546	0.20726251675
LAMP1	False	0.3572822935312417	-0.019827140938034	0.420126518671143	-0.6544772805
CUEDC1	False	0.3592695438990048	-0.762655548127242	0.179150380993759	-0.12046495775
TIMM22	False	0.3593853886736953	-0.239272943798047	-1.974841983555	-0.115504929
EVL	False	0.3601612339192925	-0.470139662976886	-0.0416955978175739	0.03404091175
DDX50	False	0.3605647966353258	-0.191143186932613	-0.12170634951632	0.055165753
UBE2V1	False	0.3605647966353258	-0.0504765888153997	-0.134351836338961	-0.31773339325
S100A10	False	0.3607568105198803	0.134432707636584	0.129459888564326	0.0029742597499993
SSH2	False	0.3617050696110826	0.186248524472853	-0.111191295848822	0.346694212
ZNF581	False	0.3617050696110826	-0.23915203525847	0.145774946800329	0.431477171
ABR	False	0.3619973389022057	-0.451382570189957	0.448825229388122	-0.274842132
B2M	False	0.3619973389022057	0.117274913461106	0.148343780581143	0.211090873500001
CCAR1	False	0.3619973389022057	-0.0073419217730386	-0.128937574599422	0.0373716429999997
CSPP1	False	0.3619973389022057	0.26883375707476	0.0290922510054346	0.150125302
KAT6A	False	0.3619973389022057	0.350288309176618	-0.0077445980886672	0.07800392675
ZDHHC7	False	0.3619973389022057	-0.138556447753749	0.63190119928917	0.0746515149999998
HYI	False	0.3624121933803376	-0.0828506606271899	0.06890797367313	-0.449638918250001
ULK1	False	0.3624510318047841	-0.480828316540112	0.211212302829083	0.3304651635
TIA1	False	0.362876551709402	0.449762413077329	-0.0980473495963681	0.20943931925
CHCHD5	False	0.3629069352276192	-0.484117477103117	0.299127303578283	-0.21782408925
INTS3	False	0.3629069352276192	-0.255799229368879	0.996863692621524	0.3150247
STOM	False	0.3630336883678042	0.285889018946128	-0.120221787074984	0.27939231825
DNAJC8	False	0.3633362325533242	-0.119619102568524	-0.247302576702819	0.25777537575
MRPS23	False	0.3633362325533242	-0.088188431576758	-0.134634373492799	-0.0451349232500002
SYVN1	False	0.3633362325533242	-0.283130407270633	-0.183611697416695	0.72860039725
UCHL5	False	0.3633362325533242	0.0946451463923896	-0.419956219241368	0.138595621
EIF3L	False	0.3634354239985309	-0.0241970535431015	-0.0620980500741961	-0.16341230725
RBM5	False	0.36378470049763	-0.195484697989307	0.203135981144063	0.41421198625
YKT6	False	0.364239393899667	-0.168003651596975	-0.0754349348013355	0.0334800915
ZNF511	False	0.364239393899667	-0.361513161293772	-0.271789890593908	0.11596354
ANO10	False	0.3649945248107027	-0.269549747576099	0.203704609975073	-0.18956508025
ZNF277	False	0.3652281083228475	0.115352521499777	0.112848698948124	0.18969389775
PRPF18	False	0.3655443757744724	0.104109574763484	-0.0319183871965372	0.32317048675
TBK1	False	0.3657859832436284	0.206071584963141	-0.124292495785766	0.6097833695
ACADM	False	0.3660937223659513	0.214147458134814	-0.614019840430522	0.04034075525
GIPC1	False	0.3662830636776016	-0.471137823294552	0.0780263860853685	-0.32754886275
UVRAG	False	0.3663410123522912	0.31826791306452	-0.0634622207609956	0.235689783249999
METTL1	False	0.3666778307180859	-0.393248455086303	-0.416126216246119	0.21277017525
NIT1	False	0.3666856489385794	-0.553128010023414	0.161826900121613	-0.11383655825
WDR70	False	0.3667685611622114	0.0618879617104469	-1.20612281815704	-0.0551931817500001
LSM5	False	0.3668868591573789	0.332051299640225	-0.551063027461295	0.11793344725
RPL15	False	0.3668868591573789	-0.0570032158399307	0.0100850304036531	0.57715323475
FBXW11	False	0.3671510960043005	0.489991006952795	-0.0678985505403489	0.2454281995
STRN3	False	0.3671510960043005	0.526241064535775	-0.113056653360085	0.25105920075
BMX	False	0.3674849359715114	-0.273409371071319	-0.182047922414482	0.12839132525
MPV17L2	False	0.3675465592483902	-0.563286263773561	-0.638341542007902	0.08894220475
NT5C3A	False	0.3675785215239096	0.299016543870103	0.327101586976679	-0.1123046025
MTA3	False	0.3676466100018777	0.0770928487912608	0.180338183179842	0.01953214575
TMCO1	False	0.3678217950268621	0.197394390018253	0.0295273529347426	0.13106806025
APEX2	False	0.3679943610391989	-0.545856649640943	-0.113370509998045	0.24706215375
MIDN	False	0.3679943610391989	-0.283625771797303	0.0523761726731596	-0.22270868225
ACER3	False	0.368204341968781	0.500928289620569	-0.144163381522355	-0.4714995665
AP5S1	False	0.3685559101193847	0.169821036688627	-0.0143167992653996	0.181681647
HSPE1	False	0.3685954963669193	-0.0193014972038599	-0.389513885892081	1.34382871425
BAG2	False	0.3690284973800342	0.0295294505456032	-0.177347565391662	0.44734246425
CHD8	False	0.3690284973800342	0.0514578554457028	-0.0852981510564153	0.36541136825
PLA2G4A	False	0.3696229588528285	0.213448300777178	-0.37691222878713	0.13001110925
S100A6	False	0.3702574331906187	-0.152715721258176	0.243832078520246	-0.010442263749999
MSX1	False	0.370947274671206	0.743688370767287	0.601730052010094	-1.179712454
RPL38	False	0.3716560071966532	0.0909020272553267	-0.115970788152803	-0.184563383999999
EAPP	False	0.3717531955495864	0.0982257791887173	0.0552455923488351	0.129698423
FLCN	False	0.3722766716653349	-0.0300084805432688	-0.254653738586444	0.792702725125
REXO2	False	0.3726580844378	0.148187273905321	0.0775692520440776	0.0771872695
RFTN1	False	0.3732361354925026	-0.0370363099909952	-0.0144467172822313	-0.32997135775
SLC26A11	False	0.37354196226472	-0.0483892038598133	0.400327347081294	-0.0339326799999999
TOMM7	False	0.37354196226472	-0.145291885299765	-0.102802692802402	-0.33938019325
IRAK1	False	0.3736070553962396	-0.506244856600604	-0.113216641618534	0.19192187325
SSR3	False	0.3738183998823767	0.433218266786959	-0.170626682926426	0.13091259675
MSANTD3	False	0.3740400275657911	0.237384361519384	-0.111686127460339	0.29350382675
CLDN11	False	0.3740618035319946	0.380159606680941	-0.128441878104066	0.12990138975
LOXL2	False	0.3740618035319946	-0.198058899472899	0.171396346086849	-0.43879770175
SP100	False	0.3740618035319946	0.145278955319657	0.031977813606991	0.0861525237499998
TARBP2	False	0.3740618035319946	-0.571143701778667	-0.313955173888058	0.2681685915
TMEM175	False	0.3740618035319946	-0.47577741061904	0.312381280900244	-0.29171034475
UGGT1	False	0.3740618035319946	0.0623347521636077	0.149334146456316	0.0456485169999997
RER1	False	0.374813979307335	-0.180515478725334	0.0034720275254569	-0.2755226465
EXOC3	False	0.3749819543898338	-0.413255759373134	-0.0237279375088466	0.0086393347499999
ZSCAN26	False	0.3760514866243727	0.0086641592505434	-0.152961596289508	0.44716711825
HACD1	False	0.3760674461748354	0.638312145395941	-0.255457931804558	0.17879069425
CRK	False	0.3764152718723619	0.351806275337287	-0.0172046049400301	0.1680614815
SSR1	False	0.3764583187151402	0.442398029412713	-0.102992342383848	0.23977525375
MEPCE	False	0.3769417139775661	-0.834212005364644	0.0471102286981262	0.87979179
MPDU1	False	0.3769417139775661	-0.182497418782225	-0.185996303753497	0.1639742485
ORAI2	False	0.3769417139775661	-0.0919965127369675	1.73940262886474	0.0579376215
CAT	False	0.3779372207687658	-0.358625036337081	-0.564239180509911	0.0355004055
SNRPE	False	0.3779372207687658	0.379763602863844	-0.351935907941219	0.0235311277499999
ABCF1	False	0.378948143009975	-0.220110797872029	-0.181001490317541	0.019124773
ZC3H18	False	0.3793254228647097	-0.731435992641547	-0.072185873446732	0.09306620725
PHACTR2	False	0.3793593376118995	0.424300773527842	-0.0469655740476451	0.0945242464999999
SLIT2	False	0.3793593376118995	0.650357642504686	-0.0138437250401591	0.0300897374999999
CSNK2A2	False	0.3800335244300482	-0.0522570604386816	0.205855824286184	0.03942935375
CTDNEP1	False	0.3802618338589035	-0.274361003063872	-0.127449225648685	0.1081405665
MYEOV	False	0.3811192724648765	0.329130927702501	-0.600657631633935	-0.0962888165
PLOD3	False	0.3812605673326281	-0.724547948971972	0.107897864796255	-0.2373271935
PRKCH	False	0.3816775612091072	-0.0010062462600197	0.356073779334754	0.20119238525
COL5A1	False	0.3818261737919162	-0.281064388181754	0.940696669509085	-0.34741748625
STK38	False	0.3821994770570194	0.0240085394247753	-0.084158030849121	0.479818422
UBQLN1	False	0.3833091787405324	0.352735393643735	-0.115084673942276	0.290563179625
PRKRIP1	False	0.3835185582902191	-0.484163967918649	-0.0836453122913703	0.0369574847500001
GNAS	False	0.3836114945123389	-0.0824406873135715	0.0018582563766571	-0.457091230000001
TAF6L	False	0.3838445434037334	-0.568823436470924	-0.218139218792985	0.32829766575
CDC42	False	0.3839780748006149	0.394499163710268	-0.047632337110473	0.2150200195
STON1	False	0.3839780748006149	0.332342587351931	0.101776828280717	-0.76244551925
ZNF641	False	0.3839780748006149	0.323563128236014	0.238697952651674	-0.0761686865
ALKBH5	False	0.3841363401043837	-0.161532240976389	0.0315021952096934	0.52384908525
B4GALT2	False	0.3844700472727979	-0.437039640922873	-0.328062578234333	0.1062740455
NME7	False	0.385053757214141	0.527959986296271	-0.148827837859578	0.21256271875
EMC1	False	0.3851451023638448	0.0899569009616394	-0.0133151837371184	-0.3107445975
NAE1	False	0.3860368815369614	0.118442745871185	-0.165484187455405	-0.0453330427500001
PHPT1	False	0.3860368815369614	-0.574790974939162	-0.390606915237015	0.1902736185
BST1	False	0.3888977859970215	0.131260074701837	0.115318009125537	0.09918287925
AP3M2	False	0.3894138606206385	0.145147866694627	-0.0190095292623207	0.21931494325
PRADC1	False	0.3900881513780622	-0.330133657205292	-0.148747162256191	0.0038665689999999
EIF1AD	False	0.3903910980053825	0.0719916081067042	-0.204402672990744	-0.0801333010000001
YTHDF1	False	0.3905845748714723	0.0306456086529376	-0.0294392503993546	0.423221855
CPNE1	False	0.3908106898681969	-0.291191163509245	-0.0816294541807352	0.0931211249999998
KIFC2	False	0.3908106898681969	-0.657137571392633	0.82619439080594	0.14386568575
RPL36	False	0.3911016571459463	-0.575230632714861	-0.108136704321561	0.0380297429999983
SELP	False	0.3911016571459463	0.0774483344763932	0.71449511408589	-0.0201042352500002
CXCL16	False	0.3911124544024516	-0.586262896475267	-0.278939426943602	0.11110397725
AGER	False	0.3914173496141976	-0.810724840512694	-0.781335618903402	0.118660497
ZCCHC17	False	0.3915769111710093	-0.274732168058481	0.254616273593921	-0.22208976275
BSCL2	False	0.3915869282642603	0.0446860772242301	0.119769210137638	0.25977688325
TGFB1I1	False	0.3923918736007588	-0.503432977400903	-0.0851769783152712	0.1020967515
MARCKSL1	False	0.3924394735041244	-0.194190130843527	0.340212746506747	-0.0001088877499999
MIB2	False	0.3924394735041244	-0.431625376787099	0.180290625907104	0.28449861475
NDUFB1	False	0.3930627553857995	0.370708335610766	0.319608931924904	-0.118675764250001
TRIM58	False	0.3930627553857995	0.353339318182205	0.020807079449771	-0.569524172
NAA10	False	0.3937764135841875	-0.448253257488808	-0.0513764943955639	-0.0358955872499998
S100A11	False	0.3937764135841875	-0.229715749847051	0.158044256287689	0.19612308925
VIM	False	0.3937764135841875	-0.0301154001932336	0.307055719221093	-0.168563542249999
RPL18	False	0.3938839337013518	-0.256043655140809	-0.0946616800464657	0.15934115875
USP16	False	0.3943675294123965	0.158054037990845	-0.109818441008748	0.46376640425
NOL8	False	0.3953343472334262	-0.131085970569957	-0.276019401045101	0.2035297665
CKS1B	False	0.3958664490064076	0.148793141115982	-1.23054778945122	0.567138684250001
VSIG1	False	0.3958664490064076	-0.312620492065821	0.916750903446081	-0.524617115749998
ZNF91	False	0.3958664490064076	0.192100865317954	0.306282620898498	-0.2944779715
GOLIM4	False	0.3963361187927144	0.203228094376073	-0.0451233949659846	0.215554797
PSMB3	False	0.3963439395934085	-0.0748992587929003	-0.243873484619773	0.0915914497499997
COPE	False	0.396474106079337	-0.514041988514549	-0.0643075446417383	-0.0247839237500003
BFAR	False	0.3974058372298744	-0.0068933837425246	0.196299101210025	0.02882914525
RPS21	False	0.3982894051806555	0.0123228404387969	-0.083226801155261	-0.16217176075
WSCD1	False	0.3982894051806555	-0.405190755256721	1.08457595472726	0.2904360275
ACTR2	False	0.3990910088085347	0.393251236640683	1.46120975552033	0.0047047884999998
XPC	False	0.3990910088085347	-0.661659852437941	0.0642540918817081	0.153050962
SWAP70	False	0.3993204840850247	0.268440226209654	-0.161959665123272	0.5845175265
CPNE2	False	0.400520982792192	-0.750430787016576	0.173945422181518	-0.170853213
POLR2M	False	0.4008696885038775	0.376365972124304	-0.0626754981375468	0.2984824965
PRDM4	False	0.4008696885038775	-0.0116416300365119	-0.051089426342382	0.4829884205
DDIT4	False	0.4011694385155593	-0.719387769318798	-0.385032942350015	0.1699880575
ANP32A	False	0.4015092793150279	-0.135193478350308	-0.177318443123387	0.2125974525
FAM20C	False	0.4015901951481522	-0.471540744396277	0.249181158702046	0.26094569925
IL17D	False	0.4027333907991636	0.355821072459806	0.494239705690649	-0.23292535275
PDHB	False	0.4027333907991636	0.0689273107100163	-0.260153037446522	0.13851392775
ZNF430	False	0.4027333907991636	-0.0493841029147202	0.118944832637673	-0.545723126
DYNC1LI1	False	0.402778318818118	0.175225027064154	-0.132512253007432	0.51651106375
CCDC167	False	0.4028191794628315	-0.245787459573646	-0.284426558826391	0.0992884897500002
ASNS	False	0.4030804642402856	-0.341881805628674	-0.678205308639728	0.57454324
SEC24C	False	0.4030804642402856	-0.0437745197322217	-0.137473678050779	0.01326250775
ID2	False	0.4041626326678159	0.794736371060944	0.563664797287005	-0.421053733
EHBP1L1	False	0.4043611315798983	-0.409710060984179	0.0065018669097742	-0.0088277127499999
ELOF1	False	0.4043611315798983	-0.728525233016196	-0.058704143459746	0.17341082175
SUSD1	False	0.4046934467522808	-0.110826445976166	0.007281796166215	-0.219756086
ZDHHC13	False	0.40477246176618	0.315990825535965	-0.0682402908211639	0.1608111645
CRIP2	False	0.4059350552442989	-0.701772434020962	0.233419159248116	0.14976404125
DPM2	False	0.4062770629225566	-0.522579113498481	-0.133241427460403	0.047706802
NPDC1	False	0.4062770629225566	-0.591084546534492	0.580694013535299	0.0968262145000001
NR1H2	False	0.4062770629225566	-0.563000818181993	0.374854469398847	0.3376630905
SHE	False	0.4062770629225566	-0.322574735102177	0.305438929301284	0.0978730137500001
CHMP2A	False	0.4068659035737733	-0.60721311847194	0.431164381762689	-0.493503681
FNTA	False	0.4075279334533188	0.0587406256557994	0.0433031714608632	0.15659931525
LRP10	False	0.4076076379837835	-0.270290043922008	0.408202369815825	-0.15507099425
RPL14	False	0.4080416410910006	-0.0539648322519959	-0.070055910954272	-0.15735031875
SH3GL1	False	0.4082446349725501	-0.863028258118173	-0.050208623734024	0.11290310375
ASNSD1	False	0.4083126047716564	-0.0246562809224438	0.0058410439426062	0.29420638225
SCRIB	False	0.4095633878404086	-0.850426204639499	-0.238403978333799	0.25183949475
THADA	False	0.4095633878404086	0.051177824252771	0.0319160286496571	0.249520723
EFL1	False	0.4097735237270087	-0.185894791104755	-0.148154741855441	0.0661116212499998
TAGLN2	False	0.4103457184682264	-0.25580815386679	-0.0381971382031887	-0.0841418419999997
VCAN	False	0.4103457184682264	0.999047795775384	-0.211617065647495	0.12430697875
GMPR2	False	0.4106629923391106	-0.286390552526473	0.275289724727261	-0.3142136965
TRPM7	False	0.4106629923391106	0.433657696972864	-0.0564747622770092	0.14705394575
ADD1	False	0.4107594929889233	-0.313842938527282	0.0279275659256797	-0.11176692975
GLT8D1	False	0.4110656737885877	0.211372222894187	0.0947483632545705	0.0113744404999999
TXNDC15	False	0.411235922387853	0.339459847877337	-0.113673012747585	0.1281168755
POLR3E	False	0.4123681511601321	-0.174250848053224	-0.271236791539787	0.25387427525
CHD1	False	0.4143082682963231	0.423816409601439	-0.132716179996987	0.27201534725
PABPC1	False	0.4143082682963231	0.0664349050089026	0.105678344079513	-0.26004915175
PRDX4	False	0.4143082682963231	0.179296607440651	-0.16230705548301	-0.12970265325
TOMM70	False	0.4143082682963231	0.106865625938244	-0.774273632829699	0.41560456175
BAG1	False	0.4143509123259416	0.488792339579019	0.0035895063855555	-0.77375064375
DEDD	False	0.4146695998596894	0.0465224842431251	0.031041083265495	0.15192719425
KIAA1191	False	0.4146695998596894	0.146518779202554	0.0261810031992225	0.12366590925
MATR3	False	0.4146695998596894	0.260391054092937	-0.138737794663102	0.81644563025
RASA3	False	0.4146695998596894	-0.169994989608463	-0.105036817269021	0.0940481365
RPS26	False	0.4146695998596894	-0.177638094786586	-0.13844710450432	0.0135363979999994
ZNF830	False	0.4146695998596894	-0.289786553551259	-0.0993862655582354	0.0111647719999999
RNF149	False	0.4147025476795886	0.217041864543465	0.212661795225181	-0.0409410020000002
SPSB2	False	0.4147025476795886	-0.183554981315153	-2.17419580731503	0.15372652125
SLC25A6	False	0.4147544745640965	-0.577529564370405	-0.014773499503379	-0.0248126772499999
TOLLIP	False	0.4156482039447585	-0.308237105533071	0.269594730667931	0.0895635397499999
GYG1	False	0.4157666137059609	-0.0502041420971384	-0.0258020075173357	-0.27399736975
FST	False	0.4158959974015568	0.756180236560244	-1.23168973776758	-0.0794205910000001
RXRB	False	0.4158959974015568	-0.637836470516307	0.214168176147592	0.12659481025
CHAC1	False	0.4160459101030815	0.0544006906060399	-0.129847762136331	0.67237662475
FUOM	False	0.4163110588727597	-1.1850941448742	0.0465334984715176	-0.0823381767499999
DCLRE1C	False	0.4163906014808048	0.157640361154974	-0.22634165344239	-0.1201704
PLCL2	False	0.4178307512494981	0.0636728981900667	0.0995713814096622	0.15202997325
EXD2	False	0.4179767236203713	-0.007698154764554	0.272004600267249	-0.0127646039999997
SLX4	False	0.4179767236203713	-0.339592220879387	-0.482785274685816	0.40795577125
DCP1A	False	0.418196449616217	0.436371115116529	-0.100133228243673	-0.3016517245
ACTL6A	False	0.4184629618005483	-0.0134381177718268	-0.425891310639233	0.259309156
SOD1	False	0.4192814658751759	-0.339295154569124	-0.562616468723752	0.0752463122499996
MTA1	False	0.4193814745866614	-0.497145626602491	-0.0015739008594861	-0.037025506
PTPN23	False	0.4196531266043217	-0.541560434858342	-0.210984816215518	0.5153360545
PISD	False	0.4199439651399357	-0.235359244181611	-0.182504607346428	0.20711317325
QTRT2	False	0.4200175384731437	-0.151363001017947	-0.122155923094436	0.0577185690000002
KATNBL1	False	0.4205526575377792	0.412149737198488	-0.11616523688263	0.2462386985
ACAT2	False	0.4205796022115602	0.167286169496231	-1.2520486955609	0.0643626027500001
CREB3	False	0.4205796022115602	-0.0976136189165624	0.026052559409262	-0.294622359
ANKRD13A	False	0.4206402235274212	0.372523942885122	-0.336785629173482	-0.371324968
MAPK1IP1L	False	0.4210034188003246	0.060482342514149	-0.0244454566681256	0.2479309785
NXT1	False	0.4210034188003246	0.0161037977276908	-0.131826462945693	0.39265402125
AP4B1	False	0.4211798189792052	0.0011352650885427	-0.120000246429863	-0.0785735217499997
NUDT8	False	0.4211798189792052	-0.0800095479719076	-0.376293392294446	-0.17607254125
PPP3CB	False	0.4211798189792052	0.205922755285537	-0.126071167179462	0.306578024
MAPKAPK5	False	0.4214804289130727	-0.0883793809616567	-0.143077166663383	0.1026685575
PRDX5	False	0.4214804289130727	-0.492180978278161	-0.0277539660633526	-0.0855607349999996
ITGB5	False	0.421508314100012	-0.636169891121066	0.15463828745937	-0.522664029500001
SSBP2	False	0.4215709062685314	-0.246345056160339	0.520202924049144	-0.00517671675
MPC1	False	0.4217652575839472	0.203947354677651	0.104260638732663	-0.0106360635
MPZL1	False	0.4217652575839472	-0.100483498236172	0.0905515362058766	0.1040708075
RBM18	False	0.4222567207238337	0.0671534187723131	-0.190544640547968	-0.12105478475
RPA1	False	0.4224424033931638	-0.383899282046583	0.454302213260979	-0.06184028025
PHB	False	0.4224865127392352	-0.429514590539972	0.525046534884818	-0.14459714025
TYSND1	False	0.4224865127392352	-0.54885260025106	0.35191152504725	-0.24879504125
CLN5	False	0.4225558247683356	0.344389990682795	-0.632977009517357	0.185070862
COX6C	False	0.422848356000655	0.163530274503533	0.071771431247055	0.0327488964999993
TIMP1	False	0.422848356000655	-0.583584259048495	-0.0370828784612867	0.0333345937500011
RBM26	False	0.4234110946350251	0.485902585860245	-0.113203112571466	0.109580848
ATG3	False	0.4241520795863323	-0.0915652958233366	-0.68876038516562	0.11444616575
RACK1	False	0.4241520795863323	-0.328738786904299	0.0722939984327802	-0.2420132095
PRKDC	False	0.425739012583209	0.118970517655833	-0.0176662293192029	0.224319971
AK1	False	0.4259503528901527	-0.430074632871107	0.0091085792137688	-0.11547601675
CCM2	False	0.4259997745462284	-0.638522794982847	-0.135024651348064	0.1499062545
MTIF2	False	0.4259997745462284	-0.0060093030046903	-0.89603105785736	-0.0427860992500002
SOX7	False	0.4259997745462284	-0.0696567349513222	0.355966201891389	0.226001611
HCFC1R1	False	0.4263574070989448	-0.565569203443376	-0.083611968295052	-0.1118516495
AHR	False	0.4264054569169509	0.286143040890063	-0.196699278336684	-0.318770478999999
BCL7C	False	0.4266256838737792	-0.444172155709239	-0.0370650561762864	-0.14611132925
TM9SF4	False	0.4268531100482092	-0.168064686821102	0.0058785522023678	-0.1732981755
EIF2AK1	False	0.4274557578651547	-0.0616241874017458	-0.108515995944395	0.0244745447500001
NFKBIE	False	0.4276980954395964	-0.0755938716154052	0.0186791877271304	-0.32274517425
FAM20B	False	0.4282747078348292	0.0348744835414827	0.0191153686647674	0.20156461125
SHISA4	False	0.4285820739609802	-0.612035094891557	-0.160528497428662	0.0193964607499999
COL18A1	False	0.4299959781304528	-0.549135483370707	0.39364024309258	-0.533494534
NCBP1	False	0.4299959781304528	0.1300178975196	-0.292958945551285	0.597721801
IK	False	0.430047757763323	-0.293854229119727	-0.0725466100264258	0.0741117882499999
PIAS3	False	0.4303105918899035	-0.240030026017957	0.0360286197240782	-0.118266986
MXRA7	False	0.431115161109625	-0.0427697600106178	0.0036162468492495	-0.36219978875
ERLIN1	False	0.4311266740088629	-0.0573096114467955	-0.304133073415338	0.2966243945
GINM1	False	0.4314301848921152	0.0344558784470062	0.121846743803976	-0.01815950125
RPL31	False	0.4319965374897759	0.481325085518767	0.0068209234940912	0.0340470434999993
ZFYVE1	False	0.4319965374897759	-0.119717998353909	0.122813149776357	0.185336839
PPP6R2	False	0.4324020042010895	-0.538939675250717	0.124081093466887	-0.26069802025
CRTC3	False	0.432474793734276	0.0184891685982791	-0.0330735334357657	0.3569832155
MNT	False	0.432474793734276	-0.334114072686544	0.247621182916707	0.2761883565
QRICH1	False	0.432474793734276	-0.131106938637875	-0.155568564086187	0.23738551575
RANGAP1	False	0.432474793734276	-0.449761855226553	0.0468728180631253	0.64110096375
TBC1D10B	False	0.432474793734276	-0.409314345300966	0.0105402878154512	0.40585624775
KLHL22	False	0.4337787790766191	-0.43208529690535	0.423358240517145	0.09160678175
NUBP2	False	0.4347126544593935	-0.76197516693914	-0.201407879878109	0.273153925
KIF7	False	0.4354258135778011	-0.445124337454457	0.0007294063357803	-0.0790699275000001
PDIA3	False	0.4355119567221363	-0.0818516375939318	0.0802086827915751	0.25550692925
TRIP11	False	0.4355119567221363	0.227513771477761	0.0325961821955545	0.0262234237499999
ZBTB2	False	0.4357711551462269	0.170822949026566	-0.082779991501118	0.36028610775
CNOT11	False	0.4358121762650338	0.144351204617655	-0.163009263787418	-0.132182447
GNB4	False	0.4358710679264659	0.317457153309072	0.0902307164841183	-0.25104265625
LHFPL2	False	0.4359528325117564	-0.0249337494596933	0.0513776012342966	0.187462803
RSRC2	False	0.4359528325117564	-0.0309712842572738	-0.0069970104338459	0.35586198525
PTPN4	False	0.4363925177847924	0.371306468952651	0.0617450209590258	-0.08360110925
PRKD2	False	0.4365178026954028	-0.520765830362383	-0.448505992843158	0.622342511
VEZT	False	0.4365178026954028	0.163287393532244	0.0787587442709459	-0.02418129475
SNX4	False	0.4367455471197241	0.480963516276804	-0.182846901962908	0.398377676
COMT	False	0.437335089847987	-0.475635907463381	0.0596308685191493	-0.186103819125
MAP4K5	False	0.437335089847987	0.336785140372102	-0.351153109434017	0.28022634525
RPL41	False	0.437335089847987	0.171690380616635	0.0665823739525955	-0.0106872117500023
GSTA4	False	0.4385545184351854	-0.394742435558863	0.297848046629194	-0.360657996
ZCCHC14	False	0.4385545184351854	-0.0468110597513896	0.453934552530281	0.1513298235
PEPD	False	0.4385715706401498	-0.269061728995286	-0.0560697579104321	0.0140033700000002
RPL36A	False	0.4385715706401498	0.0018728379348935	-0.302248909092734	-0.0273723752499993
RXRA	False	0.4385715706401498	-0.000411665155255	-0.034345966416554	0.44620363775
MRPL52	False	0.4388637863851697	-0.026082905319111	-0.38154879271087	0.22775779925
R3HCC1	False	0.4392917889791809	-0.740880289594951	-0.0129383537558334	0.0709975
TMED10	False	0.4399968694113516	0.231486151858482	0.0615177746966005	-0.1597874565
ZBTB40	False	0.4407525864246805	-0.0573722019194189	0.032351114486497	0.313314878
PIDD1	False	0.440892650348154	-0.81617559963928	0.104271602006042	-0.082170025
ATP6AP1	False	0.4413055104339873	-0.185215523552111	0.413803069292289	-0.37863773
NFU1	False	0.4413055104339873	0.0882092935604337	0.158197124487534	0.0663631395
STX16	False	0.4422530616633244	-0.162845377667873	0.192565382348533	0.136818505250001
ZNF444	False	0.4422530616633244	-0.626066581712209	0.176305250489717	0.518671838
APTX	False	0.4424060513027485	-0.0261865222204127	0.494413080065202	0.23583563275
TPRKB	False	0.4425041862352556	0.0317108421657295	-0.841902647377067	0.07975663125
MRPL35	False	0.4429790322607342	0.089995258942392	-0.375534649449063	0.13980090425
IDE	False	0.4430291095760321	0.405753081128013	-0.449758660419661	0.142472343
PPP2CA	False	0.4435416695892722	0.321198025953286	-0.133648817938919	0.2904226985
ZSWIM8	False	0.4435416695892722	-0.419007058295331	-0.276407309114775	0.195649872625
TNK2	False	0.4435532216931869	-0.887749151556833	0.237530224293501	0.542538374
FAM13B	False	0.4441438399433645	0.519566179193856	-0.128982813756947	0.26234979475
EBPL	False	0.4447354598897887	0.364338601798004	0.0381363756603834	0.0385033185
APMAP	False	0.4448487335806221	-0.305729864284357	0.289567831651159	-0.0300000900000001
CARD10	False	0.4448487335806221	-0.764038563344684	0.289415563289624	0.43134579525
METTL2B	False	0.4448487335806221	-0.0578114907129068	-0.102076023902092	-0.15454382525
PRR14	False	0.4448487335806221	-0.433870583747654	0.306219995967803	0.254848666
POLR3B	False	0.4449690842812966	0.322032301330008	-0.421857380821148	0.52376295075
SLC39A1	False	0.4465028218648018	-0.250045500852652	0.0161686220928656	-0.13277586625
SRPK1	False	0.4465028218648018	0.273039970302754	-0.335037288183478	0.095549142
ALDH4A1	False	0.4471947152472795	-0.520430567213196	-0.0022895958198843	-0.0081174059999999
GMPPB	False	0.4481200332072094	-0.283802740727572	-0.122903846591894	0.0832330315
D2HGDH	False	0.4489125309382594	-0.756516535595683	0.632539373866986	0.24100796375
SLC35F2	False	0.4490845649031059	0.351223839603377	-0.0447321506756708	0.12734466325
PPP4R3B	False	0.4495206204186603	0.24464144210252	-0.220907008782278	0.625073526
EIF5	False	0.4498794692936538	0.188467952157992	-0.142236938624444	0.48512098825
HSD17B12	False	0.4506729267404571	0.289224807456357	-0.110824479802927	-0.30016648875
NFE2L1	False	0.4507432851347115	-0.258700227897469	0.322192924826704	-0.06454980525
PIEZO1	False	0.4509486512153977	-0.406370116256982	0.023352257281676	-0.140639702500001
MNAT1	False	0.4521490023859866	-0.0522196933916641	-0.0564141979240622	-0.1467536565
ACO1	False	0.4521714190129339	0.0446584672514891	-0.199074609884443	-0.0698518905
VTI1B	False	0.4521714190129339	-0.0714706984411864	0.0596966279280347	0.15287960025
HES4	False	0.4525383653364166	0.472216970108649	1.9035992289931	-0.239391857
PRKAG1	False	0.4525383653364166	-0.187450513675094	-0.060003765711218	-0.0764608387499999
RWDD1	False	0.4525383653364166	0.2895252843115	-0.105281562798419	0.35785574675
SRSF1	False	0.4525383653364166	0.0078966725387754	-0.387277408696295	0.5405536535
STRAP	False	0.4525383653364166	0.0614089832987368	-0.0738421980158801	0.55900249975
UQCRH	False	0.4527572473520258	-0.0555389464547176	-0.0508495113321388	-0.1414754465
LPCAT4	False	0.4529712228403819	-0.56305400308828	0.149819894540631	-0.0401031390000001
ADI1	False	0.4530427455775481	-0.0251549115687899	0.105386673122752	0.0744692659999995
PRRC2C	False	0.4530427455775481	0.339096693700564	-0.116967048928613	0.25854548225
ZFP36L1	False	0.4531055851204499	-0.257321510518289	0.164035228708645	0.758202573000001
LZTR1	False	0.4531484333157808	-0.689087462690633	0.222991385427005	-0.3149212905
ANKRD27	False	0.4541713646908632	0.126042417921304	-0.226537420001304	0.41457239575
PLEKHO2	False	0.4542559739627769	-0.525393817180349	-0.211103624513403	0.273443982
CYTL1	False	0.4546739684060494	0.690644052406779	0.190048597858747	-0.12999116275
RNASE1	False	0.4549571477988541	-0.435283071239928	0.396655446220624	-0.0791873875000002
SYNJ2BP	False	0.4553840415876194	-0.0771278727531213	-0.0416324624928555	-0.19191591525
DNAJB2	False	0.4556815449721633	-0.506501490344554	0.548290162049792	0.19221704725
FLOT1	False	0.4556815449721633	-0.74792472398968	-0.0829803034734873	0.10480247075
PAFAH1B1	False	0.4556815449721633	0.178741553818472	-0.0015933258420073	0.1305013775
ZC3HC1	False	0.4556815449721633	-0.129283828612327	-1.62291374700297	0.1850635535
DPY30	False	0.4563718954895191	0.317305300667681	-0.0404952490999087	0.12464434275
RPS17	False	0.4565948450944994	-0.0606523825033971	-0.0867565824933934	0.0196695215000009
UPF3A	False	0.4565948450944994	-0.135103144522686	-0.0562449687771203	-0.0585569392500002
ACP1	False	0.4566610410962634	-0.0726790221647429	-0.0728354968667304	-0.04333841475
CHMP7	False	0.4566610410962634	-0.043242027025582	0.0689474365483527	0.227485426
PAPSS2	False	0.4566610410962634	0.326765427365861	-0.0557359813038145	-0.2928033495
PINK1	False	0.4566610410962634	-0.349870001619715	0.330951897689558	-0.0229758585000001
LRIG3	False	0.4570530217866818	0.0110454684742178	0.0697420189688729	0.247837025
EED	False	0.4573295189159429	0.45482834185908	-0.36749757094303	0.5969792235
GNE	False	0.4586427329052805	0.181779305022328	-0.0134390577173646	0.20650062375
IPO13	False	0.4590672699103303	-0.343987369867566	0.130509944672676	0.40178534325
PFN1	False	0.4591351003001957	-0.385351013545527	-0.343056593614416	-0.0735922682499988
SLC41A3	False	0.4591351003001957	-0.412167592949443	0.270293183872892	-0.0972604300000001
DPYSL4	False	0.4594588644013617	-0.482236152789996	0.743968572280606	-0.02912257175
FADS3	False	0.4604971494040744	-0.518102796974906	0.0368897406840816	-0.0700757695000002
GTF3A	False	0.4604971494040744	0.110771336035945	-0.501666777229431	-0.1559019405
BLOC1S2	False	0.4613124664654137	0.276183444879764	-0.159697359037945	0.38660330775
KLHL36	False	0.4613124664654137	-0.0406048991821004	0.176402677736776	0.0175430815000001
PIGK	False	0.4613124664654137	0.124698739554184	-0.0224742140774179	0.31486644525
PMP22	False	0.4613124664654137	-0.17522655523662	0.132058152799278	-0.25940914525
TDRD7	False	0.4613124664654137	0.155966539356148	-0.104890267781258	0.36056850375
XPO4	False	0.4613124664654137	0.308241653598381	-0.166817647474264	0.0775502795
SLC25A1	False	0.461390859321749	-0.443411625071652	-0.320701662035376	0.233448733
CEP55	False	0.4634486511780418	-0.308918580879624	-0.808792322976372	0.3219730195
DHX16	False	0.4641256266600696	-0.225737372134399	0.0843157730883481	-0.10437357175
BACE1	False	0.4643539348781352	0.0379276855966202	0.369743397697487	-0.0869403639999998
TNFRSF25	False	0.4643539348781352	-0.122069821293466	0.118337602615341	0.286075963
TRIB3	False	0.4643539348781352	0.217087128360578	-0.81289213195935	0.33484902725
IGF2BP3	False	0.464582574180198	0.0069155278663881	-0.453845125926137	0.50060215675
AKT1S1	False	0.4647719158710549	-0.623668770978052	0.0508891399177678	0.48248366175
FKBP3	False	0.4650695500702114	-0.108762181197462	0.0136953364208878	0.37401814175
EDC3	False	0.4654032799672888	-0.412108151578837	-0.049708836996186	0.141082568
VASP	False	0.4654032799672888	-0.235041575714993	-0.0950524263624253	0.0077521635000001
PLOD1	False	0.4662255981478088	-0.43595280899503	0.621535861409519	-0.51415240175
MSRB2	False	0.4664101283757706	0.254363835303876	0.239556714981845	-0.068410087
VPS33A	False	0.4677488240326918	-0.0906102648039013	-0.279507464952997	0.24462284425
TNFSF12	False	0.4681490619247941	-0.405769357001547	0.423508363014753	0.0148254752499999
NXF1	False	0.4686284816478268	-0.363453986379906	0.145253531865599	0.45408074225
NAGK	False	0.468668307876692	-0.253457065858357	0.162869425398031	-0.26175193575
PKN1	False	0.468668307876692	-0.759091937604928	-0.188889811844835	0.18086497675
SVBP	False	0.468668307876692	0.0599901037275563	0.0188191261676227	-0.31621267975
FAU	False	0.4686905260873769	-0.63119118286762	-0.0127329132982048	-0.0324635110000004
FAM219B	False	0.4696157767257806	-0.299418861665722	0.241913605694544	0.127821234
SETD1B	False	0.4702254375590217	-0.25748148490788	-0.157757552716173	0.1841107925
ITGB1BP1	False	0.4705002361993951	-0.0059399324060347	-0.132776142954805	-0.0072480834999999
UBE2N	False	0.4708416553360988	0.167228831974943	-0.269420438661108	0.01958062925
ALG9	False	0.4711498446397127	0.150710802086817	-0.283420314604157	-0.0618033547499999
INSIG1	False	0.4714432552740487	0.690852766458927	-0.626765921942493	0.40281890425
CMC2	False	0.4718269907876798	0.333975703364688	-0.379579095004554	0.0270216860000001
GADD45GIP1	False	0.4718269907876798	-0.640248961893114	-0.159548215592015	-0.0426523065
ZNF440	False	0.4722004153299071	0.392837229866257	-0.244251847150184	-0.546429501
MAGED2	False	0.4722468932062793	-0.077327348608053	0.376158772215094	-0.43507858925
POLRMT	False	0.4731378894784354	-0.614625157239654	-0.0413129795227514	0.51525521125
COX6A1	False	0.4743679488528855	-0.338370036269505	-0.0731740377223655	0.0370686134999998
USPL1	False	0.4763046255577301	0.448769280790307	-0.0906039794746869	0.0482598065000003
TARDBP	False	0.4765049241027342	0.105460880135019	-0.19448839815594	0.7464600465
ZCWPW1	False	0.4767409913845842	-0.754630144424731	0.326719156728611	-0.04742812825
ITPR2	False	0.4771489282957731	0.488023776994251	-0.118299165140146	0.0349805885000001
GGH	False	0.4773483090899643	0.591117612374448	-0.566588603681183	0.5695191095
SEC22A	False	0.4773483090899643	0.190406746501867	0.0455284622309407	0.01269423675
KIF2A	False	0.4773506007964619	0.123838391158739	0.106295120420028	0.0938367704999997
MTCH1	False	0.4773506007964619	-0.418602385658733	-0.0447645987494942	0.214191240499999
RIC8A	False	0.4782646372508585	-0.158954622373242	-0.0599157977052025	-0.0220359304999999
EEF1A1	False	0.4791745977007582	-0.026502454562765	0.0893064880517045	0.171687882249998
ISG15	False	0.4791745977007582	0.0523971427141303	0.466048631805987	-0.1263262915
PSMC2	False	0.4791745977007582	0.100697818892179	-0.0877363754796923	0.450971697
FAAP100	False	0.4793078995596325	-0.512497106511897	0.0177853487032174	-0.0990460287499997
NADK	False	0.4796285565287211	-0.332021368469399	-0.0043084347915503	0.0721359455000004
CASP6	False	0.4800531157103479	0.138302343021195	-0.188373434687725	0.379199441
VARS2	False	0.4808884515157928	-0.659589295605866	-0.428646711641493	0.1920871315
RBM7	False	0.4810496626119616	0.271811468713898	-0.107845621728829	0.1918443805
EPHX1	False	0.4816560481620763	-0.758834148191277	-0.103169535428119	0.1040110835
GART	False	0.4816560481620763	-0.0427452255213234	-0.37312478843761	0.166441701
SH2D3C	False	0.4816560481620763	-0.488757782851798	0.150886262897607	0.336804602
SIN3B	False	0.4816560481620763	-0.332187644892076	0.250368816515968	0.2772848215
UBAC1	False	0.4819535946181186	-0.383352214477421	-0.210345547726097	0.0365036465
IGFBP4	False	0.4820605158715964	-0.60818925721186	0.257750301441208	-0.414637697250001
SRPX2	False	0.4823429639140399	-0.127141698939941	0.113482619237444	-0.7382886135
TRAPPC3	False	0.4825968860337751	-0.0201323508856994	-0.0490726878894554	-0.1630679915
IMPA1	False	0.4828926803216888	0.586909086372058	-0.241283855413843	0.2797648145
CHPT1	False	0.4831956688432226	0.423902707899603	0.0352057468987583	-0.0925291744999998
NTPCR	False	0.4833350532865633	-0.0005709329587428	0.0949024218954966	-0.417979468
RHBDF2	False	0.4833350532865633	-0.51694146528111	0.376848490057636	0.0150158525000001
SYPL1	False	0.4833350532865633	0.38626903176467	-0.654415717468824	0.28248296325
TYMP	False	0.4833350532865633	-0.0162345297276576	0.52073752635675	-0.61050410775
ZBED1	False	0.4833350532865633	-0.542398352699557	-0.0341822706447497	0.24610979775
TNFRSF12A	False	0.4841988092988661	-0.225107236254384	-0.19009758534429	0.6305953405
AZIN1	False	0.4844716831224525	0.150152812919494	-0.0081078732150938	0.17181109775
B3GNT5	False	0.4844716831224525	0.218820287250864	-0.0159281285062107	0.20338975725
VOPP1	False	0.4844716831224525	0.0799742889532791	-0.0489153911350453	-0.19625214075
BTG2	False	0.4847787181916531	-0.610772544839528	0.410435411352582	0.58566823375
RIOK1	False	0.4854398680513514	-0.0145751169009527	-0.317369640252605	0.2038806545
TRAPPC4	False	0.4858916513061874	-0.0886104927494413	-0.105182489071323	-0.0613708249999999
CCL14	False	0.4889800889487781	-0.211209973920724	-0.381310622488099	-0.03026581025
DNASE2	False	0.4890165733207037	-0.0241627773018731	0.348937805407861	-0.2778125225
UGCG	False	0.4892621546628613	0.683704552961623	0.17651253704341	-0.2733394795
ALDH6A1	False	0.4892634171994584	-0.423920098457587	0.478877787209561	-0.47710279175
GDPD5	False	0.4892634171994584	-0.720807294879775	0.45889070514171	-0.556110125
PTCD3	False	0.4892634171994584	-0.104501097421482	-0.25419700849289	0.286389013
PWP1	False	0.4900876512734001	0.226938756477258	-0.115030282194023	-0.28824685475
PACSIN2	False	0.4904122982176876	-0.20169849369061	-0.113204723522757	0.2701547275
PLXNA1	False	0.4917003968610136	-0.240972144172638	0.0246655238356774	-0.0542428877500002
SNURF	False	0.4917003968610136	-0.215415968206449	2.48371689351375	-0.14281978325
TIGAR	False	0.4917003968610136	0.137447465119593	-0.114661982740856	0.30076874025
ZNF518B	False	0.4924454994232172	0.323054705954324	-0.193564444061843	0.483545755
DCXR	False	0.4931227503158206	-0.557865222654061	-0.212521149808967	0.1143597745
TIMM21	False	0.4931227503158206	-0.325962226045901	-0.427657582009476	0.4233992985
WIPF2	False	0.4931227503158206	-0.0760031762588573	-0.0575549239386444	-0.0435417512500001
FUNDC1	False	0.4936490678880414	0.4200175746991	-0.166275463251646	0.13629078825
ZNF175	False	0.4936490678880414	0.0511723079467439	0.0085373156225045	0.273490767
EHD4	False	0.4944242164082187	0.0494005510244087	-0.0319851162385962	-0.52088117775
JMJD7-PLA2G4B	False	0.4944242164082187	-0.0094674550525228	-0.616075701966705	-0.106392086
LRRC41	False	0.4944763729865922	-0.265036983468685	0.0974808578913207	0.26724969525
MED20	False	0.4944763729865922	-0.0613519368984328	-0.0780902474170269	0.5034772005
RAB9A	False	0.4944763729865922	0.146147621494123	-0.32439096319815	0.27626364025
DENND4B	False	0.4949544053017609	-0.192622440729453	-0.167172064016014	0.124315
CDC23	False	0.4952312701273489	0.0107363322852656	-0.310050799239161	0.26009045
GON7	False	0.4952312701273489	0.150145213830911	-0.129625665805686	0.13826857225
RPS10	False	0.4952312701273489	-0.138904217171648	-0.0605440344743986	-0.012378570250001
TOP1	False	0.4952372792434101	0.13399882544584	-0.142379695279185	0.385261879
TST	False	0.4952937907531232	-0.267569680620566	0.17273364378363	-0.5401713605
CKAP5	False	0.4956537437971577	-0.287017477916764	-0.538809330868533	0.38411494975
LRRFIP2	False	0.4956537437971577	0.0470533989169599	-0.292930470285971	0.139340434375
VAMP5	False	0.4956537437971577	-0.619492486988825	0.29563054698691	0.0626690942499999
SPG21	False	0.495754340739033	0.0030076923374133	0.0057608487582419	-0.3749242525
GIMAP7	False	0.4957847798017208	-0.729149526153231	0.250887370431616	-0.0033974102500004
ZDHHC6	False	0.4957847798017208	0.0556059707815928	-0.190409536867735	0.01673337725
TRIP6	False	0.4971640236161951	-0.484071409743133	0.143270940406468	0.31224928175
TMC6	False	0.4975429701774776	-0.459735136093316	0.289301195919323	0.23695062625
CKLF	False	0.4977820072351295	0.350469652844617	-0.376593241083043	-0.076029497
CYB5B	False	0.4977820072351295	0.0390485308327539	-0.169711409119195	-0.2934122835
FUNDC2	False	0.4977820072351295	-0.0976802242311265	-0.0792676734583475	0.0331208522500002
PRKCSH	False	0.4977820072351295	-0.905182322168452	0.178489817800305	-0.16077378275
SEC61G	False	0.4977820072351295	0.101151594306666	-0.214851452750606	0.6641596285
TMEM138	False	0.4977820072351295	-0.154784927808143	-0.222819610151646	0.18098454375
GPBP1	False	0.4979348785792908	0.289142091297413	-0.118382195195355	0.343136864
ARPP19	False	0.4991389269591283	0.312238553538675	-0.12072198892053	0.1707663745
FEZ2	False	0.4991389269591283	0.155541224654042	-0.138886522050783	0.35608642175
OSGIN1	False	0.499491822213108	-1.04084565449307	-0.626574069158417	0.67023902125
GOT1	False	0.5008203550591356	0.0150715802313472	-0.192435118684401	-0.0047890465
GRAMD1A	False	0.5008203550591356	-0.660723411188824	0.124020863974938	0.417355436
NECAP1	False	0.5008203550591356	0.340665764272413	-0.0097913878352358	0.0547509075000001
MGST1	False	0.5013225230323016	0.235036610928961	-0.629883421709254	0.182829192375
NDUFB4	False	0.5017577090005232	0.005555394158053	-0.0872891646518506	-0.19270412325
CDAN1	False	0.5017739800894275	-0.377095547465833	-0.196375386784423	0.18164985525
TDG	False	0.5017739800894275	0.527428710556059	-0.160673482102139	0.2627963405
SAFB2	False	0.5018135602895368	-0.464467534198918	-0.109815738125859	0.155755164
CEP350	False	0.5019503189232968	0.653744541135213	-0.117314360011771	0.0695312297500002
TERF2	False	0.5028042524710216	-0.0775533563217632	-0.209466924672007	0.16498390475
TMX1	False	0.5029985973785659	0.572748341772328	-0.258907807850312	0.7744823695
HIKESHI	False	0.5032344733337917	0.196425837563902	-0.155545988479545	-0.196096288
NGLY1	False	0.5033121043314874	0.0151960053839009	-0.117871199292873	0.4612591135
SPRYD3	False	0.5036370080750436	-0.594682094904382	0.10786680187199	-0.0565921102500001
TMEM147	False	0.5036370080750436	-0.191349612917803	-0.0598179991867722	-0.0473943545
DDT	False	0.5043693901780111	0.19064769823513	0.140936336547864	-0.49383996825
SGCB	False	0.5048472853476744	0.182184776741946	-0.186979230043269	0.1716108675
MYC	False	0.5053000115734251	-0.215870711774876	-0.0432567271731745	0.6000173925
HAGHL	False	0.505383146041468	-0.461776573543441	0.0177219374201558	-0.12613515575
NAV2	False	0.5054884239519408	0.244277425786867	-0.13399354481493	0.2328002435
PSAP	False	0.5055179494929454	-0.19536970320857	0.437786379402214	-0.6269281755
MIGA1	False	0.5067201623422325	0.569037056648356	-0.128041257200867	-0.60915173375
TMEM44	False	0.5067201623422325	-0.253485326453868	0.278135638267779	-0.36088031325
MED25	False	0.5070715053328415	-0.224713328699131	0.039969092200753	-0.113847543
DENND3	False	0.5072795606906908	-0.289096457125624	0.301670153450653	-0.126283103
SLC35E2B	False	0.5072795606906908	-0.157355034071973	0.268303235046256	0.21384506675
DHRS7	False	0.5074590967813059	-0.162146041982467	0.266826376282067	0.01033716375
CORO1B	False	0.5075464066754094	-0.854645084243109	0.117314782764148	-0.0860678435
G6PC3	False	0.5075464066754094	-0.672474595258862	0.0629083012691023	-0.0213450942500004
KIAA0100	False	0.5075464066754094	-0.0883131357036238	0.0157950098540436	-0.18991143625
RGL2	False	0.5075464066754094	-0.437935883887561	0.44254470895084	-0.0332786594999999
RNF20	False	0.5075464066754094	0.0787980463101672	-0.0854354987625507	0.2784581405
PSME3	False	0.5086077146147119	-0.0769711777103064	-0.0910568628763784	0.07838522875
NME3	False	0.5086466104160058	-0.426981400793933	0.774186934731417	0.0046086105000002
SPATA20	False	0.5089976298809745	-0.670935373408547	0.230037309471255	0.12247097975
COPA	False	0.5091519207273526	0.264195479485133	0.11338807620577	-0.0461572562499999
RAB22A	False	0.5091519207273526	0.241438954310931	-0.0788632293210272	0.230035548
RPS2	False	0.5091519207273526	-0.858311178015075	-0.123291453206658	0.19040126875
CCT6A	False	0.5095357710642155	0.0109113085073069	-0.293355734035208	0.299939693
APOL3	False	0.5097664289819687	-0.454776859133545	0.132739251080751	-0.0758421165000001
PTGES3	False	0.5099538899398744	0.247137872746876	-0.40310728916316	0.8584559315
RBM3	False	0.5099538899398744	0.110317347915297	0.0380938916148761	-0.74934526775
TBC1D14	False	0.5099538899398744	-0.0222818792891415	-0.0222824796554137	0.337609791
ZC3H14	False	0.5099538899398744	0.27133870949368	-0.0671953407893353	0.0977714375
NSMCE4A	False	0.5100199264265386	0.137719597741929	-0.357215443116496	0.0188315652500001
ANXA4	False	0.5103312952507191	-0.1176250611852	0.34627163664284	-0.29467415675
BCORL1	False	0.5103312952507191	-0.194233595714536	0.642068096693455	0.315953315
ARF4	False	0.510865483467242	0.424537706857313	-0.0659226951410332	0.206099058
IL1RL1	False	0.5123449976483156	-0.333577453127877	0.167967192873122	0.35340877925
PDLIM7	False	0.5130030338235948	-0.50378750730934	0.0956211514235639	-0.20795367025
BET1L	False	0.5137290780314188	-0.339863971437786	0.056233451065582	0.02386135375
LSM7	False	0.5137290780314188	-0.158783384583113	-0.14192376607601	0.0166081665000002
PPIL4	False	0.5137290780314188	0.135637673038873	-0.927663775728625	0.31556137225
ARL4D	False	0.5138870734738153	-0.33874592212018	-0.28837321568041	0.7605184445
PSMA2	False	0.5139597804033127	0.424220548902142	-0.155675300527113	0.46279769275
VPS39	False	0.5139597804033127	-0.309314536009295	0.0181229140705077	0.0595730367499998
GPX4	False	0.5139758703427907	-0.707988353741667	0.14786184008775	0.207488586
BTBD2	False	0.5148021341031463	-1.10883051151224	-0.151988693843832	0.3261877595
GLB1	False	0.5148021341031463	-0.141991371524332	0.36308880938606	-0.2131708435
PDIA5	False	0.5148021341031463	-0.021080692939786	0.002598453053606	-0.254298522
SEC22B	False	0.5148021341031463	0.230287761332262	0.005175140636993	0.05943473375
TBCB	False	0.5148021341031463	-0.405067619348286	0.0353159896111483	-0.1108885975
TGIF1	False	0.5148021341031463	0.0343907608847927	-0.422878482985803	0.4806730895
TMX2	False	0.5148021341031463	0.132632858608263	-0.102585575014373	-0.2513450765
ZDHHC12	False	0.5150111737901624	-1.02885894452143	0.0535992477623957	-0.0520469285
TTC37	False	0.5154238114612949	0.233686775640363	-0.0851967216594494	0.161069711
HP1BP3	False	0.5157205296203151	0.261798717640497	-0.202993158516639	0.081645279
GDI1	False	0.5161669715619595	-0.486966645303137	0.0422698191470081	-0.0762891350000001
ERAP2	False	0.5164268158151339	0.558502709444086	-0.0847894353001555	-0.563858038499999
AKAP8	False	0.5164496638466943	0.0252311841589945	-0.333456364508808	0.13968229725
GTPBP2	False	0.5164496638466943	-0.180779121170295	-0.122739948592185	0.12051681725
SLC25A37	False	0.5164496638466943	0.351572470876644	0.0731428807017149	-0.19701147725
JOSD1	False	0.5168163120303056	0.12272390484944	0.0371631321964134	0.0746846474999999
CCDC88B	False	0.5169135871836447	-0.697587291956809	0.486520469096002	-0.246665721
PPP3R1	False	0.5173005454765627	0.355441972075348	-0.0946658361208366	0.14458276
DCTN2	False	0.5174451003605856	-0.017089543602034	0.136497100729719	-0.36435960625
RPL18A	False	0.5175187452563786	-0.470431559014589	-0.0891544253109817	0.20706839625
ZFYVE26	False	0.5175187452563786	-0.0582406784751326	-0.123986955812669	0.0231301344999997
SIPA1	False	0.5180144388489973	-0.616717668996932	0.194130071376081	0.3364431585
KLHL17	False	0.518102301781247	-0.579671830376946	-0.0109398985625164	0.0125554075000001
ZNF524	False	0.518102301781247	-0.585399711483947	0.252082383627636	0.3836902155
SAR1A	False	0.5183920657273741	0.296384074871575	-0.0802689165972668	0.128818714
GRN	False	0.5187481024406401	-0.742970075119791	0.536235713057716	-0.27217795975
MIER2	False	0.5190858447128983	-0.377005175071746	0.187456164089579	0.2605911835
MGAT4B	False	0.519197470129044	-0.38988147722331	0.334314425380585	0.183183892249999
COX7B	False	0.5192792984355948	0.344796826595849	-0.207993087382353	0.22834717675
PIP5K1A	False	0.5195571738105921	-0.0021140885433927	-0.164629174519795	0.061996771
PPFIA1	False	0.5195571738105921	-0.101524638893364	-0.273301573260819	0.4029883875
CLU	False	0.5199260895497353	-0.699730598189106	0.537758597642223	-0.5067863685
GPT2	False	0.5205480128270966	-0.244912948767007	-0.258437475354872	0.30715712325
SIK3	False	0.5206408327467271	-0.142045016811136	0.242630449872987	0.22352133075
VPS28	False	0.5206408327467271	-0.403590474312281	0.113950829196395	-0.08199034075
OSBP	False	0.5206641912478197	0.0198460739985284	0.057300131048927	0.095664925
PIP4K2B	False	0.5210755752661917	-0.188611850758925	0.856598213374748	0.16581722525
ACTA2	False	0.5211557952900355	-0.429053722519293	0.630707712977453	-0.0702986892499999
SPAG4	False	0.521821706132363	0.231529516012022	0.062024826947311	-0.34301966125
COASY	False	0.5226428881767065	-0.431797189405219	-0.134196037348266	0.2302780395
FAM111A	False	0.5226428881767065	0.0011187896391957	-0.455574714625168	0.1460370255
MRPL42	False	0.5226428881767065	0.345956070742203	-0.205266580860203	-0.1567174485
REV1	False	0.5226428881767065	0.362355741665604	-0.0843685306351238	0.153829133
STOML1	False	0.5231682130934292	-0.382588388696786	0.0978305884444288	-0.20710532425
TAPBP	False	0.5231682130934292	-0.32589725179148	0.373686253319486	-0.141004338749999
XPO5	False	0.5231682130934292	0.0640007907237408	-0.335012763912059	0.15351392825
NRBP1	False	0.5239542155818689	-0.29179293740517	0.0433680032966617	-0.0583725085
MRPL36	False	0.5239821569858507	-0.0215115230550067	-0.0022093166050476	0.33026281675
EP300	False	0.5248227621884064	0.280988655087972	-0.0542388654216461	0.17044320175
PTGS1	False	0.5249861828658565	-0.0461254456522671	0.097853937863901	-0.448997544
LRRC32	False	0.5257621048588222	-0.111653586545003	0.0082508921461146	-0.168280552
FBXL12	False	0.5262063871407388	-0.06275590452106	0.340479806915461	0.05612824675
RHOA	False	0.5264340284970342	0.103944632184914	-0.0366787087728522	-0.399382168250001
AKR1C2	False	0.5265182062307779	-0.313649156800072	0.447635924979409	0.0578082719999995
TBL2	False	0.5265182062307779	0.0439434263338541	-0.06845529932929	-0.29721125475
ABCB6	False	0.5265472736109952	-0.34541352765045	-0.156662480087285	0.0703666900000001
DHX8	False	0.5268363991914264	-0.146571071197757	-0.231788995769435	0.155685772
RPL6	False	0.5268363991914264	0.0346222134276673	-0.289562423696641	0.18163988425
IFITM3	False	0.5268538861740193	-0.794896903471289	0.0849071059472824	0.40915560975
WTAP	False	0.5268538861740193	0.216969212169134	-0.147273292223706	0.32197717575
SURF6	False	0.5270318532857288	-0.404117414711813	-0.0724131804746908	0.082629526
MPHOSPH6	False	0.52728531947879	0.05641527916179	-0.363905348075647	0.191563228
STAMBP	False	0.5273415059590223	-0.0344901862228699	0.252507511897572	0.1387111045
TRIM16	False	0.5273415059590223	0.0721516608445194	-0.718813710560078	1.05409188375
NSA2	False	0.5291948873407868	-0.12513536854279	-0.214657117245942	0.331625778
GOSR2	False	0.5293068099557661	0.0469344614157512	-0.195028877966485	-0.0229571793749999
STK4	False	0.5293068099557661	0.224816165446442	-0.0506282930101083	0.2096303555
TMEM230	False	0.5293068099557661	0.162390399059484	0.0388153890936982	0.0214454142499996
SOBP	False	0.5294133605528514	0.24283516483981	0.225626170677607	-0.06918253575
YWHAB	False	0.5295837621635417	0.280371540169261	-0.111290122102547	-0.5097013745
CKS2	False	0.5305548105436709	0.106558323677615	-0.880408719036157	0.29547984675
EIF2B3	False	0.5305548105436709	0.0540767328346856	-0.54598895988153	-0.16869285325
HNRNPU	False	0.5307303079441918	0.0812710406855093	-0.281383208624352	0.73806301525
CNBP	False	0.5307948160246051	-0.0519639748679026	-0.231496728698696	0.3068030035
ARFIP2	False	0.5308603931344633	-0.128223168140389	0.202568552220002	0.10353119125
IGFBP7	False	0.5308603931344633	0.337462934077042	0.135639935535565	-0.12272876825
MAP1LC3A	False	0.5308603931344633	-0.510541812041543	0.592471368775255	0.04511442525
RPS19BP1	False	0.5308603931344633	0.101395114974084	-0.134713176823853	-0.1319057295
STARD10	False	0.5308603931344633	-0.330496393762687	0.192722969461633	0.2492173085
SZRD1	False	0.5308603931344633	-0.331301334465819	-0.0561188785306843	0.20619737875
DDX1	False	0.5309226893447496	0.296198427876592	-0.238775014391336	0.44146008325
MARK3	False	0.5309226893447496	-0.0023190278790066	-0.069283010116532	0.374615324
NFATC1	False	0.531009129896221	-0.0744233105747032	0.226488745012012	0.0215920510000001
RPL32	False	0.5313021299982155	0.0288717378323309	-0.066802207085825	-0.15028015
ATG12	False	0.5327722714289141	0.582663586426754	0.0200312058168883	-0.40694334725
SLC4A2	False	0.5327722714289141	-0.312379563261126	-0.0084692600039773	-0.05245183525
ALCAM	False	0.5328137258211457	0.729147245072769	-0.349955245190612	0.24989184325
VPS26B	False	0.5328137258211457	-0.340809451973954	0.144325608933199	-0.20481949825
PIK3CD	False	0.5329096416634997	-0.0650886587031998	0.159841323987256	0.2620103125
PTOV1	False	0.5334241315999014	-0.522253481566011	-0.0357153205602447	0.0197242822499999
AKR1C1	False	0.5336696908581513	-0.0812404047941824	-0.22128876004647	0.628485492
FAM98A	False	0.5342276203855861	0.310936344375237	-0.233360920125704	0.512836534
HSDL1	False	0.5342276203855861	0.202849783432915	0.13799616162311	-0.189178042
AIP	False	0.5350265131362781	-0.701590330061619	0.0562368196271619	0.0634625430000001
RPL9	False	0.535450223731622	0.341702364311823	-0.145181853653884	0.249818417
ERCC5	False	0.535930684709422	-0.113709017912139	-0.415617262798009	-0.02417176225
CALR	False	0.5364504369640306	-0.303661504380468	0.113155451399356	-0.0215698405000007
RPLP0	False	0.5364504369640306	-0.239313663403406	-0.0840660028971936	0.2725990635
TAP1	False	0.5364504369640306	-0.38234575860394	-0.453032883887966	0.1194865635
WDR4	False	0.5368266071399955	-0.47386221511974	-0.638413431181838	0.345710487
CCZ1B	False	0.5368895616028618	0.142273823755195	-0.0997567796655865	0.271512211
KIF3B	False	0.5375885855701036	0.0120343582236631	0.112675096770589	-0.0611783757500001
CCNL2	False	0.5376733383381461	-0.460589866727823	0.175760789204666	0.50279385975
GLMP	False	0.5376733383381461	-0.62795062983228	0.3165796291234	-0.545620126999999
SRP14	False	0.5376733383381461	-0.174815598164338	0.711877878252511	0.0106703432499984
DHRS3	False	0.5394112568166335	-0.0364343913262797	0.412617037490086	-0.8686476945
MSH3	False	0.5396922544984023	0.345453538999524	-0.0627649729763928	-0.746822713
MRPS22	False	0.5397625988735893	-0.0677368669380929	-0.289673936162159	0.0645336965
RECQL	False	0.5401292908650142	0.409826462803646	-0.204241514822463	-0.142274023
CDK14	False	0.5405166936326977	0.308279714789733	-0.367297860343835	0.1394511025
DDX10	False	0.5410279457106232	-0.251941698621663	-0.40459193278117	0.37431894075
UBL5	False	0.5411303028415894	-0.0885277779013771	-0.196110934185692	0.0403084902500002
REXO4	False	0.541368843164358	-0.51804825810345	-0.0605746709602135	0.0626169944999999
KATNA1	False	0.5426790595424744	-0.117761279525184	-0.101957658900867	0.0367830305000001
SCAMP2	False	0.543158802603284	-0.719115045279135	0.105825825649723	-0.05064100475
SNRPG	False	0.543158802603284	0.0971913292550424	-0.437410928104096	0.28009131075
UBXN2A	False	0.543158802603284	0.258264331380781	-0.123079570212616	-0.37070138675
PPP2R2A	False	0.5432003734424484	0.0615256299116709	0.0161328463899793	0.12317049525
TNS3	False	0.543431744854315	-0.177221489008983	-0.235782386109778	0.326490218
DNTTIP2	False	0.5448888297908294	0.0917744094024071	-0.123537787537252	0.4169850875
NFIA	False	0.5458441866714259	0.401246503271599	-0.284556076313733	-0.0851851342500001
SLBP	False	0.5458441866714259	0.199051368126748	-0.316292543676544	-0.00936837825
MAK16	False	0.5464425707872573	0.287305725182274	-0.282919637275977	0.30818031475
POLK	False	0.5464425707872573	0.718385550162441	0.0503887038415218	-0.3757842815
CRTC2	False	0.5467054325866597	-0.59657223237356	-0.0726470083740454	0.23875851025
SDHC	False	0.5467054325866597	-0.0083106538223525	-0.057332115159487	-0.1560836
SEMA4B	False	0.5467054325866597	-0.670138814693623	-0.780046247255647	0.19246825275
PHF11	False	0.5471149779639753	0.17674136346059	0.0024171444363316	0.0618092340000003
HLA-A	False	0.5475368857843202	-0.62634179568315	0.413891872217159	-0.0059561124999998
ITPKB	False	0.5475368857843202	-0.164083593952477	-0.187407937009038	0.4106133115
SCD	False	0.5481218823644456	0.362986230725037	-0.844301047668873	0.8794347
IFT88	False	0.5484013428014302	0.0670761392213501	-0.0549475371793133	-0.423480148
PSMC6	False	0.548943173430833	0.0550711483256841	-0.209669797034062	0.74953176325
NOSIP	False	0.5496236351957844	-0.518872412442502	0.025921563485813	-0.0067919044999995
CNTNAP1	False	0.5505794546667978	-0.411755483446321	0.272350579694741	-0.5463680935
MRPL50	False	0.5507356926933914	0.346445064738104	-0.183836173146631	0.41029354875
TMEM132A	False	0.5507356926933914	-0.616524247169903	0.394650823509086	-0.315972563
TMEM98	False	0.5507356926933914	0.135657043754064	0.210973100885369	-0.34850551
ING5	False	0.5507408356956789	-0.161752850493332	-0.191057435885854	0.12489061175
RPL23	False	0.5512751887461432	0.155183395789937	-0.0767005116893369	-0.272182958749999
ANAPC11	False	0.5512958137149262	-0.476840839436772	-0.0798466576176136	0.0597405470000005
PRDX6	False	0.551726016003367	-0.0544140764280616	-0.149593349524715	0.13744806225
PCSK5	False	0.5530205583614747	-0.0825995462497664	0.0394566915437244	-0.2305925415
TTC38	False	0.5530205583614747	0.0875353382628661	0.059007103070738	0.04729942775
BAZ1A	False	0.5533893891670584	0.289033983256534	-0.132160470324985	0.385023358
RMDN3	False	0.5538017958155911	0.0533946294770002	-0.0533781229964729	-0.1895199725
ZBTB20	False	0.5538017958155911	0.910638312037206	-0.0492635358186782	0.0208590260000001
GNL3	False	0.5544099156054086	0.0906648741391463	-0.338929652575282	0.25480529125
MORC2	False	0.5547897609490539	-0.136192552981269	-0.0515540839581741	0.4873508755
PAN3	False	0.5547897609490539	0.215182328326921	0.0152495634894851	0.0594105820000002
PPP2R5E	False	0.5547897609490539	0.359428235475396	-0.160799088173607	0.21095010375
RBM22	False	0.5547897609490539	0.144420546517834	-0.100046738434352	0.3170588835
RDH11	False	0.5547897609490539	0.321879416549367	-0.478842681950244	0.15836720175
SIN3A	False	0.5560178046674201	-0.119194551500611	-0.23528369503407	0.103982089
NIP7	False	0.5567379425168199	0.272349709422479	-0.504805515268028	0.11812712025
LANCL1	False	0.5577793149107318	-0.0628585158762567	-0.340102402395068	-0.0479104829999999
P3H4	False	0.5577793149107318	-0.45890490729941	-0.0106410217196729	-0.0021725134999999
ANKRD11	False	0.5581678335280277	-0.347190283435071	-0.100952752283414	0.24697978375
NDUFB7	False	0.560871363648739	-0.98802472743019	-0.181301166785883	0.314927976249999
NDST2	False	0.5612946836330324	-0.115366961805642	-0.0795578347804957	0.33983609
MRPL17	False	0.561455917103256	-0.341689191996089	0.265106194459972	-0.442993838250001
N4BP2	False	0.561455917103256	0.786236166135321	-0.130395700074256	-0.8514006705
PYCR1	False	0.561455917103256	-0.701813777344193	-0.209422407200556	0.35673026125
SLC2A8	False	0.5614693376003717	-0.514790163519877	-0.107126224185515	0.0511790675
SLC35B1	False	0.5615810681209807	0.138308807684188	0.0380116929999321	0.0102991032499999
DUS1L	False	0.562051462208419	-0.660135671462784	0.0751703938423098	0.0199959457499999
ZNF146	False	0.562051462208419	0.077751094204686	0.146749819957715	0.0501456527499997
C9ORF78	False	0.5622984584397827	-0.409870028615302	-0.0818871345657204	0.2127020925
CLTB	False	0.5622984584397827	-0.635177453392822	0.211392346461884	-0.18115005925
DLC1	False	0.5622984584397827	0.510438142066203	-0.161953137268253	0.0328540442500001
HINT1	False	0.5622984584397827	0.0053222858495782	-0.760528400691906	0.12057676125
RBBP5	False	0.5622984584397827	0.315922538636846	-0.190764966719189	-0.153312806
STAG2	False	0.5622984584397827	0.512163102155493	-0.139537400697556	0.287303038
CERCAM	False	0.5624292166581838	-0.973792279778384	0.326816490159676	-0.26777311975
PNISR	False	0.5631225175174472	-0.0390603870326176	-0.0588473498871744	0.391375039
ANXA7	False	0.5639712811438962	0.0199309713343441	-0.109565259311781	0.0322150135
NDUFS8	False	0.5646691133158566	-0.299279630913933	-0.157218657489588	0.1784185845
NISCH	False	0.566053313159534	-0.457811231506359	0.271004350709762	-0.2811145325
BLCAP	False	0.5662425746368419	0.0733531723445022	0.565247414062807	-0.11642641675
CTDSP1	False	0.5663843828872767	-0.635932942762447	-0.0123330195968112	0.100266346
PLPP2	False	0.5663843828872767	-0.649676554340776	0.478465810410604	-0.256848187
ZNHIT6	False	0.5672196773752585	0.207509695862068	-0.124524153715439	0.28562361325
NDUFA2	False	0.567614428004714	-0.116961026930109	-0.0695204826185525	-0.16792748225
METTL21A	False	0.5676633620040097	0.34066244790054	0.175672386578599	-0.41636450375
NRDC	False	0.5676633620040097	-0.002629929408803	-0.246229255237699	-0.0250199005
SLC25A43	False	0.5676633620040097	0.358568363223651	-0.0199370965052497	0.0411379889999999
SYF2	False	0.5676633620040097	0.0039999670843737	0.111236407675715	-0.0122546179999999
IPO5	False	0.5679272786743446	0.210967389296489	-0.247586631590471	0.5051061025
LRRC8A	False	0.5679272786743446	-0.353270604043757	-0.130084013496737	0.16930481025
SMPD1	False	0.5681309734689418	-0.530156223008995	0.550209296638099	-0.261782589
DEK	False	0.5683701475965813	0.239220853247694	-0.759580226361242	0.37199212075
MAFG	False	0.5693804106062433	-0.357764801660919	0.0331425697375938	0.5247781945
CERS6	False	0.5700667350163897	0.240877796999778	-0.406266342622878	0.185363939
FTH1	False	0.5705534345134344	-0.363124025014733	-0.0896599424730606	0.0257344890000004
GADD45B	False	0.5705534345134344	-0.118033883991563	0.12841796472931	-0.2499544795
IGF2R	False	0.5705534345134344	-0.0019105031630379	0.389418015675428	0.0883221117500001
SIL1	False	0.5705534345134344	-0.717326838031	0.158555691717607	-0.2494322435
MRPL44	False	0.5707050696157803	0.0268489690287197	-0.133556607595663	0.39188596575
WWC3	False	0.5712764883317925	-0.183009280321197	0.372303356657915	0.0866896135
RPLP1	False	0.5714345474727611	-0.451797928364432	-0.0417507296012101	0.0366389107499989
CD200	False	0.5715294261683732	-0.44181659886352	0.791699130598167	0.0280517437500001
TOM1	False	0.5715294261683732	-0.567708263119179	0.125109533273918	0.3063290755
RPUSD1	False	0.5721715966063879	-0.667236191047813	-0.1491110941364	0.741660573
P4HA2	False	0.5723522197844082	-0.220833444539537	0.177479752177603	-0.13982140725
ADAM9	False	0.5724074754663431	0.510918362844932	-0.121988347613412	0.266342141
ITM2A	False	0.5724074754663431	0.722085565787311	-0.115165193807723	0.0617623725
STK19	False	0.5724074754663431	-0.0348286195311474	0.553209004889406	-0.3349175135
TOP2B	False	0.5724074754663431	0.0953046953062673	-0.364523978660186	0.532113602
TSPAN18	False	0.5724560717441404	-0.58786778679166	0.648705283210245	-0.0032952599999999
SDHB	False	0.5724563338803358	-0.197943572690416	-0.0550130840727319	-0.04051808025
ZNF593	False	0.5724563338803358	-0.0712589446754133	0.290853638519033	0.06423316675
SESN2	False	0.5725971851257717	-0.625963380582682	-0.207442210455326	0.611719394
DGKZ	False	0.5730391655348218	-0.776757000085881	-0.0085063657987296	0.15284559525
GLRX5	False	0.5738283394024798	0.190247957806216	-0.276659619160901	0.1382776375
PEA15	False	0.5740058198707279	0.0952627613940837	-0.456923148181817	0.137839581999998
COX8A	False	0.5743480371526481	-0.0127307659896205	-0.287173656400499	0.325819855749999
TMEM216	False	0.5746813857619826	-0.146468456170094	-0.789831417596948	0.536669589
UBE3B	False	0.5753004960903308	0.0877410580206988	0.0381238667961554	0.03687047575
ATP1A1	False	0.5762392602841415	0.0483799980824688	0.0405702991770927	-0.51120539275
PSAT1	False	0.5762392602841415	0.0869613360741544	-1.12103305563944	0.3456822355
SNW1	False	0.5762392602841415	-0.199794135854672	-0.416926991124567	0.128983893
ANAPC2	False	0.5764288453026225	-0.472764945541057	-0.078221865631507	0.1583103285
RBL2	False	0.5765111476405459	0.18107350051008	0.0149422600512361	0.0939345215000003
DCTD	False	0.5765252423690749	-0.104969112176787	0.0230791099714045	-0.16114858925
TRIM41	False	0.5765252423690749	-0.209508769158147	0.0594143755072691	-0.1056873075
BIRC6	False	0.5766686703412226	0.537638513087112	-0.0863722075995259	-0.1062836995
CDC27	False	0.5766686703412226	0.347908491727633	-0.152016103973845	0.27515103425
EEF1G	False	0.5766686703412226	-0.344034809687233	0.0398573567068734	-0.0222976412499989
NDUFA12	False	0.5766686703412226	0.0545630288890546	-0.140359394006556	-0.0164641617499999
RPS24	False	0.5766686703412226	0.318735230870034	-0.613866602207683	0.55549722425
TAL1	False	0.5766686703412226	0.0655188070679458	-0.078064953671948	0.31679235225
ZPR1	False	0.5766686703412226	-0.303051761238183	-0.0915803046288124	0.14661139225
C1ORF122	False	0.5773205433902452	-0.135119622463307	0.211353144751878	0.1771315675
GPN1	False	0.5773205433902452	0.0625465225796624	-0.656434555317157	-0.0741470934999999
NETO2	False	0.5773205433902452	0.21672172028478	-0.257481634136826	0.48287654475
TESK1	False	0.5773205433902452	-0.68581550485336	0.0325138651841916	0.63178112
UXS1	False	0.5773205433902452	0.0111282318661985	0.0683445909222851	0.0814145230000001
PSMC4	False	0.577774405507899	-0.188126970478931	-0.118059956875813	-0.0177930501250001
TRAF7	False	0.5789968778671366	-0.901898280358393	-0.0600202503306546	0.391343013
SRRM2	False	0.5792453305078649	-0.0122075398377621	0.0239996405287002	0.214042246
INPPL1	False	0.5794430751625187	-0.304509764286497	0.120152250640374	0.185612658
NARF	False	0.5794430751625187	0.0050219744839665	0.0466397479949112	-0.353408993625
DDX52	False	0.5803693283782072	0.203434643456262	-0.131689964789506	0.29550055775
CTSC	False	0.5808132225429861	0.170349079840217	-0.0702281783159338	-0.248681409916667
GOLGA8A	False	0.5810075267687258	0.118758738647466	0.463306357722394	-0.15830479175
CBLB	False	0.5812391128327346	0.109207146596157	0.0284022941512152	0.0776931995
ZNF669	False	0.5812391128327346	-0.0116195565223198	0.728319180694974	-0.37422633475
ZNF148	False	0.5812614675018763	0.392422932577747	-0.283707024437279	0.2427590735
KEAP1	False	0.5815835708286855	-0.400895105699359	-0.168729182589725	0.2250294615
RTN3	False	0.5815835708286855	0.272358567528429	-0.0119646592957396	-0.03560895275
CCDC43	False	0.5828350310858701	0.0873128622956152	-0.241461809429303	0.112606569
COLGALT1	False	0.5828350310858701	-0.0890743589985341	0.235876943365225	-0.238192489
TFPT	False	0.5828350310858701	-0.469961687229833	0.667629034646639	-0.0009488697499999
BRAT1	False	0.5829818809265264	-0.60386450205295	0.218621470888122	0.35874111275
CEBPZ	False	0.5829818809265264	-0.0196803245328514	-0.0905151285216403	0.53498738975
DYNLRB1	False	0.5829818809265264	-0.197848646768842	-0.0033163952213092	-0.107467463375
GGNBP2	False	0.5829818809265264	0.104267214039036	-0.161091831502057	0.331981473
SFPQ	False	0.5829818809265264	-0.0507844966105182	-0.15845752738092	0.7444133785
SNCG	False	0.5829818809265264	-0.927749117702008	0.152099107958157	-0.116353137
TFAM	False	0.5829818809265264	0.0785287335962073	-0.350353889233229	0.17410644325
NMNAT1	False	0.5830041513430843	-0.0355137606474623	0.307957700513104	-0.777654805249999
MAT2A	False	0.5837334829378501	0.27030500815706	-0.574555790122281	1.0254021945
METRN	False	0.5853316632562131	-0.790199863252633	0.308089005257926	0.33911860675
PDXK	False	0.5858217507723962	-0.247245452612324	-0.0895340599978729	0.12821330925
SUGT1	False	0.5865516598958657	0.180137379508444	-0.11001827507057	-0.163395013
DBT	False	0.5871474248322387	-0.0867693217912335	0.152629706086858	0.0893952197499999
WRNIP1	False	0.5872427938582172	-0.19666153857021	-0.506268662394499	0.2928894305
IL10RB	False	0.5874088987282801	-0.0928067576422826	0.329404644315055	-0.0115362889999999
SMAD3	False	0.5874088987282801	-0.165772582744627	-0.0878968025967195	0.166432246375
MARVELD1	False	0.588029214011772	-0.308522593968242	0.168895719604684	-0.2431177195
VKORC1	False	0.588029214011772	-0.33403815693551	-0.0493615622980901	-0.0150656217499998
MPST	False	0.5896403186015079	0.0288356090836528	0.212659068968692	0.1703059575
NBL1	False	0.5914918436621988	-0.639211098207084	-0.0118036537783421	0.1733200675
AK2	False	0.592818237481844	-0.111184330016443	-0.136443951237142	0.0137603839999998
CTSL	False	0.5935562129711804	-0.388273658214853	0.127570207908875	-0.120133686
HYAL2	False	0.5935562129711804	-0.827460193971813	0.209609533493927	-0.367704332250001
PEG10	False	0.5935562129711804	-0.186247484269306	0.210368222820476	0.25447007075
GSDMB	False	0.5942690613824096	-0.223308145743264	-0.195833185899112	0.0262008707499994
BRD3	False	0.5943993579703296	-0.0597362719009933	0.276746038959693	0.15058496875
KANSL1	False	0.596059694543455	0.140168858233651	0.143180061190426	-0.1209812765
ORAI3	False	0.596059694543455	-0.52100564398944	0.594564428722655	-0.38968515175
POLR2K	False	0.596059694543455	0.24359504223407	-0.248624598539876	0.026395677
GRPEL2	False	0.5960808525196477	0.48013828461115	-0.195738103899719	0.18730900825
NENF	False	0.5965914423238358	-0.10359363948258	-0.145466030812116	0.0092222565
XRN2	False	0.5965914423238358	0.0524201021774564	0.0260383517379408	0.0976273332499998
IFI27L1	False	0.5966168449387916	-0.0986503950041735	-0.0398087730158485	-0.1437532945
PDLIM5	False	0.5966168449387916	0.52159667098088	-0.0566785739408804	-0.744254556000001
MGST3	False	0.5970902971361007	-0.241253489547645	0.077683745555146	-0.235223025500001
RPS4X	False	0.5972034872244268	-0.0454633737057666	0.0384215136773491	-0.433584667249999
SNRK	False	0.5979265022203055	0.289887257591325	-0.0345122178697004	0.0495649209999999
CYB5R3	False	0.5979641143907471	-0.875424932925593	0.129570895870759	-0.0085416880000002
EVA1B	False	0.5979641143907471	-0.306327319756577	0.533079571832426	0.141295606249999
USF1	False	0.5979641143907471	-0.429292007452157	-0.0911064237652148	0.1846305495
KIFC3	False	0.5986466501492054	-0.285686903136839	-0.0397779064238515	0.493606684
P4HTM	False	0.5986466501492054	-0.209321849801009	0.387931208377363	-0.169363531
ATOX1	False	0.5987405720171247	-0.187220019576848	0.103274066563627	0.144155457250001
FOXP1	False	0.5987405720171247	0.520950913198394	0.0466825763388998	-0.14163409
ME1	False	0.5987405720171247	0.259732001128501	-0.559835046827468	0.239245237
TMEM267	False	0.5987405720171247	0.48816905099325	0.283340711055625	-0.649345500499999
ZFAND2A	False	0.5987405720171247	0.154758012609744	0.169314208313187	-0.53718729325
SUMO3	False	0.5987914323749417	0.0666603417484186	-0.612009196009912	-0.04821588975
FAR1	False	0.5988333490623199	0.489100609629583	-0.244434751050885	0.38065781025
NT5DC2	False	0.5988333490623199	-0.42441346328109	-0.217025836112978	0.64168922225
KAT8	False	0.599093300350308	-0.139035064688532	0.010071787831536	0.25559662625
DEF8	False	0.5994447156854331	-0.419286861965206	-0.0021723880355555	0.047352099
KAT2A	False	0.5994447156854331	-0.746421653423314	-0.0057789863191892	0.3857291365
NIT2	False	0.5994447156854331	0.0992512901332665	-0.206308122233589	0.0252473577500001
NRCAM	False	0.5994447156854331	0.123705084501125	-0.390523179193981	0.3352526885
PAK1IP1	False	0.5994447156854331	-0.140121143090907	-0.256797611234481	0.2930115945
RPLP2	False	0.5994447156854331	-0.347556142040721	-0.0058949567238322	-0.108702291749999
WDR83OS	False	0.5994447156854331	-0.355008800795856	-0.0146070497564512	-0.0036902445
AMPD2	False	0.6002473961539144	-0.303776966630197	0.0313794249287707	0.33607551725
DDX27	False	0.6002473961539144	-0.467736191716133	0.130996805449618	-0.0049262352500001
NDUFAF2	False	0.6002473961539144	-0.022672008856607	-0.265202638441819	0.151414384
RGS12	False	0.6002473961539144	-0.332414994044601	-0.0646912083447857	0.111797538
UQCRFS1	False	0.6002473961539144	0.154865962347518	-0.0500886808638947	-0.2040837555
ANTXR2	False	0.6008293295200063	0.154319439279134	-0.113410320978474	0.3887484105
TRADD	False	0.6009052312255767	0.0413037947746839	0.544672621825901	-0.15283813325
CDC26	False	0.6013514066739079	0.256530067428761	-0.199625635812378	0.24846066975
PCK2	False	0.6015689613748477	-0.296458460411432	-0.687576149945657	0.2246241055
P4HB	False	0.6016533932440925	-0.358298877103097	0.118287575597527	-0.331270245500001
PTK2	False	0.602182591724036	0.152046151354166	-0.103438757455438	0.3685863505
QSOX1	False	0.602182591724036	-0.395828799999251	0.19938584577258	-0.5152004025
CSDE1	False	0.6026701027046766	0.0811781443594004	-0.0220105017852354	0.245175937
DAZAP2	False	0.6036447476072018	0.15997651748506	-0.0074987980248675	0.0391267189999999
EIF3H	False	0.6036447476072018	-0.253885429933152	-0.0107862551837368	0.0960004657500001
GSN	False	0.6037250082960839	-0.588142566425811	0.487588635771637	-0.482534000749999
SEC61A1	False	0.6037250082960839	-0.192033657551722	0.0124667239051828	-0.04696102175
SHQ1	False	0.6037250082960839	0.327832287806207	-0.279776393732982	0.2669518095
PRDX1	False	0.6042426979894083	0.117018139976352	-0.186204065862713	0.044744685
PDCD2	False	0.6046659648027329	0.113563343285981	-0.233127257683459	0.0762442675
MRPS24	False	0.6049773050746861	-0.114629967546954	-0.122362695885245	-0.0142514567499998
NDUFS6	False	0.6049773050746861	-0.109093033777272	0.0635698158810238	-0.225203492500001
ETFDH	False	0.6057711863824607	0.04564237546548	-0.366522116047259	0.41201378125
TBL1X	False	0.6057711863824607	-0.0536493567018166	0.675030199211083	0.179558624
MFAP1	False	0.6060371802665002	-0.190052986801887	-0.239714103152738	0.4065882775
SNCA	False	0.606455317835499	-0.017447977114494	-0.0743434944119894	-0.103317846875
WIPI2	False	0.6069233557847442	-0.222747877576269	0.0476511148785663	-0.149745361125
SAP18	False	0.6070947556360661	-0.126655950970862	-0.0724637817199687	0.1321973075
JUP	False	0.6086091510428985	-0.861688005115361	0.512227072514129	-0.0248294800000001
MFF	False	0.6088842354140165	0.234261346217994	-0.0304183518632604	0.0527906099999997
PAFAH1B3	False	0.6088842354140165	-0.520401432044466	0.013392303296851	-0.0286135582500001
STX10	False	0.6088842354140165	-0.4469146777802	-0.0672659829693956	0.08295855325
COPZ2	False	0.609835114018113	-0.307968219746987	0.2377452598202	-0.209482317
ADAM19	False	0.6099311252222664	-0.272798072425474	1.27683523745991	-0.117896762
RASIP1	False	0.6101528610590623	-0.557094190553353	0.097468176246676	-0.0700176332499995
ARMC8	False	0.6101903118306867	0.18079692068362	-0.114981155792259	0.2048260255
ATXN2	False	0.6101903118306867	0.0979883699707891	0.21660933771884	-0.0460402305000001
MPHOSPH8	False	0.6101903118306867	-0.318097695465327	0.0498596781306304	0.0269994649999995
STK40	False	0.6102715767382617	-0.27543733578558	-0.133367267467288	0.49080733625
GNG5	False	0.610315427594302	0.114244276706621	-0.249858561984694	0.14398867725
GTF3C6	False	0.610315427594302	0.175855255331421	-0.306707131386661	0.08254356275
ECE1	False	0.6109979631726241	-0.621699454658058	0.146846328405312	-0.1902264635
SLC22A23	False	0.6123839302900812	-0.345860333773206	1.50150391070118	0.0250363765000001
SUGP2	False	0.6123839302900812	-0.01015193076696	-0.0757182125665326	0.3331989085
ADCK2	False	0.6127510492155177	-0.460437544244184	0.200358345337823	-0.1657316885
ESAM	False	0.6127510492155177	-0.461584799712648	0.0911371317869119	-0.1457250555
IFNGR2	False	0.6127510492155177	-0.0026221388579168	-0.911891345603245	-0.135176153
SMN1	False	0.6127510492155177	-0.0818927018965407	0.327773203130491	0.1471706895
RPS11	False	0.6133304754032387	-0.218112418789996	0.0884967121831721	0.2305224835
LACTB	False	0.6135233239786761	0.22270638556139	-0.100565978100518	0.167630472583334
IVNS1ABP	False	0.6135852879457806	0.119148232723366	-0.0295690323262159	0.154988655
SFT2D1	False	0.6135852879457806	0.271036230771432	-0.0884157421575891	0.13741709175
HAX1	False	0.6138375385745468	-0.417815428067573	0.0728285401072766	0.1537727245
NPRL2	False	0.614384527183165	-0.258394348845326	-0.274814936986519	0.125205994
ARL3	False	0.6147347762007411	0.120310269471572	-0.13982855097339	-0.08625453475
GPR155	False	0.6147347762007411	0.750281633341302	-0.0420941019866476	-0.79300569925
NACA	False	0.6147347762007411	0.12224255099796	-0.178504333473486	0.127250034
NELFCD	False	0.6147347762007411	-0.0772653446284055	-0.0053809969302989	-0.13845205075
PPM1F	False	0.6147347762007411	-0.521657234735226	-0.0121987600465534	0.1094006745
RABL2A	False	0.6147347762007411	-0.34588344078093	0.422137149742091	-0.15341060075
WBP1	False	0.6147347762007411	-0.660835150640353	0.451041826048619	0.1163065175
ZMAT2	False	0.6147347762007411	-0.107411213589818	0.789539212701393	-0.0202415925
SMG8	False	0.6147512055992591	-0.178145890649739	0.0263478186106277	0.283237239
VPS37B	False	0.6147512055992591	-0.495309610508291	-0.0711023362330767	0.8248220425
GEMIN4	False	0.6148047038271153	-0.0914254308749181	-0.222299798757721	0.85445871575
DENND4C	False	0.6153774023364253	0.397157920040506	0.178479928052946	-0.37986408875
BRD2	False	0.6155417990573272	-0.394220707628212	0.077908954580832	0.46241421375
KCTD9	False	0.6155417990573272	0.362249376760829	-0.369378190390697	0.210854178
CLDN14	False	0.6157343462469589	0.661836543656651	0.0472148285852567	0.0676183675000001
GAMT	False	0.6166442039329486	-0.797535127719157	-0.372534094073656	0.1417476195
GID8	False	0.6175115183937429	-0.113989679490821	-0.0382973908048871	0.0033071790000003
NAA38	False	0.6175115183937429	-0.403783194822715	0.111646401967082	0.215699770249999
SAP30	False	0.6177110308475614	-0.106825044198033	-0.562705238968228	0.4350744615
PRR7	False	0.6179245325543975	-1.50425458602033	0.675737407659569	-0.02988591825
LBR	False	0.6179563971384496	0.289109843075327	-0.710177061325792	0.899205593
HAGH	False	0.6180198522888342	-0.625295393586235	0.148830865977258	-0.10926244
VWF	False	0.6180198522888342	-0.306884073119267	0.768164638832649	-0.97482291775
MLXIP	False	0.6183190352820277	-0.372737492020794	-0.0626729362828469	0.2311752095
RNPEPL1	False	0.6183190352820277	-0.666094092955018	0.0893883932854802	0.34001934225
C7ORF26	False	0.6191182911670463	-0.260039845366309	-0.161113250529114	0.630985924
TMBIM1	False	0.6191222353360674	-0.0833394105146939	0.0453800273915261	0.15457621225
IGBP1	False	0.6198523490734775	-0.261003626287359	0.157908568246162	0.09356521125
GTF2H2	False	0.6198987002030547	0.891493143156784	-0.556954142282885	0.239964368
MKNK2	False	0.6199255516132784	-0.681349347561766	-0.140713077868115	1.1134058475
RPL23A	False	0.6199360277201291	0.301341132330021	-0.127961875133508	-0.0864809697500002
HSF2	False	0.6200300501481246	0.295053959832314	-0.344806599898643	0.2229607615
FLAD1	False	0.6206530125212861	-0.375877287197861	-0.0480603943477469	0.17191491225
DERL1	False	0.6206838861770707	0.241591952903013	-0.142253727410854	-0.1575194415
GIMAP4	False	0.62175746908439	-0.361590755300004	-0.0999357586184475	0.2072561395
NBPF3	False	0.62175746908439	-0.251928362227946	0.26050572463421	0.18415498275
PGF	False	0.62175746908439	-0.467821791477681	0.168253501178159	0.19237140225
VEGFB	False	0.62175746908439	0.113030582571352	0.305752687192217	0.12080267525
KANK2	False	0.6219282955809021	-0.280195148029133	-0.134372950611512	0.169828303
ATF4	False	0.6230662974427417	-0.302670377721915	0.0830416907969385	0.333925809
PCDH1	False	0.6231669801516152	-0.506952940696786	0.201371639148999	0.24392822
SDC3	False	0.6231669801516152	-0.79387152611505	0.361784052657692	-0.20894356625
TUBB3	False	0.6236025105661812	-1.1957630969094	0.114050333417143	0.213170383
MFSD10	False	0.6242530110388619	-0.610300093124679	0.12537258149713	-0.122759292
MMP17	False	0.624485981977177	-0.705049520899588	-0.054034977718024	0.0008418612499999
EGLN2	False	0.6247149478440212	-0.653200259591122	-0.0015210212096166	0.43908272625
ING1	False	0.6248136723676587	0.22610324165383	-0.365372370604888	0.30494107125
PHF23	False	0.6250918955710296	-0.233940664722955	-0.0964128689498702	0.82263825875
DDA1	False	0.625878874839152	-0.210670577052452	-0.0003717006049726	-0.0635367084999998
NDUFA3	False	0.6262914692938619	-0.485668413499812	-0.0930250474106212	0.56301896625
CSTB	False	0.6272479729797005	-0.0830314116538187	-0.352531195768707	-0.0506304054999993
MSANTD2	False	0.6276649290655683	0.0767425427795079	-0.0166120365154079	0.15262302175
TEAD2	False	0.6279235338400885	-0.299172453404267	-0.229665748043317	0.26409426025
ATP6V1E1	False	0.6279247320305361	0.0676518721006936	0.12666537803598	-0.23664359125
NIF3L1	False	0.6279247320305361	-0.172027889010064	0.0436529534335963	0.25703679
STAT6	False	0.6279247320305361	-0.348979304353606	0.339100654951591	-0.3726587825
FBXO9	False	0.6280816011327314	-0.0007514590082742	0.0240723050442293	0.1649309955
AXIN1	False	0.6282507583014779	-0.54314652765883	0.0015878117718095	0.4726933265
CD81	False	0.6282507583014779	-0.749346092992654	0.297647396082471	0.0850303362499982
LUC7L3	False	0.6282507583014779	0.135077934607387	-0.197486470674447	0.32244323825
NLGN1	False	0.6282507583014779	0.424721251338083	-0.14370451467497	-0.2965614035
UBE2O	False	0.6284072666455552	-0.306114283136577	-0.182737012176997	0.299824295
SRSF5	False	0.6288272894562695	-0.171479555139346	0.136467918430213	-0.3133617045
MPND	False	0.6296698075041822	-0.436664016341192	0.58433084556049	0.1363113765
MYL6B	False	0.6296698075041822	-0.513706965783578	0.105720818770435	-0.231885045499999
LGALS1	False	0.6300890194297771	-0.382744172084855	0.104675407529506	0.16567492375
UPP1	False	0.6300890194297771	-0.208867662403707	0.138159704125534	-0.368940292500001
TEPSIN	False	0.6303514257359992	-0.307205539718003	-0.0237333024486288	0.426095143
TAF1C	False	0.6309762775383716	-0.303280512456896	0.16093683731321	0.19337398825
ZFAND3	False	0.632315942207039	-0.388460598558972	0.0785280330676095	-0.0789817655
RPL13	False	0.6325681298239141	-0.377850573271317	-0.0332626559591862	-0.0374012930000003
TRIM5	False	0.6325681298239141	0.41965713026429	-0.551123068952968	0.2203119545
PIEZO2	False	0.632730965834288	-0.18200409305822	0.597690896377829	-0.12326784725
DHX15	False	0.633502800680984	0.287098990166143	-0.250051186720889	0.60316382075
ABHD16A	False	0.6347467569308154	-0.443239179891136	-0.219576989533715	0.382325122
FBXL7	False	0.6352250989374519	0.136366411570895	0.0839966631814146	-0.0446638375000001
BMP1	False	0.6366504446033678	-0.61223960775948	0.599415565070107	-0.61240307125
KLC2	False	0.6378166287378695	-0.858938382139133	-0.0824946409838367	0.2446217405
MCTS1	False	0.6391532385072526	0.217889839897259	-0.0768046176166806	-0.26939066325
NUP205	False	0.6391532385072526	0.151349949132101	-0.579006260386538	0.33657280275
MAP2K2	False	0.6399799713634743	-0.573007987789194	-0.123277009734905	0.141762570750001
CBX3	False	0.6404624091150174	0.272144844983358	-0.274311584289787	0.170393213
DPY19L1	False	0.6404624091150174	0.461029525339788	-0.419782105838944	0.43275373825
BUB3	False	0.6405883755140899	0.144034827743948	-0.55019102429685	0.3373541265
METTL26	False	0.6405883755140899	-0.657748958497024	-0.0880958719720795	0.02025937225
UBA52	False	0.641400509362607	0.101196602213101	-0.0235946771057129	-0.231175660249999
NKTR	False	0.6418241913829966	0.165481230938065	0.0964626489189548	0.0269872770000001
PCBP4	False	0.6418241913829966	-0.876541127999774	0.259215740043336	-0.19751050425
AGPAT5	False	0.6419400729116116	0.612318497870541	-0.184217343718206	0.0542587870000001
KRCC1	False	0.6424985468659631	-0.0786794512962867	-0.1882965226115	0.08807418675
R3HCC1L	False	0.6424985468659631	-0.150357808066757	-0.0570251994138311	-0.0290231079999994
SPATC1L	False	0.6424985468659631	-0.556199178826217	0.209070449741986	-0.0529663124999997
CDC42BPB	False	0.6428374241658882	-0.347521168962059	0.0247186965811679	0.0052495817499999
M6PR	False	0.6428374241658882	0.0780058459389341	0.0715246167088344	-0.08212511525
GAR1	False	0.6436133357010716	0.18752312981293	-0.224195157689019	-0.0491707282500002
METAP2	False	0.6439338053033022	-0.109086828630798	-0.183839479643861	0.34699328475
IL4R	False	0.6445373178802769	-0.259456231205404	0.060661124311971	-0.1470791555
SERPINH1	False	0.6450615249184595	-0.463310254111534	-0.122021004041422	0.515427271500001
ENOPH1	False	0.6454061094083031	0.410685153678634	-0.216854072746944	0.182409114
CAPRIN1	False	0.6454144205168754	0.267077540744148	-0.196888054977382	0.43702347975
UBE4B	False	0.6463446505332321	0.0827016178533011	-0.0334789370688249	-0.178526451
C6ORF136	False	0.6464012040676803	-0.350777008251796	-0.871760404199964	0.19719865275
GLG1	False	0.6464012040676803	-0.234022768287792	0.0493157514046754	-0.0753883022500001
ANKFY1	False	0.6467335747383735	-0.019408134996902	-0.0769110269995732	-0.0459749482499996
OGFR	False	0.6470664139419415	-0.61548036868802	-0.0418457358717497	0.377894858
CSNK2A1	False	0.6473048254578886	-0.103865740516277	-0.0757213644482908	0.1262330135
SLC44A2	False	0.6473048254578886	-0.255347253665988	0.329407487157847	-0.5049361165
MAP3K3	False	0.6476405809503598	-0.369184083597766	0.0165580953858804	0.08511297675
TLK2	False	0.6476405809503598	0.248598693862322	-0.246692301483201	0.306695667
RASSF7	False	0.6482927899915774	-0.358810474323183	-0.539751211796709	0.13128725675
ACADVL	False	0.6493539402262692	-0.595683308848879	0.201266453332716	-0.2969610685
ARMCX6	False	0.6493539402262692	-0.217682810160361	0.319255563412783	-0.034843386
DUSP5	False	0.6493539402262692	-0.326501137841887	-0.0105626344762184	0.0461753205000001
LTBP2	False	0.6493539402262692	-0.366698033888561	0.229743550547065	-0.106717487625
MAPK8IP3	False	0.6493539402262692	-0.682143575824229	0.358619108277603	-0.0572308659999999
LRRC47	False	0.6500816133938871	-0.0951576969783225	-0.0630066758102714	0.48476982375
NUP54	False	0.6501138597697694	0.215317774556541	-0.425180414780707	0.16014552925
KXD1	False	0.6502365045982222	-0.652137939823192	-0.0324533058023224	0.20778742275
TMEM17	False	0.6503687940838405	0.0473082477223847	0.694500018590935	-0.854141729
ZFP64	False	0.6503687940838405	-0.319001888672345	-0.151892604738918	0.544719580375
PCID2	False	0.6507418884841673	-0.0062515608720836	-0.35966123966568	0.28062235575
CEP170B	False	0.651060144635896	-0.490507895618636	0.0840618374473783	0.53230604225
NFX1	False	0.6514110184361446	0.0397060214537346	0.0481385562823249	-0.3451973535
BCR	False	0.6520772482361537	-0.368160174132404	0.2012717666691	-0.166324811
TINAGL1	False	0.6525077294804202	-0.649128484000591	0.181366828999874	0.0446806017499997
PTS	False	0.6526116021992353	0.452382524465775	-0.267074963437209	0.26012832425
SLFN5	False	0.6526116021992353	0.0468513782434767	0.145914214140121	-0.60354050875
MAPK9	False	0.6527729404866836	0.0330656654426242	-0.165107334122908	-0.0005503489999998
HACL1	False	0.6533118534718353	0.131223856332638	0.556771958053796	-0.27992296725
GMPR	False	0.6534135345912481	-0.809940527988029	0.568489841592186	0.0903108695000001
ACSS1	False	0.6534430180000929	-0.119161303732696	0.243772627084143	0.040790925
UPRT	False	0.6552476252479372	-0.0701887250838591	-0.157450859394723	0.0327502535000001
AGPAT2	False	0.6568818038539642	-0.732579617594026	0.0458229412410312	0.0163682430000005
EPS8	False	0.6568818038539642	0.215743336662917	-0.189076511336717	0.42642847075
SPTAN1	False	0.6568818038539642	-0.221748977019866	0.131682324300677	0.13512762675
ABCE1	False	0.6569649465332453	0.237303932916758	-0.355525484717669	0.1093971465
ARL6IP1	False	0.6569649465332453	0.0644494228737385	-0.388717592109067	0.61263342725
KDM5C	False	0.6569649465332453	-0.3298329641378	-0.115845203923236	0.26302201375
IPO7	False	0.6577335684797464	0.338158064216817	-0.319993696379852	0.4762652565
IFT27	False	0.6579126685592908	-0.29250815841564	0.245298056395549	0.217095277
LYPLA2	False	0.6579126685592908	-0.652031730971239	-0.0134754187148847	0.143243717
CMTM8	False	0.6588885920650507	-0.0071185928946717	0.447009102179546	-0.14565773975
PPIL3	False	0.6588885920650507	0.0848665202072745	0.0378940610175405	0.073529029
UCHL1	False	0.6588885920650507	-0.142743771344994	-0.365688663812414	0.108260683500001
PLD3	False	0.6589900567466447	-0.613368435123764	0.30072861381913	-0.380233589
MTHFSD	False	0.659955309951072	-0.286686001603873	0.0546263422721647	0.3958539755
NDUFAB1	False	0.6602689347511773	0.498144007317014	-0.16583051282293	-0.2124295415
ROMO1	False	0.6624317569452534	-0.349260655336152	-0.0610262779968007	0.0265771542500004
RNF114	False	0.6626638665252667	0.0812221541746476	-0.119703262800608	0.502778721
ADIRF	False	0.6628146629250063	-0.674232016599114	0.14009380703174	0.24113033
APRT	False	0.6628146629250063	-0.580090330964532	-0.031729292043897	0.0234362272499995
DDX42	False	0.6628146629250063	-0.108995709155558	-0.0438308730719932	0.0373956902499999
PBDC1	False	0.6628146629250063	-0.0847085033345056	-0.0403194917382275	0.241156623
USP34	False	0.6628146629250063	0.542989531709856	-0.385892301754229	-0.0657553407500002
ERGIC3	False	0.6629645570805709	-0.380061222508047	-0.0217622038815914	0.0722056174999999
SH3BP5L	False	0.6629645570805709	-0.555756464683279	0.219782066838456	0.190864239
IFT52	False	0.663358864318704	-0.0531375534293099	0.748761149246386	-0.178178233
DEDD2	False	0.6643796665576532	-0.582537271495016	0.279503270628072	-0.33330970675
GBA	False	0.6646156680976052	-0.323410140839149	0.289135712354718	-0.4126163235
HSPA1B	False	0.6646156680976052	-0.510507758501779	-1.2919695777395	0.19036085975
PPP2R3C	False	0.6650010915487221	0.203977750069676	-0.185144257212246	0.20726586975
ZNF207	False	0.6650010915487221	0.179803409789366	-0.0549479526370948	0.14966248125
EXTL3	False	0.6654721962128859	-0.262343570827163	0.0852193981089999	0.39392351725
ABI2	False	0.6656758513773319	0.168576156274812	-0.100019358611628	-0.17990850225
SHC1	False	0.6657588056238118	-0.216750542595832	0.121553383134821	0.28048265175
EIF3J	False	0.6663152275887697	0.110416535406661	-0.12748117515281	0.34392173825
CNOT4	False	0.666549610787348	0.0573232461652005	0.146351959071631	0.0091342054999997
SLTM	False	0.666549610787348	-0.0483196769981769	-0.272466641896665	0.407178902
FAM171A1	False	0.6683522046967503	0.0099841939473632	-0.0066752793235025	0.20333162375
TRAPPC8	False	0.6683522046967503	0.491383354828867	-0.266714673723355	0.272536119
SRSF10	False	0.6684964704107392	0.379889983921367	-0.193676612074837	0.236312201
MRPS18C	False	0.6686291066037949	0.141811269997717	-0.252635482663117	0.17035539925
EXOSC6	False	0.6686355381904299	0.215399153861687	-0.263412553604525	0.227228749
PLA2G15	False	0.6686355381904299	-0.424787862900846	0.34861345590372	-0.12719215375
HSPA4	False	0.6686918056322941	0.0129552084247351	-0.179773231305189	0.09004071075
ABHD12	False	0.6694418501957328	-0.318584589446912	0.217698504582602	-0.30528284125
PFDN1	False	0.6694418501957328	-0.222599068382869	0.447626089437327	-0.1870503375
TAF1B	False	0.6694418501957328	0.475415966630976	-0.292817739014315	0.244603595
UBR5	False	0.6695563674400227	0.404764606341661	-0.138220249623932	0.14801486825
DDRGK1	False	0.6700439673702602	-0.490204229028211	0.076057059154051	-0.04800688625
ZNF544	False	0.6700703952473506	0.1062038463479	-0.104405176744074	0.243162566
BAD	False	0.6700977199032369	-0.371254860094029	0.439871501483166	0.1004101815
BLZF1	False	0.6700977199032369	0.503035618548263	-0.149300550644836	-0.6260425115
TSPAN8	False	0.6701998500831325	0.295812905593568	-0.713420705586032	-0.0132279022500001
GCSH	False	0.6702285083946735	0.0725737693275166	-0.963949290816595	-0.0135199485
EDEM2	False	0.6704014406652735	-0.303077322902862	0.187990666945469	-0.369212237250001
COPB2	False	0.6708762996137962	0.211647375808131	-0.0575224680766988	0.10740076725
EIF4G3	False	0.6714654825253342	0.397526910879279	-0.0692961999642066	-0.0542016715
STX2	False	0.6714654825253342	0.420156653779103	-0.141827515803937	0.128761555
UHRF2	False	0.6714654825253342	0.230208913859275	-0.0417098439650045	0.098252917
CD9	False	0.6714822131615833	-0.039530899429316	0.217620082021105	-0.500403413999999
CGNL1	False	0.6714822131615833	0.120474346100495	-0.679814532393776	-0.0450116147500002
DHX29	False	0.6714822131615833	0.222632483834736	-0.0653965992374905	0.13306729825
ERMP1	False	0.6714822131615833	0.0964599856663764	-0.0591156020784833	0.1554083945
SNRPB2	False	0.6714822131615833	0.0582365960071396	-0.131165933305098	0.032797459125
CBR4	False	0.671498701483441	0.201918422080703	-0.251965524537435	-0.16302408925
CCNA1	False	0.671885366629111	-0.385127778977958	0.546687653785219	0.0218707097500002
EPHB4	False	0.6722677881889382	-0.341539274463011	0.228997500772163	0.11884591975
EFEMP2	False	0.6727079880784164	-0.669961769927546	0.388469563698814	-0.156259762500001
POLR2D	False	0.6730667859196026	-0.0399611294324513	-0.234735006829622	0.19776238575
EMSY	False	0.6733170658605856	0.19509550216701	-0.0914570492789162	-0.18766788775
ARAP3	False	0.6733724995949572	-0.100231981491321	-0.232374847055738	0.35352295075
RPL22	False	0.6733724995949572	0.150907160670931	-0.0232707976922946	0.140782828
ECT2	False	0.6755706705521043	0.537148188410567	-1.35617505523978	0.52404857225
CANT1	False	0.6756792830822484	-0.188826373588938	-0.0088121764471207	0.32298233825
RABGGTA	False	0.6756792830822484	-0.506165758905857	0.296574179127196	-0.07308392725
TSC22D4	False	0.6769800900870715	-0.943487387616718	-0.0790879951132295	0.377640526
DROSHA	False	0.6779127114670843	-0.0862310276881386	-0.053251794277096	-0.0438668450000002
ACTN1	False	0.6781087444472135	0.0706695876010368	0.0547690225716835	-0.49663649275
CRKL	False	0.6781087444472135	0.0922746166921673	-0.209625300786619	0.60908478275
RABAC1	False	0.6783313729144539	-0.225439492357482	0.311606891985969	-0.0439971200000007
ADAR	False	0.6785616943704622	0.0354107434216964	-0.156396270937313	0.0940354102500001
GADD45A	False	0.6785762603553475	-0.309100160481589	0.0855512959106886	-0.02854557825
IDH1	False	0.678825765327672	0.119297512666005	-0.529507846539099	0.2592742015
SLC1A5	False	0.678825765327672	-0.452025655067094	-0.052681519676022	0.210623235
PTMS	False	0.6790176856292262	-0.290575948305749	-1.07078079393323	0.8491512725
RPF1	False	0.6790176856292262	0.17252330073109	-0.138487728822873	0.26588263925
ETV5	False	0.679100116853239	0.0268855313460268	0.0003575306530407	-0.1628953215
INTS5	False	0.6795022004783872	-0.596536873000293	-0.162157649042298	0.772544157
LRWD1	False	0.6800679130862864	-0.393574685922217	-0.201509923321048	0.2751212905
NMB	False	0.6800679130862864	-0.0068576542729799	0.50263906410901	-0.08597776275
PLEKHM1	False	0.6800679130862864	-0.582511475787016	-0.0398049847145141	0.58292246575
SEC11C	False	0.6800679130862864	-0.0532622810656109	-0.205928863198596	0.11580641375
USP10	False	0.6800679130862864	0.0060020576695114	-0.407353737410743	0.33736204075
BCAR1	False	0.6802210165656996	-0.778054338594775	0.0769916554336136	0.4870331995
GSTK1	False	0.6803216185933628	-0.360319673522076	0.173461996342844	-0.251211942
TNFAIP8L1	False	0.6806391923169771	-0.215167124729938	0.476298870453036	-0.123699439
MON1A	False	0.680959655602277	-0.594301367344956	-0.40631686107094	0.7768284685
NCBP2	False	0.680959655602277	0.0094391863615426	-0.136344434429093	0.47565180375
POGK	False	0.680959655602277	0.0293433584548461	-0.111536115998293	0.3820808785
OCIAD2	False	0.6819536463873335	0.388386012468564	-0.199604014193068	-0.197475927
COPS8	False	0.6826026662644307	0.109128043639735	-0.24285264083913	0.34482451225
GHITM	False	0.6826026662644307	0.231192184566691	-0.16449546704213	0.42329369525
METTL3	False	0.6826026662644307	-0.0696973182348986	-0.214246341281016	0.16984343175
MRPL19	False	0.6826026662644307	0.237393772289713	-0.120743607752473	0.2061195795
NUTF2	False	0.6826026662644307	-0.148519868933001	-0.0818607683228567	0.125368205
EIF1AX	False	0.6833061348014431	0.308104916318398	-0.339398662220237	0.10776200025
CDK7	False	0.683823656778401	-0.0586786098470373	-0.368031219925439	-0.0467996195
STIP1	False	0.6840082898530097	-0.260699320053529	0.181744123912908	0.32860062375
HK1	False	0.6842420950390593	0.006706196137042	0.953757476013548	-0.69201134925
RAPGEF3	False	0.6843521187168067	-0.339266152821589	-0.00176273479157	0.0424458725
CHCHD4	False	0.6844409210634529	0.0381921897042301	-0.434006739399095	0.10753951275
CYBA	False	0.6846463250408423	-0.981272647333973	0.51116165728478	0.237232995499999
SLC2A4RG	False	0.6846463250408423	-0.621762985282812	0.0959585462172923	-0.0595591375
BCAS2	False	0.6854266021350329	0.0332094561606278	-0.277399004902676	0.28165631075
RBM23	False	0.6854266021350329	-0.057480278555345	-0.0236935626619736	0.30462369325
BMP6	False	0.6855746346717609	0.0425824937487489	0.169966986864385	-0.1305905085
DYNC1H1	False	0.6855746346717609	0.0814935462414841	-0.0200905307011894	0.17769419875
USP3	False	0.6855746346717609	0.093429362154966	-0.202550637182473	0.10907383625
CHTOP	False	0.6861692606002866	-0.127277368784073	-0.182681275303445	0.3056338555
TMEM183A	False	0.6861692606002866	0.118531077138792	-0.12897131840433	0.0262026470000001
MCU	False	0.686296728082792	0.0307253690277003	-0.307043083151157	0.19922547575
NXN	False	0.686296728082792	-0.0875869194704526	-0.0401538207925469	-0.0440420077500001
CCDC50	False	0.686310212607345	0.488309456259728	-0.0502353558153974	-0.0899945274999999
PRPSAP1	False	0.686310212607345	0.0772636927185033	0.101914931887585	-0.0643028969999998
UIMC1	False	0.686310212607345	-0.0178157265387151	-0.0748692499881329	0.42482976
ATP6V0A1	False	0.6868749236438253	-0.510800185700559	0.75826083172662	-0.1430633875
SURF4	False	0.6868994626537263	-0.134671686794512	-0.0622123553810949	0.14830964875
THAP4	False	0.6871292045577644	-0.712274079736631	-0.14600810071674	0.41101426025
POGZ	False	0.6872999215210959	0.319797417391304	-0.220160927545257	0.323789131125
PDCL3	False	0.6881314161900681	-0.118107105874985	-0.196976262874962	0.249768348
RPL37A	False	0.6881314161900681	0.354526740695171	0.015085799928622	-0.15819295425
CNOT7	False	0.6886769658041015	0.123683586400481	-0.253318618059662	0.23571255125
CENPJ	False	0.6890529499654672	0.2134498509416	-0.88494580031905	0.0808897184999999
SDF4	False	0.6915020089775755	-1.0246240765198	0.466640785213644	-0.231164396
ZNF768	False	0.6915212782477697	-0.402060741481454	-0.0501495583090783	0.52951257525
DYRK4	False	0.6923582279892636	-0.33977589803708	0.255715361530984	-0.29819321125
CEP95	False	0.6925343469362755	-0.139533687406066	-0.126999326833027	0.11639031425
BRD4	False	0.6929190063920476	-0.0879050347593156	-0.126155907554832	0.18860951925
GORASP2	False	0.6929190063920476	-0.0323520890104794	-0.0616303957223074	0.0813477389999999
SNX17	False	0.6929190063920476	-0.100921813456448	-0.0643700404138601	0.1004126135
CIAPIN1	False	0.6934792338261402	0.0562259831390186	-0.155270266552273	0.1075354765
COG1	False	0.6934792338261402	-0.101098929954851	0.0299409946723248	-0.0599924152500001
EIF2S1	False	0.6941571289121419	-0.0169594083512061	-0.208381565105043	0.0576453159999999
RTF1	False	0.6941571289121419	-0.0133955616881964	-1.46741073077019	0.10022938075
TMEM120A	False	0.6943696452501771	-0.108846591387843	0.140333268397809	-0.0339891912499998
MBOAT7	False	0.6944424003172769	-0.334145778554388	0.30441297488033	0.0248758559999998
SRP72	False	0.6944980388879747	0.213782743598043	-0.255780342088572	0.06556778425
TAF12	False	0.6944980388879747	-0.277425884796653	1.6536571047568	0.244542496
MYL5	False	0.6945208383103214	-0.413699405741373	0.353406759102114	-0.30676393725
EXOSC4	False	0.6947125076928268	-0.38310491850165	0.139225121776537	0.21712096375
TP53INP2	False	0.6949759267612793	-0.148456754844754	0.104726407069553	0.0812209774999999
ATN1	False	0.6961414445601517	-0.786947662095043	0.0067941601924825	0.1805389215
NDUFAF1	False	0.6970000730669449	-0.0046778307808201	-0.118642164416539	-0.0099194339999999
FCGRT	False	0.6976660594232402	-0.448639981275853	0.685698093468974	-0.1624144555
MFSD3	False	0.6976824003866505	0.0005088444090963	0.671944667904993	-0.1232193875
GPN2	False	0.6983023058845236	-0.0275760074422093	-0.0410169953837034	-0.06424174525
TFCP2	False	0.6984383534191148	-0.0896327496507334	-0.0264710824095826	0.275815046
UBAP1	False	0.6984383534191148	-0.170013079866145	-0.156937692647861	0.194904691
DNPH1	False	0.6990231381683146	-0.542978561235278	-0.201525961450613	0.08432110125
CDC34	False	0.6990696063149296	-0.578198160667466	0.0631963796881507	0.318771703
ZC3H15	False	0.6991280000177608	0.0528832584147434	-0.213507114993864	0.57752136725
BID	False	0.7001179330248315	0.197439131380506	-0.466730324607409	0.0541053025000001
CSNK1E	False	0.7006507856636919	-0.48983009457965	0.166906957539095	0.0458546704999998
LRRC42	False	0.7010580391084955	0.32435663501969	-0.0025592359180723	-0.1319502215
GDPD3	False	0.7010822996304489	-0.201814704042365	-0.281476939153322	0.0228937057499998
ST3GAL1	False	0.7010822996304489	-0.391660522031729	0.289869488007362	0.0730691995000001
KDELR1	False	0.7010982119252759	-0.358269500460587	0.0857094702057459	-0.181721737
CYFIP1	False	0.7035132693805489	0.057281933788004	0.0301662505318774	-0.0073504934999999
TRIB1	False	0.703940445311916	-0.11034062613354	0.201153696739843	0.0632252702499999
TTC17	False	0.7048119648671883	0.0273981166814377	0.150511629296372	-0.191635944
ZDHHC3	False	0.7048119648671883	-0.0315126639585515	-0.0109552115599012	-0.0940977545
ZNF317	False	0.7048119648671883	0.100145670969087	-0.0031617976360456	0.0513443207500002
RPS15A	False	0.70496429181029	0.184597892800443	-0.0033281140845353	0.0186127257499997
SAC3D1	False	0.70496429181029	-0.857832048395286	0.179394196521538	0.0033755589999999
CTCF	False	0.7051271863759656	0.158413379539671	-0.399701907050329	0.39676050825
CTR9	False	0.7051271863759656	-0.0533201013165137	-0.117336876885925	0.1720615375
SLC25A30	False	0.7051271863759656	0.139868131724946	-0.327577647816279	0.4278155205
SMARCE1	False	0.7051271863759656	-0.0977066705627285	0.0165505227514631	-0.101570012
SSBP4	False	0.7051271863759656	-0.338693936310216	0.0510512084357293	-0.0622137692500004
TIE1	False	0.7051271863759656	-0.447703121489569	0.333931085796808	-0.2633120755
IFI44	False	0.705169268270759	0.0016316055703096	-0.178084528798142	0.101914061
HDAC2	False	0.7065274131849222	0.0172218100596755	-0.172141601334393	0.66005896325
RPS13	False	0.7096962647783869	0.288202314803073	-0.0640413038982501	-0.1436335655
RPL5	False	0.7097833683274585	0.153848990824569	-0.109993206469314	0.0454710755000001
ATXN10	False	0.7100656538993309	0.095018000194937	-0.21029541574091	0.13024772625
IPPK	False	0.7105272435413328	0.0528391553659904	-0.161448224969408	0.10188831175
OAZ2	False	0.7107879096361562	-0.0427488068620221	0.168705557011099	-0.401634344
S100PBP	False	0.7107879096361562	0.216499750158183	-0.0838665573127675	0.0718588485
ZYX	False	0.7111206424981756	-0.646047060826772	0.0792015238197017	0.0103078410000004
LRSAM1	False	0.7119322588559018	-0.444879342118283	0.788679303230509	-0.12074364625
VTA1	False	0.7125801897997122	0.36386493377433	-0.284955366605728	0.351568474
NPC1	False	0.7129870934209361	0.37616892748775	-0.460628189456929	-0.0800859805000002
CUTC	False	0.7138318146746492	-0.0539301659595131	-0.347493992640339	0.260959681
RBX1	False	0.7138318146746492	0.288245562904358	0.418725464697434	-0.26666481125
UBC	False	0.7138619639228934	-0.0754042863501692	0.0502050720142595	-0.185118722875
PDGFRL	False	0.7141271875592992	0.45419811363085	-0.225113377291466	-0.11917749525
TAF11	False	0.7143513916631379	0.0611930364210442	-0.0816384368380247	0.13149626275
AP1S1	False	0.7144305389379119	-0.326981656601951	0.0998715996734614	-0.183549877125
GABBR1	False	0.7146649083972011	-0.414022854081306	0.61943779493786	-0.0743350815000002
RITA1	False	0.7149253312036606	-0.49514215287325	0.0296309758686966	0.37554845975
TPGS1	False	0.7149253312036606	0.0439153702468609	0.893050879991499	-0.0617000605
TPGS2	False	0.7157016511637283	0.114415663753836	-0.0313013133388465	-0.15410103475
FHL2	False	0.7157474916500595	0.0214739498040233	0.0075114760656891	0.1518953635
INTS10	False	0.7157474916500595	0.0884531598100606	0.0661170849006583	-0.0728078572500001
ZNF195	False	0.715918555018017	-0.089092493203653	-0.0345664064046538	0.30693136625
EXT2	False	0.7165204680022992	-0.170013530407577	1.54260022710482	-0.0199785
POMP	False	0.7165204680022992	0.307449417100096	-0.0574423839907725	0.0349127077499993
COX17	False	0.7173914131722136	-0.0161312701787564	0.0449922042547774	0.17264270875
PLXNA2	False	0.7175469113916243	-0.177186030774722	0.075706979348821	-0.164864355
PIK3C2A	False	0.7187990347311682	0.416898180388551	-0.0535322339193165	-0.0476803227499998
NDUFS5	False	0.7195823908986154	-0.0127458210487781	-0.0048429127054605	-0.17283212325
PLSCR3	False	0.7195823908986154	-0.747751006918681	0.370720592764731	-0.2301839645
SCAND1	False	0.7195823908986154	-0.768104978392461	0.125373151880384	-0.0237430358750002
PNRC2	False	0.7197247919833191	0.0399256597799678	-0.506799497585178	0.948586414
AKAP8L	False	0.7198836141757942	-0.476509010462827	0.034180105876926	0.2417237825
COG5	False	0.7198836141757942	0.420174324186294	-0.853633644343973	0.0054047559999999
KCNAB1	False	0.7198836141757942	-0.0662452267181219	-0.0285471395602297	-0.109155674
NT5C2	False	0.7198836141757942	-0.0229632715792496	0.405652935119515	-0.69009656075
ACVRL1	False	0.7203195068637382	-0.304277950340357	0.216170485314272	-0.131727649
AK4	False	0.7203195068637382	0.857115375007637	0.102117768886237	-0.6144083315
ARMC1	False	0.7203195068637382	0.179467322371573	-0.15105078665716	0.0432878569999999
CNOT1	False	0.7203195068637382	0.0614723039118648	-0.141651201162865	0.143438819
DLGAP4	False	0.7203195068637382	-0.529002192840214	0.0603707208044737	0.22645896975
EXOSC3	False	0.7203195068637382	-0.033257098925124	-0.131469704522064	0.29512409475
HCCS	False	0.7203195068637382	0.188716372755965	-0.0855808994501972	-0.21761444175
HEBP1	False	0.7203195068637382	0.09777998125365	0.0486717842609039	-0.0681818712500001
NIPA2	False	0.7203195068637382	0.283015499224104	-0.130880325879161	0.1735498485
PTRH1	False	0.7203195068637382	-0.224857075227737	0.714966020149594	-0.226994519
RPL21	False	0.7203195068637382	0.267051719464133	-0.111743201810437	0.0887098169999998
STX4	False	0.7203195068637382	-0.207755821403582	0.118272411154509	-0.2810617085
TCEA1	False	0.7203195068637382	0.207169689041858	-0.204299695739655	0.46858308175
TRIO	False	0.7203195068637382	0.34256728192491	-0.0626628865723422	0.0314669337499998
TSSC4	False	0.7203195068637382	-0.588729978205864	-0.0836824512535435	0.57026200025
TTC5	False	0.7203195068637382	-0.318559233697127	-0.0084050927095615	0.3120603655
MYADM	False	0.7203470090110542	-0.328851078582876	0.351582125345987	0.0599910262500001
GOSR1	False	0.7206498708103822	0.0775337415046034	0.0333886270178176	-0.276024774
MRPL49	False	0.7209026412522965	-0.341770965344764	0.255734772296139	0.11665907525
NAGLU	False	0.7210145319287425	-0.29614785586883	0.217859069644034	-0.4131063745
MAP1S	False	0.7216776379587381	-0.649476040949642	-0.142278465463375	0.81075583925
NIFK	False	0.721687003222377	-0.0600903373343087	-0.136956751335322	0.21809586725
IWS1	False	0.7218359741599673	-0.261657117962086	-0.0808991921473998	0.36736382725
NSL1	False	0.7218359741599673	0.144124218775637	-0.247901086101018	0.0507356945000002
STXBP4	False	0.7222090230533332	0.522935455012924	-0.117959478168602	-0.43513581625
SLFN13	False	0.7229830778099297	0.517905887267566	-0.420741961141318	-0.323408235000001
EML4	False	0.7231805298360816	0.287518452666166	-0.304670371695203	0.168317885499999
TXNDC5	False	0.7231805298360816	0.410758672437369	0.002599871000311	-0.243552261
THAP8	False	0.7232204893218815	-0.563136951441147	0.80093091202021	0.161714542
PDIA4	False	0.7235766139858824	-0.535166971934081	-0.049643759049129	0.827965048250001
ATP6V1F	False	0.7243594289703525	-0.372920393711563	0.0062073651722061	0.18383640725
HIBCH	False	0.7243594289703525	-0.034451433620788	0.0054730002106193	0.16823138125
EVI5	False	0.7246071822796448	0.40402217247239	0.134380587495948	-0.532089525
GMEB2	False	0.7246071822796448	-0.32532072796715	-0.147556858878503	0.54996387825
BEX3	False	0.7255345186931407	-0.209365625426079	0.0554241138603198	-0.12752954575
MEMO1	False	0.725604308455827	-0.14404174156453	-0.114817222715144	0.32971378625
ATRAID	False	0.7258222220547688	0.0266191467956949	0.0969003389909915	0.0390939769999994
CAPRIN2	False	0.7258222220547688	0.0392820983849562	0.0042311389020985	0.107041095125
ARHGAP17	False	0.7266980551022498	-0.155259090614137	-0.107100216784707	0.42330364575
BSDC1	False	0.7266980551022498	-0.0528048744451182	0.471748964159751	-0.1935099335
DDIT3	False	0.7266980551022498	0.0452449305155573	0.264065022727916	-0.0289092092500001
AGO2	False	0.7267166687924109	0.297502243280288	-0.23549420712554	-0.0346183887500001
NOL11	False	0.7267166687924109	0.121771239670712	-0.342187789184162	0.6224071105
API5	False	0.7269379167561988	0.252128334534419	-0.181593832892066	0.2935390515
LETMD1	False	0.7269379167561988	-0.169016049691536	0.175318359761953	-0.193440985
CRLS1	False	0.7273023630684332	0.417639683019957	-0.202634643800181	0.019797361
DPM1	False	0.7280092614417789	-0.0447719682662866	-0.37332190538557	0.0790624537499999
FBLIM1	False	0.7280092614417789	-0.128060240983643	-0.0381635286779591	0.4102137945
ALG5	False	0.7281433836885248	0.243131043257918	-0.0487396592083904	0.04598538125
C1ORF115	False	0.72824355961152	-0.382751687277293	0.332567440203738	-0.2437369285
PPA2	False	0.7286362286091919	0.206095647121787	-0.0017948732618666	-0.304193941
TTI1	False	0.729287316442078	-0.267033460900207	-0.173786562041698	0.3175351875
ADD3	False	0.729703985135064	0.101819260104946	0.228876600432396	-0.7500187175
NUDT16L1	False	0.729703985135064	-0.0626352426587027	-0.0088674652394762	0.157187523
TMEM258	False	0.7298094317943361	0.213582953119223	-1.25432613755916	0.0269817747499999
SNAPC4	False	0.7298219528334841	-0.405779666338946	-0.0301355186853849	0.4054259065
SLC12A7	False	0.7331981057330996	-0.429099499630311	0.255235191968045	0.1476741525
VCL	False	0.7331981057330996	0.306431684657901	-0.0766239494555618	-0.10636865325
ATP6V0B	False	0.7340007732583388	-0.137103428054328	-0.0257155734353152	0.33463199475
POU2F1	False	0.7340007732583388	0.280176397841996	0.0469442884926075	-0.437111752
EIF2S3	False	0.7347266833699443	0.0117262034362202	-0.103013564473303	0.17437078375
TBCA	False	0.7355629437506783	0.034295059823414	0.318232010427139	-0.0069243882499998
HSPB11	False	0.7355676971849887	0.247390992206419	0.258666869603207	-0.20760791025
POMGNT1	False	0.7355676971849887	-0.274668473944885	0.122838354100871	0.0958492067500001
NDUFB2	False	0.7361636844334988	0.0499564870071305	-0.0586654895788055	-0.0294956809999984
WDR45	False	0.7363961485776214	-0.244926414665706	0.283321689281934	-0.15930978925
CUL2	False	0.7377284267843467	0.262557706526164	-0.204886900095651	0.1677159425
C1ORF35	False	0.7381101932220029	-0.45632141048681	-0.0166682666475926	0.06924292025
GLUD1	False	0.7382511441879346	0.162800391525811	-0.0779942036706158	0.18367782925
ETFA	False	0.7386962143609698	0.223169133605301	-0.0727830046451832	0.115894605
PDZD11	False	0.7386962143609698	-0.215613593770007	0.027824055097702	0.0452774267500002
ATF5	False	0.7387162627134768	-0.326532915826719	-0.0734777061465994	0.12723304825
NUDT3	False	0.7387870830283306	-0.03596084812951	-0.0560022767030217	0.0316212115
PPM1M	False	0.7389527841284249	-0.199823316667779	0.0481251134979792	-0.072020369
TAX1BP3	False	0.7396260431027724	-0.0561004808366237	0.0510277852295715	0.054741613500001
ZGPAT	False	0.7401478599621213	-0.52642767666558	0.0101916152921864	0.076414731
ABCC4	False	0.7406937515860974	0.175801447684803	-0.269103787059463	0.0782285725
CYTH2	False	0.7406937515860974	-0.442550163648792	-0.0118670480039738	0.1945549
SH3BGRL3	False	0.7406937515860974	-0.75568127774909	0.0112992405758785	0.0850131679999997
DOK1	False	0.7413887716082275	-0.488383618250113	-0.347470004089555	0.2701954095
RNF34	False	0.7413887716082275	0.0296511388169174	-0.426719755498155	0.12299991725
FADS1	False	0.7413951111008694	0.181406504074691	-0.0719633602085625	-0.2329082185
MSRB3	False	0.7419594935618223	0.236913006819591	0.130687318452512	-0.46787501425
PLRG1	False	0.7420117727207726	0.270318422254642	-0.073444442696073	0.0422660922500001
TCF20	False	0.7426245380165377	-0.0734946731124078	-0.317152089391263	0.15709800625
WDR6	False	0.7426245380165377	-0.426402857891079	0.151825506763905	0.33791622425
HSPG2	False	0.7433428911404703	-0.55053677092903	0.489525336306897	-0.42326669925
FOCAD	False	0.7452428114334326	-0.0250572784159688	0.280576966254689	0.0765716467500002
SRP19	False	0.7453325153480614	0.137236628002109	0.140504103807029	-0.2879916405
DMPK	False	0.7455745704523542	-0.331087995064347	-0.0734130454320008	0.1103385455
HLA-B	False	0.7460471339232156	-0.363049048737349	0.44162245191438	-0.51526612375
EDN1	False	0.7469532000146997	0.182264809728778	0.0136226497836969	-0.0040915439999995
RBM6	False	0.747852200924552	-0.0252947945214848	-0.0409038725500945	0.21148557475
COPS5	False	0.7480902996133939	0.181198340346283	-0.0986743505474994	0.194917143
YEATS2	False	0.7481767872894024	-0.0897282881389039	0.0641478835590181	0.122263683
ETNK2	False	0.7485029120094671	-0.516658226304894	0.466611754025862	0.034832771
SLC10A3	False	0.7485029120094671	-0.565663086812979	0.225176062456761	-0.0958166225
GAB2	False	0.7490264148832552	-0.125192348803068	0.213506202296438	-0.10639703625
ZNF638	False	0.7490264148832552	-0.0749046675589975	-0.120908163980913	0.55291136425
GFOD1	False	0.7494365819919865	-0.158984764848964	-0.0107427510507758	-0.0123755885
HSPA8	False	0.7494365819919865	0.0135450650304669	-0.056749682290878	0.399260756625
SMIM7	False	0.7494365819919865	0.107695449393641	-0.0721806645502507	-0.162205921
EIF3A	False	0.7496032252948545	-0.0525523955700127	-0.188728894984409	0.58994031225
UBE2E3	False	0.7496032252948545	0.274454664771001	-0.0608649464045987	0.12806929475
HNRNPC	False	0.7500777238495487	-0.253075099909287	-0.177892289735933	0.628752463749999
ZNF234	False	0.7500777238495487	-0.0194248531968531	-0.0636768291216763	0.19682719475
MAPRE1	False	0.7503681822867594	0.181229021611451	-0.342888270196108	0.2706580635
MYO9B	False	0.7503681822867594	-0.212558614915169	-0.0530960437559287	0.09723727575
PBXIP1	False	0.7515878332451927	-0.49605591452563	0.64640363168221	-0.26143797375
MAPK3	False	0.7519047881885986	-0.735846820982594	0.197706353638846	-0.238380856750001
COX7A2L	False	0.753334232862286	-0.0959038992689285	-0.0256328665785626	0.0600816854999999
GALNT11	False	0.753334232862286	-0.167042079481017	0.229711700232404	-0.14884786525
NDUFC1	False	0.753334232862286	0.20218828130558	-0.16254569236587	-0.0473338220000001
TAOK2	False	0.753334232862286	-0.224686097095896	-0.0372775012920368	0.0639274940000001
CRYZ	False	0.7533519491876871	0.392142545255357	-0.120794365119971	0.0724251379999997
UBIAD1	False	0.7533519491876871	-0.331209978644627	0.635413013665059	0.1696289375
SYDE2	False	0.7536563168105549	-0.701846612446911	0.257351995223591	-0.354803373750002
INPP5E	False	0.7541916188127747	-0.186307749284873	-0.12190764574952	0.167444493
C5ORF51	False	0.7542743163332009	0.123667455106279	-0.184198295530245	0.1356357695
PPP6C	False	0.7542743163332009	0.0518742590918695	-0.211778246965514	0.13825620725
STRADA	False	0.7542743163332009	-0.266027388644529	0.198025722679949	-0.17762938025
TGFBR3	False	0.7542743163332009	0.0648570246308582	-0.10096971614954	-0.0754882155000002
ZNF362	False	0.7542743163332009	-0.38999905050786	0.228388576805258	0.0319627105
TMEM171	False	0.7546867316554198	-0.0191911090075634	-0.345864219211622	0.1235404325
TRIM8	False	0.7547237158310434	-0.351190956867613	0.230573812142069	0.0679354977500001
NDUFV3	False	0.7558409887265838	0.0039510542029264	0.0362023108059706	-0.21877139175
HERC2	False	0.7561185591548496	0.0931362952481374	0.0923258868879442	0.01621108625
UBE2A	False	0.7575347566417054	0.0833126240022795	-0.116035879272376	0.37276883375
PKIA	False	0.7576196195071944	0.302339973782021	-0.168938218452457	0.31454539775
ALKBH7	False	0.7577077932936072	-0.274205983236023	0.247716618865384	0.0918038860000001
SSR4	False	0.7577077932936072	-0.395904333554875	0.247541628969914	0.12199727675
TPST1	False	0.7577077932936072	0.127316482694643	-0.116862269738472	0.23334927575
RAB4B	False	0.7577444445739132	-0.380262022600583	0.622679654146057	-0.47623060075
FKRP	False	0.7578624936407207	-0.279822621387453	0.118313367753875	0.0342501734999999
RPL28	False	0.7587806668423601	-0.389470307524009	0.0394436677472623	0.1657840895
CCDC47	False	0.758837697126098	0.241756562420367	-0.0129695303429651	0.0105323729999998
MYL9	False	0.7589636263813309	-0.690003605584988	0.212075561183666	-0.174544408
RPS20	False	0.7589636263813309	-0.0533118846306664	0.0632353289780188	-0.294718374249999
TBC1D13	False	0.7590520581362971	-0.423173894288786	0.016931857536977	0.14054762475
ADAM15	False	0.7590821135814037	-0.825596462634964	0.27627251660727	0.0195058275000002
EXOC7	False	0.759181685744378	-0.303553171085444	0.163388066919022	-0.27905609425
MTX2	False	0.759181685744378	-0.125993955740706	0.0103097866258386	-0.043436538
PPP1R13B	False	0.759181685744378	-0.402231185059415	0.054744900232377	0.0442007747499998
RHEB	False	0.759181685744378	0.0654654585366812	-0.192328511859949	0.58927964425
L3MBTL2	False	0.7596153562504878	-0.305523329005257	0.000839874206342	0.10439699425
INF2	False	0.7599987670478021	-0.527919312977148	0.088676551376949	-0.0149050822499999
MCUB	False	0.7602122896481285	0.175764342542943	-0.258715553520342	0.10097581025
PLIN2	False	0.7602122896481285	0.112943789095693	-0.327729253618591	0.186408299
ZNF33A	False	0.7602122896481285	0.232469949018229	0.462600446032657	-0.601749030750002
CMAS	False	0.7602229063167509	0.0065521499020908	0.0813867333688991	0.0195880809999998
VPS29	False	0.760735092544951	0.347814953700628	-0.136848445326168	0.03066795225
RABEP2	False	0.7609551611702516	-0.850234720011111	0.123878714743149	0.0138910175000001
IDI1	False	0.7610529824300533	0.123359673435958	-0.419128601140764	0.322755291
TCF3	False	0.7621374066013616	-0.413452100731557	-0.005347854242057	0.3659102865
ADIPOR1	False	0.7625085412475521	-0.0446590467937771	0.16537983130666	-0.221765836
GLUL	False	0.7631613204210589	-0.168687451444955	-0.109614177612049	0.22699401025
HS2ST1	False	0.7652825001362403	0.581888343359869	-0.104032864297483	0.0486295680000001
ANAPC4	False	0.7654004456274835	-0.0047100166411127	0.207512041600682	-0.0078312239999993
C12ORF57	False	0.7654004456274835	-0.381458520634329	-0.136191052685388	0.258143394
KDELR2	False	0.7654004456274835	0.337154395459615	-0.140597085302204	-0.1566387885
SLC12A9	False	0.7654004456274835	-0.5558018041438	0.282857493218708	-0.3611171825
CWF19L2	False	0.7659663245951526	-0.189872460703676	-1.84927364021986	0.37206516425
COX7A2	False	0.766022957017206	0.250808670327538	-0.0482865484399868	-0.20123406375
KIAA0930	False	0.7667784456380797	-0.57164811516451	0.207632331563959	0.12009198725
SP140L	False	0.7667784456380797	-0.226550597343413	-0.0095330059178717	0.0726083462500001
PLVAP	False	0.7670412500367967	-0.477522401914607	0.516036100051554	-0.0643756927499999
CSTF3	False	0.7683559682554542	0.0882297684129787	-0.33707534245398	0.17232964925
TACC2	False	0.7683559682554542	-0.307079385977646	-0.0226033687540204	0.3900937985
MTMR4	False	0.7684944131478977	0.138789627620711	-0.261936341914658	0.36575194625
TAF1D	False	0.7684944131478977	0.0137078165315172	-0.11987023273732	0.28955267575
PLBD2	False	0.7687452327289758	-0.238655017152054	0.223344461098082	-0.52214897275
ADM	False	0.7701211587799512	-0.316130288118739	-0.174795947547268	0.13921084
ZBED5	False	0.7705766047630708	0.023211395366058	-0.140509083433249	0.4359127425
ARIH2	False	0.7706514448997136	0.0023913094046985	-0.0810558305226596	-0.0107904984999998
MDH1	False	0.7706514448997136	-0.0375363163619946	-0.162465843129255	0.20840467525
TBL1XR1	False	0.7715515170924592	0.291730317899181	-0.255792699374474	0.36266376
EHD2	False	0.7718578790161433	-0.4770935187098	0.275537082552587	0.0084021382500005
SMARCD3	False	0.7718578790161433	-0.572331922094894	1.28903626169604	-0.1137676365
SUPT20H	False	0.7718578790161433	-0.000689327976775	-0.0942221617841827	0.0352569035000001
PPP4R2	False	0.7729383953066051	0.643582363746577	-0.341774697787073	-0.0487773310000001
EML1	False	0.7729855312182315	0.186863617608424	-0.143913843990914	0.12699558725
GATA3	False	0.7743594813334428	0.037913236352054	-0.305324571160597	0.0241065230000004
ATP6V0C	False	0.7743847517534704	-0.310833280380842	0.136804622540915	0.135930421249999
C15ORF39	False	0.7754768181268553	-0.54358395091561	-0.278062973363542	1.15531393725
DAP	False	0.7755779044266727	-0.222893342467721	0.905834695078498	-0.34290610275
DDX18	False	0.7755779044266727	0.218221416718102	-0.0202990186147707	0.0380839012500001
MRPL58	False	0.7758548314465834	-0.0594563706712847	-0.303210371834221	0.19789451275
POLE4	False	0.7758548314465834	0.135759518861788	-0.173023040985528	0.146054697
YDJC	False	0.7758548314465834	-0.273638132880103	0.125440140350891	-0.084597843
HPCAL1	False	0.7760780528538456	-0.180663032527322	0.1013490058234	0.0357855217500003
FAM234A	False	0.7765600312857215	-0.554652096706174	0.259755566295932	-0.35085532425
DRG1	False	0.7775159681676925	0.0873370856774667	1.62802553344738	-0.48930523975
TPM4	False	0.7775159681676925	0.00013305045535	-0.123082910969696	0.138289005
DUSP23	False	0.777530333198641	0.0976641939807781	0.345853423273326	-0.40810904175
MGP	False	0.7776104534699423	0.278992106459643	0.259585214521837	-0.284398568499999
PSMD6	False	0.777711916145431	0.244297515777607	-0.438414744399491	0.0849678994999999
SRSF4	False	0.777711916145431	-0.145737452153355	-0.174913990036877	0.29156426075
MEAF6	False	0.7786964415868007	-0.0445583294603544	-0.0441321979160119	0.183795876
PTDSS2	False	0.7786964415868007	-0.236520159743896	0.329564154439057	-0.2936255625
RPN2	False	0.7786964415868007	0.11182462845162	0.159377479992187	-0.566470486000001
PSMA3	False	0.7787841683022433	0.0959679679129506	-0.245442088292708	0.2800882155
RNF167	False	0.7787841683022433	-0.664831709589	0.237990828829884	0.0680561217500002
RPS18	False	0.7788099133785644	-0.0759936203840965	0.0784441417350337	-0.349757641250003
HLA-E	False	0.7795982599601605	-0.399150329211693	0.260043314608305	-0.42537388425
SSB	False	0.7795982599601605	-0.048946656305441	-0.166050403830522	0.533447092
STAT3	False	0.7795982599601605	-0.0046466047174362	0.0675293995982553	0.03354775425
PLSCR1	False	0.779769259595479	0.370493166444725	-0.0658326349160907	0.013621954
C19ORF33	False	0.7803844466148174	0.0383377653493264	-0.147808545355753	0.032985407
CTC1	False	0.7804341892664929	0.11410854812505	-0.144000284511606	-0.08203288325
BBS2	False	0.7805208310918854	-0.0590108810707859	2.24388618227209	-0.0679041550000001
KLF4	False	0.7805208310918854	0.626208236826927	0.433175923901821	-0.2654657285
PDCD6	False	0.7805208310918854	0.0556209159221499	-0.0059581953430569	-0.15916671575
DIMT1	False	0.7814809615804745	0.201041847417083	-0.42953518889657	0.310916471
SLC25A4	False	0.7824072888073832	0.224390309168307	0.208251886207827	-0.31252944275
MRPS36	False	0.7847851594441694	0.301896335604607	-0.191924143319559	-0.0600068264999998
POLR2H	False	0.7847875072001648	0.0906889475302686	-0.249369687289237	-0.0089016025000008
NSF	False	0.7865683828727059	0.0672464636912009	-0.0507439686379723	0.13331548425
EPN1	False	0.78668031420664	-0.599209304809619	0.0530902484210474	0.0049052202499999
SMAD6	False	0.7873023844409052	0.181016122145263	-0.0936349070801192	0.0472676092500001
SLC43A2	False	0.7877261589828319	-0.755487533314883	0.684690953612841	-0.19073561025
TATDN2	False	0.7877261589828319	0.053848262111706	-0.159609893095744	0.33544514175
THOC1	False	0.7877261589828319	0.0388420248232482	-0.333270736700888	0.5225900315
EBAG9	False	0.7889589788089093	0.166004170320231	-0.201419568300513	0.2329157675
NUB1	False	0.7890607059822626	0.0331500872414496	-0.0908455249827789	0.184915928
ZNF622	False	0.7890607059822626	-0.0586590448076185	0.199323318360046	-0.1624943555
CTSB	False	0.7893278578373092	-0.157543461318339	0.310010687933952	-0.5314051175
PHF3	False	0.7893278578373092	0.0401526326397619	-0.0094544792665347	0.10096796475
LTV1	False	0.7904239447299442	-0.196801839939343	-0.263832318281787	0.38853261625
CSNK1D	False	0.7904753984325379	-0.37094526724289	0.147739136309023	0.270833404125
LDLR	False	0.7904753984325379	0.130203353374321	-0.746597797610911	0.49982396325
MTMR11	False	0.7904753984325379	0.0670488112571532	0.127601741558062	-0.1037410375
RPL37	False	0.7904753984325379	-0.0353628708182292	-0.0028224810313126	-0.09370591325
SCPEP1	False	0.7904753984325379	-0.276929514290777	0.172966250218715	0.0151389727499998
BASP1	False	0.7908909012121339	0.256193097357196	-0.0902375110589348	-0.43800899625
RPS4Y1	False	0.7909750520037432	-0.231466556667107	0.0128026547441653	-0.059467377
TMUB1	False	0.7917128482792074	-0.0665730998416771	0.0782296201518347	0.1061251135
CEP57	False	0.7928965305847854	0.202332806378013	-0.19733890349164	0.1856919035
NINJ1	False	0.7928965305847854	-0.871662836475912	0.332013649506481	0.0906736255000002
NSG1	False	0.7928965305847854	-0.23807684852352	0.278661142460579	-0.23703128875
SGSM2	False	0.7928965305847854	-0.47609151521487	0.186864356936375	0.142114403
ARFGAP1	False	0.793002706027439	-0.462915589188399	-0.0600241033196545	0.23178757675
ATP6V0D1	False	0.793002706027439	-0.455698602015942	0.025223529579816	0.1123856505
MTO1	False	0.793002706027439	0.191331690638124	-0.312215869208379	0.0865434377500001
UBE2F	False	0.7937904599683215	0.0724593600777839	0.214037815285634	-0.24479626675
B4GAT1	False	0.7944922664079722	-0.209298271697831	0.278266336427211	-0.36515304275
NREP	False	0.7944922664079722	-0.147456628649954	0.236554909359218	-0.2180699405
RAB3IL1	False	0.7944922664079722	-1.41965922692337	0.333402637857641	0.46024978675
SCAP	False	0.7947337107897633	-0.603497387309703	-0.0019929617209504	0.3851698515
GLO1	False	0.795307997955708	0.297667124475997	-0.384046644704065	0.16930644625
LAMTOR1	False	0.7956783462756968	-0.238983188258936	0.0849312104693922	0.0476349195000001
TRAPPC1	False	0.7956783462756968	-0.513740629356804	0.300716204594847	0.13002298225
SLC39A13	False	0.7978782272057544	-0.400516827697223	0.0787450930176137	0.13880620775
MMRN2	False	0.7983598371727377	-0.35035081709649	0.255646739358406	-0.174747338
ITGB3	False	0.798682274436049	-0.0084357860520754	0.839512882934641	-0.15369957725
HMGN1	False	0.7991386864256432	0.107425682923028	-0.254782244946936	0.112726331
MAF1	False	0.7991386864256432	-0.484173037455623	0.0642128313368122	0.26088329
MX1	False	0.7991386864256432	0.178457250936973	1.20537733484193	-0.56062757575
RPS7	False	0.7991386864256432	-0.0103475930156662	-0.0218668821996513	-0.0392813702499977
CD44	False	0.8000102681968362	-0.106845557477174	0.11017544972445	-0.10872117025
CWC15	False	0.8002739023259686	0.179276729487413	-0.22799794744618	0.0468319637500001
SPATS2L	False	0.8002739023259686	-0.067583300452867	-0.117952430329034	0.517366036
TMEM160	False	0.8002739023259686	-0.625446740799783	0.417762828057007	0.26476319825
EHD1	False	0.8021666215335065	-0.277743123720479	-0.136428921826107	0.521055989
HUWE1	False	0.8021666215335065	-0.0079498015001782	-0.105041636430679	0.12432364425
FGFR1OP2	False	0.8021990802954853	0.202217804738802	-0.2152176435551	0.26899123975
MFAP2	False	0.8021990802954853	-0.540177235518278	1.27604558397504	-0.37572703225
KCTD3	False	0.8035399866924193	0.190600467277183	-0.0577319164331538	0.15081746325
TNIP1	False	0.8039672852136758	-0.333000738881347	0.244155339524302	-0.151833537
EIF5B	False	0.8046904393110483	0.0717296103845051	-0.192153835994121	0.13636050625
CNOT2	False	0.8056625097248792	0.37292803478933	-0.0954600087625952	-0.24007185775
STX1A	False	0.8056625097248792	-0.463184062845837	0.154755428820111	0.09889161975
YIF1A	False	0.8070298836625636	-0.282959744598292	-0.063936176581989	0.137475866
ATG16L1	False	0.8074328346675652	-0.0146125876589389	-0.211385166509448	0.407594956
PDPR	False	0.8075797483407263	0.0471691477547767	0.220189315593263	-0.0728961965000001
STK36	False	0.8077785148242403	-0.0442932583712268	0.297116324252556	-0.207278019
CNNM2	False	0.8079715219904086	-0.183722846973077	0.433830407731296	-0.365550682
IARS2	False	0.8085391780268233	0.164774338813442	-0.148425363066671	0.154641548
TRAK2	False	0.8085391780268233	0.167881565596863	-0.122702158814788	0.0780296169999999
ZNHIT1	False	0.8085391780268233	-0.232121252355715	-0.031601430530352	0.0463800220000001
FNDC4	False	0.8093338068322199	-0.182098461425777	0.337901467282724	-0.2760612735
TMBIM6	False	0.8093338068322199	0.310536049135562	-0.106487536933953	-0.137396167
DDAH2	False	0.8094450630832414	-0.364010127158309	-0.0861393340735202	0.2360688375
RSU1	False	0.8096012381135484	0.212790054973767	0.114320431265988	-0.440431491750001
FAM189B	False	0.8105729708730869	-0.240099065286386	-0.096598850413872	0.1491608315
GPATCH3	False	0.8108716130117228	-0.207194151214523	-0.223027418801383	0.339843519
TMEM11	False	0.8108716130117228	-0.148658028199914	-0.0684092936618752	0.201312031
BCAR3	False	0.810947149821615	-0.0231706189511094	-0.429692759791928	0.67572324025
COX4I1	False	0.810947149821615	-0.233878215021949	0.252992341433181	-0.24980386825
RALBP1	False	0.810947149821615	-0.0479464594629153	-0.0682265652546672	0.12295512
TXNRD1	False	0.810947149821615	0.0409240267989581	-0.24449659708311	0.90561580825
NEU1	False	0.8109822257696486	-0.226208718843208	0.414409566348634	-0.0450704974999998
ZER1	False	0.8113438047480657	-0.632588410947352	0.237078197728323	0.06646416025
EPB41L3	False	0.8115129601146652	0.342830273922719	-0.100148190329076	-0.203631951
AKR7A2	False	0.8116105657537519	-0.433208271308178	0.0183166888981813	0.110392898250001
ETHE1	False	0.8116105657537519	-0.484824131723113	0.234492527251271	-0.0250509747500001
GPR162	False	0.8122383585568211	-0.714543150897813	0.0775123550831212	0.47871276525
HAT1	False	0.8122383585568211	0.0347706697245638	-0.430731250863897	0.60072134525
KLHL28	False	0.8128914126597916	0.438932604252897	0.429247132498335	-0.6458944735
ARF5	False	0.8136406367954656	-0.55144460811559	0.155282031230474	-0.2779458535
YIPF2	False	0.813669229912901	-0.0375549949311456	-0.0373770667447566	-0.04148414025
METAP1	False	0.813753633175168	-0.11196925787054	-0.100993807668059	0.17037456375
GTF2A2	False	0.8138656834367682	0.20543074444154	-0.159985863199257	0.2313701965
UBE2H	False	0.8138656834367682	-0.0574031676848028	-0.174314700627273	-0.0022798679999999
KRT80	False	0.8141626721926031	-0.0404812011813789	-0.621057898402425	0.63503054525
ATP6V1C1	False	0.8143359060671582	0.1411935940265	-0.142931644194927	0.31331999625
BTF3	False	0.8143359060671582	-0.0550168933862008	-0.0082333742180882	-0.0224717537500001
HNRNPA2B1	False	0.8143359060671582	0.0035169595039317	-0.242000238122522	0.23975134975
NTAN1	False	0.8143359060671582	0.180425936564465	0.463659365480209	-0.44424930875
PABPN1	False	0.8143359060671582	-0.0818065631610327	0.0593993932422139	0.0934429370000002
PDIA6	False	0.8143359060671582	-0.0869403820929815	-2.27252916012269	0.22643315475
TMEM126A	False	0.8143359060671582	0.1214059437017	-0.449084336910924	0.27135012775
KLHL12	False	0.8144909654553705	-0.0028425159041187	0.0561459683339054	0.03090684675
ECD	False	0.81590823790768	0.037913979361492	-0.0396816119989305	0.1115814305
PBX2	False	0.8170643176669334	-0.156836590875383	0.411870808162543	-0.0924457300000001
RIOK2	False	0.817670114707891	-0.0925887979026321	-0.0592041947212616	0.0873822722499997
YIPF5	False	0.817670114707891	0.337778543463473	-0.0124289367297159	-0.30964843525
CMBL	False	0.8187432841582881	-0.280259442290331	0.639521978292937	-0.2288300065
NCOR2	False	0.8187432841582881	-0.406470928850853	-0.050206216728526	0.11400214775
PMAIP1	False	0.8187432841582881	0.280481455016427	0.177036256666948	-0.0451726035
SBF1	False	0.8187432841582881	-0.516054344277742	-0.302033041837406	0.77020543575
TMEM14A	False	0.8187432841582881	0.0071661656771371	-0.0260354691542175	-0.06749960675
CASP10	False	0.8194867270393632	0.129971962554744	-0.168730891677388	-0.0936894987500001
RNF115	False	0.8194877245417103	0.0723948935462468	0.0147580541281886	-0.22833071375
CD99	False	0.819845251270616	-0.333112789837509	0.167644542904833	-0.200220784500001
KRT18	False	0.8201684742092342	-0.304547501267683	-0.261112163268645	0.39253852125
MED8	False	0.8201684742092342	0.107704707132975	-0.328528766407374	0.2222502905
TNFSF15	False	0.8215211536804706	1.36276154093872	0.762517395415134	-0.48984862275
TCTN1	False	0.8217122292540119	-0.432886412776654	0.535187957177482	-0.0227402939999999
PML	False	0.8223878202126208	-0.659312719831484	0.0693552882479782	0.134848381
LYRM1	False	0.8225740946533615	-0.131880391217346	-0.0480577392117478	0.117111268
CLCN7	False	0.8229205711057523	-0.452419740708943	0.158021276138604	-0.14575701725
RPS23	False	0.8229205711057523	0.0428059451763687	-0.069853131849543	0.0220111187500009
NXT2	False	0.8232492189206182	0.24678609123687	-0.0678199257471299	-0.01732396875
HSPA4L	False	0.8237880828295716	-0.0601413435565257	-0.0547165827343443	0.254024128
MAP4K4	False	0.8237880828295716	0.0089566815968531	-0.0168819608367414	-0.0580790438749999
MBLAC1	False	0.8237880828295716	0.235236500125736	0.263109638494486	-0.6291769885
PPP1R3C	False	0.8237880828295716	0.409497514464783	0.760056170134058	-0.34431204775
SLF2	False	0.8237880828295716	0.162390286530114	-0.114104675450879	0.0777720459999993
ROBO4	False	0.8239917578358976	-0.67969154918366	0.363968433877003	-0.45978941125
PHTF1	False	0.824478437347836	0.418028018758679	-0.121969886390807	0.11985993225
DUSP22	False	0.8245672558042415	-0.12219055223718	0.187343496301935	-0.10561844
KIF1C	False	0.8247057304265215	-0.454028121386079	0.200778202036746	-0.263585005
RPS12	False	0.8247057304265215	0.0727737152403698	0.0030291609740569	-0.28445961825
ALG8	False	0.8251179750135147	0.0990492842081876	-0.359074919814793	0.10668124325
STT3A	False	0.8251237123145141	0.181452767435943	-0.208234751705406	0.11345735075
MRPS17	False	0.8255709550927235	0.208762536152513	-0.291932595789457	0.15199130725
EMP1	False	0.8263852736709365	0.153533941093668	0.0692554926955555	-0.1002992645
ANAPC16	False	0.8266195772841114	0.139726637880014	-0.0088961596136885	0.0051489200000001
FAM104A	False	0.8271116647332772	0.0376275285665448	-0.259955355806506	0.0389026525
MEGF6	False	0.8271116647332772	-0.113496981913046	0.783897536755332	-0.64389674
SULT1A3	False	0.8271116647332772	0.23442591759318	-0.174275348355637	0.0906024519999999
ZNF618	False	0.8271116647332772	0.205326939086794	-0.265312500404709	0.1225445555
NAA16	False	0.8283591914812677	0.237418445026677	-0.0940588932926349	0.0848162407500002
SDSL	False	0.8283591914812677	-0.846360566865491	0.716111817129669	-0.141954628
SETMAR	False	0.8283591914812677	-0.193408387825086	-0.0029165469827008	0.22272305325
C1ORF216	False	0.8288838942379393	0.099240619503469	-0.135788090495945	0.0403894642500001
BECN1	False	0.8289363030947164	0.104284688178762	0.030511585299819	-0.100171851
LGMN	False	0.8289363030947164	-0.220249323194731	0.196652951297186	-0.1605561995
MMP14	False	0.8289363030947164	-0.697209596267735	0.266193675547729	-0.52979601225
RBM25	False	0.8289881402345353	0.156053850055938	-0.174937348647813	0.4031521205
HMGN3	False	0.8291886009896178	-0.0696909234728311	-0.114620242592017	0.21081373425
CCNB1IP1	False	0.8292847762975593	0.0917739779443467	-0.120810322509718	0.0177482480000001
ZNF337	False	0.8292847762975593	-0.570559691976327	0.199405954063334	0.215245719
HIGD2A	False	0.8298800762597708	-0.238385765854568	-0.0072385771251966	0.0457739184999999
RAD23B	False	0.8303508001307688	0.396125716410599	-0.194296694313555	0.291897898
WDR59	False	0.8317722233883331	-0.177607145674179	0.0231901932838809	0.18346719525
FGD5	False	0.8329346201526955	-0.204905110708846	0.224005751978123	-0.0686170935000001
MARCKS	False	0.8333546914850378	0.569078217333003	-0.182780846500387	-0.110598677
RERE	False	0.8333546914850378	-0.230104256554566	-0.116023516065191	0.382183744
STAU1	False	0.8333546914850378	0.0925864973489441	-0.0526315839409	0.155259542
CAPN2	False	0.8341369739418969	0.102996934422212	-0.0946980609755155	0.0481632732500001
MTERF3	False	0.8346247335327744	-0.105065478895143	-0.14294516534656	0.2412978135
CTNNA1	False	0.8349115602541626	-0.0599918766302388	-0.022387312549359	0.06758888025
HSPA9	False	0.8349115602541626	-0.0059584393911595	-0.306073891240823	0.45043092925
PTPA	False	0.8349115602541626	-0.340880091911068	0.460127222205634	0.14582886075
STAT1	False	0.8349115602541626	0.22411537607525	-0.0923620804763066	-0.217522919333333
AHCYL1	False	0.8359564782545564	0.0736638467100628	0.0764128396769008	-0.39407484875
NNMT	False	0.8359800936898304	0.370897419720876	-0.337535513035554	0.0766968810000002
SNX27	False	0.8361597279968928	0.09853624688163	-0.186249463783237	0.27980301725
COMMD3	False	0.836786175666345	0.0996684658275395	0.154205128517075	-0.30238374175
SNTB2	False	0.8368246689140877	0.331687652885761	-0.40696672818616	-0.12574580725
SC5D	False	0.8368661036742502	0.343634321593001	-0.309569243818961	0.400291361
COX16	False	0.8383114173618567	0.333964893297838	-0.143442043312688	-0.0235905502500001
SASH1	False	0.8384272931466953	0.342109261089171	0.0953825111828861	-0.35758391325
HACD2	False	0.8385922029902512	0.347489488564106	-0.249403050256899	0.346459713
ANGPTL2	False	0.8388354096175531	-0.518649043589803	0.265291082470643	0.0151361412500001
KRTCAP2	False	0.8388354096175531	-0.155141321298995	0.188132468771836	0.08429964025
LPCAT1	False	0.8388354096175531	-0.0719231060745651	0.810394306735842	-0.08549354775
MYO10	False	0.8401323183481579	0.0115378472294276	-0.195711878585891	0.49074254175
FAM107B	False	0.8401472613058695	0.003191390344738	-0.0393414375978924	0.20509613175
FAM32A	False	0.8401472613058695	-0.320276182629585	0.0110353291347147	0.0774806915000001
TDP2	False	0.8401472613058695	0.162345141350268	-0.292402331161634	0.37546350575
R3HDM2	False	0.8414586332908426	0.0103929391926405	0.331019086495787	-0.32611529625
USE1	False	0.8417792981089562	-0.431676639781802	0.267750881335837	0.0851304495000003
PCM1	False	0.8423892448459814	0.110365358445472	-0.36542320422735	0.24179129475
YWHAQ	False	0.8423892448459814	0.21070147602429	-0.183533159932363	0.12967118875
RNF5	False	0.843298117304148	0.125005180005916	-0.171063556496694	0.23839860325
MTPAP	False	0.8433509310378083	0.34763238942594	-0.0321877973781848	-0.1713207155
NUDCD3	False	0.8433509310378083	-0.271736065428096	0.190291233394082	-0.0729466594999997
ABHD14B	False	0.8448604772071714	-0.789495001784013	0.505997223409498	-0.135509996
PNMA2	False	0.8448604772071714	-0.346225804509317	-0.399891100335204	0.2211236245
NOA1	False	0.8450551839724544	-0.0669117109117794	0.0079250313975327	0.14344578475
SVIL	False	0.8450551839724544	-0.216762813012094	0.166921148213259	-0.23422173325
ZNF410	False	0.8450551839724544	0.100773352407062	-0.0746920021112407	0.1017661135
LARP4	False	0.8468140707071743	0.451395391847882	-0.294082007592318	0.20412296775
HSBP1	False	0.8472218154770639	0.145601055255947	0.0380448301381451	-0.1557458945
OSBPL2	False	0.8472218154770639	-0.123569030944511	-0.0175494048429394	0.23241623475
TRIAP1	False	0.8480672747675154	-0.0924461697117467	-0.104640920159482	0.23012303075
INTS12	False	0.8486544611057873	-0.0680226485351696	-0.0878949110264573	0.10714484525
UFC1	False	0.8486544611057873	-0.117973506247811	0.0537990453841095	-0.15625189225
MRPL33	False	0.8487744310679934	0.355996696874653	-0.0507257632711893	-0.32420246625
C5ORF24	False	0.8491771499766678	0.597244109251977	0.173017536209888	-0.88213359
TYW1	False	0.849338829364559	-0.152663533130693	-0.141789847025434	0.219207772
ACTG1	False	0.8495497910788772	-0.0445663218197012	-0.0608840201880323	0.0910569059999977
CCP110	False	0.8495497910788772	0.629209389385146	-0.388274149284942	0.301892423
EMC7	False	0.8495497910788772	0.113562235713066	-0.0284065273115095	-0.161102036
GTPBP4	False	0.8495497910788772	0.0456670601042291	-0.189351270549915	0.1458700815
MRFAP1	False	0.8496427665903528	-0.0189018477312146	9.13118010856806e-05	-0.0969555834999998
PRDM15	False	0.8499320703583813	0.295405751965868	-1.07844487267204	0.153430175
RARS2	False	0.850326383778193	0.0551519584868494	0.071632266712399	-0.1311853995
TMEM134	False	0.8506072039709137	-0.767596532655963	0.305426607905319	-0.06656738375
CTSZ	False	0.8507740582128488	-0.512510837969062	0.339352285974785	-0.526726531
OCEL1	False	0.8510847134526849	-0.0970950176076935	0.209071602057777	-0.15546345275
CDKN1A	False	0.8517556115305913	-0.405116321824904	0.147002365143611	0.4011370615
METTL5	False	0.8517556115305913	0.23863589145456	-0.0881285214736485	0.0443686162500001
TBC1D32	False	0.8517556115305913	1.27177871487892	-0.146461621800387	-0.47708974075
COQ5	False	0.8523896805171044	0.0056395858731477	-0.119786701832926	0.22523932625
SERINC2	False	0.8525582443572278	-0.981842172060457	0.225739032605381	0.0316062395
RGS11	False	0.8531634669767797	-1.21396491363212	1.39778763135713	-0.05316181425
NDRG4	False	0.8534956118970498	-0.103785262676389	0.448254622497892	-0.160688891
SGK3	False	0.8534956118970498	0.175383524791451	0.241352163726586	-0.78133335825
PRKX	False	0.8543661328070316	-0.198479827892919	0.192817533467312	0.0013197487500005
TEAD4	False	0.8543661328070316	-0.198259479878212	0.334655677112221	-0.03895774175
MRPL41	False	0.8551306465963924	-0.185393264558953	0.179475704773728	-0.123595682
SPHK1	False	0.8562754951714945	-0.550169331270588	-0.105618654326729	0.5464366565
AVEN	False	0.8569792044504806	-0.117083739201688	0.0985735105546732	-0.1595922105
ACAT1	False	0.8571606793651485	-0.186911612310738	0.803565257989686	-0.04394415875
PUM3	False	0.8571606793651485	0.0575233374169537	-0.421208475180489	0.3911397895
TBPL1	False	0.8574011171723095	0.200721970159683	-0.269490481040131	0.1780123585
NOTCH1	False	0.8581415247663674	-0.399401961851416	0.78341464026941	0.26809925525
P3H3	False	0.8581415247663674	-0.674604765440195	0.268804730587974	-0.42754303725
TTC8	False	0.8581415247663674	0.137972014572159	0.157971117260062	-0.10554024475
CNOT10	False	0.8591793986679058	-0.0753903111029626	-0.279918939454821	0.0515956214999999
NDUFA13	False	0.8591793986679058	-0.563194879740029	-0.0454010412597263	0.28156014
ARHGAP27	False	0.8591972214587772	-0.73295477150769	0.114834283952368	0.46065267975
DCAF8	False	0.859517353243359	-0.0009704654521209	0.212814411374714	-0.37125985825
IKBKB	False	0.8601739236990246	-0.0650639833299449	-0.0526139061291922	0.03941601175
PTMA	False	0.8601739236990246	0.0781905672175025	-0.418311621090036	0.422895138
RNF181	False	0.8621604130816481	0.0133259154413761	-0.0222575970844749	0.113779419250001
PDLIM2	False	0.8627855642771547	-0.511592111949732	0.389122079920949	-0.193420651249999
ATG101	False	0.8634216776181756	-0.24475215194916	0.142162463060042	0.133242753
SMG1	False	0.8636259865450538	0.443955690893506	0.119571930546759	-0.5367565495
WDR75	False	0.8636259865450538	0.0408009954739432	-0.390512861624057	0.5851201085
WBP2	False	0.8638441082582484	-0.447029680522527	0.0858548316576391	-0.0279092575
APBB1	False	0.8640876083985215	-0.471946872053683	0.317234255240768	-0.16990414725
MCOLN1	False	0.8640876083985215	-0.311401085372773	0.103820475567693	-0.05701843625
RARA	False	0.8640876083985215	-0.452031256375906	-0.130540960071483	0.3181795095
UBAC2	False	0.8640876083985215	-0.375344091014402	0.0835708880317494	0.1791822195
DCAF13	False	0.8645828406444331	0.359801973567662	-0.265660696658466	0.2104316595
NEK6	False	0.8651144043541401	0.0463114887338971	-0.418772839257601	0.319803109
DNAJC13	False	0.8652203590226941	0.139218350482476	-0.0657398175994972	0.10189793
PHF13	False	0.8652203590226941	0.202250524247824	-0.312527659844826	0.31331686875
PPP1R35	False	0.8652203590226941	-0.337295633754649	0.24095535954042	-0.0690644445000001
EMC6	False	0.8657907198452521	-0.176404639315463	0.0499974041049454	-0.046375758
AKAP17A	False	0.8669576368411402	-0.0930498665699071	0.0700177089849694	-0.0719582212500001
DDR2	False	0.8676100847388478	-0.108029252326486	0.14455077940572	-0.301553887
AQR	False	0.8677026726818319	0.183934803171707	-0.19705933902429	0.178128458
GRWD1	False	0.8677026726818319	-0.363961034686877	-0.298025460277533	0.45362551025
SLC52A2	False	0.8677026726818319	-0.245068942286357	-0.693952317592709	0.1132899875
ZDHHC16	False	0.8678706279899812	-0.218102099741659	0.0444879975049313	0.01792362875
BCL3	False	0.8680272468448502	-0.492494442691073	-0.0064017576298183	0.35714107425
KIF13B	False	0.8680272468448502	0.0659831126363271	-0.106963014568322	0.0949688409999998
POLR1D	False	0.8680272468448502	-0.0830232067435111	0.0161107827994806	-0.0060561983749999
BTN2A1	False	0.868707877745502	-0.194981511134968	-0.0307398701759469	0.24721605
PELO	False	0.8688528119471726	0.0394555143350663	-0.255354470578625	0.48073256875
ROCK2	False	0.8688528119471726	0.435465790588253	-0.32611907042953	0.0317974864999999
RPS15	False	0.8688528119471726	-0.224095365293181	-0.108371018036692	0.11183235325
TNRC6B	False	0.8688528119471726	0.138473344140269	0.0046736314854216	-0.03196689225
WDR45B	False	0.8688528119471726	0.0197141360421673	-0.0826591055532582	0.23543229775
ZNF160	False	0.8688528119471726	0.131494226704901	0.303283078121648	-0.62110145475
DYNLL1	False	0.8695604834441627	-0.100034834749547	-0.149949570764945	0.31811379275
PSMD14	False	0.8699725154945037	-0.074745445259949	-0.158181120627722	0.3996468575
TEX264	False	0.8699725154945037	-0.554162265182707	0.668289276532653	-0.15280621425
MIF	False	0.8701232818595644	-0.496782044528112	0.137225767672249	0.157986969
ABHD14A	False	0.8702677048344497	-0.571735433284226	0.303651383032796	0.0069622405
NGDN	False	0.8702677048344497	-0.103893688852911	-0.18791786406339	0.23599609775
NOMO2	False	0.8702677048344497	-0.0942631841747676	2.83469598664077	-0.31190412475
PAM16	False	0.8702677048344497	-0.0056153638186788	-0.0890779236428667	0.13862255875
SUZ12	False	0.8704374204513459	0.319842195736314	-0.337378802012204	0.6239915695
EIF3M	False	0.8707422678072406	0.111117925540691	-0.108501233886929	0.39706896975
LMAN2L	False	0.8707422678072406	-0.222851251107958	-0.406023851637327	0.4354243195
TIAL1	False	0.8714332354527835	0.250600371981808	-0.188633583865264	-0.0175506159999999
MRPS33	False	0.8722289404347936	0.15926670027477	-0.014003217396132	-0.1645287315
DCAF12	False	0.8723692416046284	0.199279284042378	-0.0858673446556146	0.0893889914999999
PGK1	False	0.8725811340881634	0.0586839605415754	-0.121115026551198	0.11683732275
DAGLB	False	0.8727157250117644	-0.378916445653234	-0.0199068003693332	0.32706838675
COMMD8	False	0.8729647776922251	0.492801027322324	-0.244615738172071	0.2236614425
CLIP3	False	0.8732684625617302	-0.496724619504482	0.642961969695457	-0.13981141025
MEST	False	0.8732684625617302	0.286683658806746	-0.313911875372504	-0.09146600725
MRGBP	False	0.8732684625617302	0.152209503227366	-0.123978550811942	0.192199612
SUPT6H	False	0.8735730970005304	-0.153779668694493	0.0322339660969551	0.0872563142499996
PPDPF	False	0.8737793339061969	-0.758440286309039	0.107060361253737	0.0163993270000011
UCHL3	False	0.8737793339061969	0.181257729882694	-0.295354393335307	0.0050202274999999
NDUFA8	False	0.8740501519107683	-0.0739777182964998	-0.0362989383316279	0.0540917302499998
DDX24	False	0.874234822464786	-0.27399407506007	0.216590991131842	0.135446598
MED19	False	0.8744674268813201	-0.0673467063767363	0.0672672543440195	0.08263029775
COQ2	False	0.8766339341224502	0.196815765820995	-1.03082992058359	0.05911329125
LXN	False	0.8766339341224502	-0.67106919763347	0.620175855202501	-0.0948939694999999
HEBP2	False	0.8768348774655745	0.348687224766591	0.144073017999923	-0.428018703
ETF1	False	0.8774422246767754	0.210952090281813	-0.181718912935843	0.04104203375
GRB2	False	0.8774422246767754	-0.225667867320772	-0.0269241165961009	0.38878856825
PIAS4	False	0.8774422246767754	-0.258794406909322	-0.240276087005438	0.3408146225
ZFAND2B	False	0.8774422246767754	-0.299185911122254	0.129678584934311	0.04020355925
PPP1R14A	False	0.8778353035295522	-0.889934588719334	0.530145471262952	0.151575536
STK10	False	0.8778353035295522	-0.413387760416726	0.119639658273701	0.0454165312499999
UBE2R2	False	0.8778353035295522	0.0698918721002899	0.0459818354899744	-0.1610780865
RTCA	False	0.8781394526949583	0.10845202186652	-0.408264218148229	0.25128860175
TBC1D2B	False	0.8783686007250591	-0.454217285638368	-0.389729336586079	0.39271330175
GRINA	False	0.8786245274613309	-0.575387638136908	0.359011001630661	-0.27276392475
STAM	False	0.8796459263543805	0.176520024318553	-0.254159857631806	0.25513877225
CLASP1	False	0.8802757413070547	0.114703935843509	-0.0345345760829696	-0.00115853875
PCF11	False	0.8810746963499195	0.142022712055807	-0.179003241586646	0.21464858625
MAPKAPK2	False	0.8810826525256396	-0.28392942438288	0.335060904351978	0.0794050435
RPS14	False	0.8815741326876843	-0.141296546458197	-0.0009983230241541	0.0588844759999994
KCNN2	False	0.8817808724604378	1.49978385808855	1.30650541117126	-0.82641377025
MLH1	False	0.8817808724604378	0.0118735065871958	0.0989326977118767	0.0020956917499998
NPEPL1	False	0.8817808724604378	-0.431226742258413	0.193060001576836	-0.0993076654999999
URGCP	False	0.8817808724604378	-0.527726653132127	-0.0634583300454006	0.46450317975
SLC25A25	False	0.8827709450835323	0.285867234867554	-0.323793224027013	0.123339883
ARHGEF17	False	0.8839459727100889	-0.802891984736037	0.739681064641007	0.1582512125
USP7	False	0.8839459727100889	-0.110964345352925	-0.05347179333668	0.20530811875
VPS54	False	0.8839538172750393	0.176970614961037	-0.187171249655249	0.09068532025
ANXA5	False	0.8839581998145283	-0.0880723546754858	-0.007266186007607	0.0350017632499999
FN3K	False	0.8843594029600699	-0.590128813269434	0.743402375618167	-0.36646475525
ATG10	False	0.8844656049485876	0.38542631027773	0.0348202986143584	-0.591858030499999
LPIN1	False	0.8844656049485876	0.189206409258285	-0.531593458022395	0.40591943725
NOL7	False	0.8844656049485876	0.255284138400704	-0.263203343162846	-0.0109734615
PPID	False	0.8844656049485876	-0.175398179403072	-0.211358191531831	0.35747202225
GATAD2A	False	0.8846643151429295	-0.132522343521662	-0.0454040709859109	0.26576265725
APBA3	False	0.8851706564953298	-0.174297192002836	-0.137713110666885	0.3221138945
TSPAN9	False	0.8851706564953298	-0.549637777550267	0.393603144211486	-0.31389462175
UBE2M	False	0.8851706564953298	-0.329701374844468	0.81545212690801	-0.0331686002500007
FBXW7	False	0.8852567113629487	0.31256056606993	0.212672848274105	-0.5234606415
MRPS14	False	0.8852567113629487	0.0720082031601494	-0.144913189867166	0.0624844222499999
ARPC3	False	0.8870569893036834	0.137212795916506	0.0007770954175168	-0.16916884275
DOCK6	False	0.8870569893036834	-0.609196032575476	0.11358029205555	0.01640184525
DDX47	False	0.8875796276083766	0.104588771202549	-0.17371932825032	0.3701322005
ZNF136	False	0.8888082504912912	0.24015415542562	0.293239387528877	-0.639434125
B9D2	False	0.889173530638537	-0.542819098860559	-0.10586310169754	0.21120448675
PCYOX1L	False	0.889173530638537	-0.582258233290876	0.493205081157861	-0.357218333
MFGE8	False	0.8891862448291904	-0.840823098498539	0.346143877865317	-0.1817564785
MRPL43	False	0.8894954383059859	-0.258758061777847	0.497653423706705	-0.170563121875
PIGX	False	0.8894954383059859	0.0741511407991458	0.730677143977933	-0.746263444
SFXN1	False	0.8894954383059859	0.402812298217722	-0.679502935777365	0.4016552735
VPS35	False	0.8894954383059859	0.22788400521466	-0.128208812609108	0.15156684075
DNAL4	False	0.8895794532878618	-0.658016399694611	0.201260122665918	0.10455174575
VPS51	False	0.8903163947465247	-0.497789247392626	0.175586226522045	0.0077045637499999
AIDA	False	0.8907801910061404	0.302803268190661	-0.225955144565588	0.25544961125
ATR	False	0.8907801910061404	0.39808918870562	-0.114931123446731	0.0270501777500001
C2ORF42	False	0.8907801910061404	-0.177724305877373	-1.49724818580155	0.589844606
CCDC92	False	0.8907801910061404	-0.509918754716478	-0.0656730406933663	0.21661420425
COX5B	False	0.8907801910061404	-0.0207062177877901	0.147546029765442	0.0003356082499998
DVL3	False	0.8907801910061404	-0.353193765976116	0.256064133787356	0.187878037
FAM24B	False	0.8907801910061404	0.52049454951436	-0.769180727003911	0.0127151079999999
MAP7D1	False	0.8907801910061404	-0.444093897446549	-0.14251548783689	0.6093226895
MOSPD3	False	0.8907801910061404	-0.759679145798463	0.168741265283642	0.2019471625
UQCRQ	False	0.8908375893646008	0.226145632576221	-0.0395178261133955	0.0912214712500008
RASD1	False	0.8910557388514285	-0.1922713608936	0.257450059434255	-0.1511384455
BORCS7	False	0.8911177537384757	0.382462745432457	-1.08088801502949	0.1067085565
RPUSD2	False	0.8927213243729071	-0.193437724124763	-0.339245700930406	0.69546159225
CCND1	False	0.8930077271973943	-0.0974693917127869	0.698898594060904	-0.25659064125
MAEA	False	0.8930077271973943	-0.152170759497783	-0.108156015899358	0.47058366325
NUP88	False	0.8930077271973943	0.103867558426851	-0.26594664656231	0.378191949
TRPT1	False	0.8930077271973943	-0.1816739332435	0.336405343927503	-0.0750081575
VHL	False	0.8930077271973943	0.323933063734217	-0.0073053510772682	-0.161826412
WDR44	False	0.8930077271973943	0.208465144951385	-0.166736438891465	0.3204997425
MGST2	False	0.8932554161314898	-0.116888883633048	0.246904835176685	-0.5345436375
HTRA3	False	0.893496931685302	-0.758815537172827	0.908971265539	-0.266588875
APH1B	False	0.8937117903729722	0.466776861891157	-0.0169260102651725	-0.40078331375
RPS25	False	0.8937117903729722	0.115628055802432	-0.0504529801804807	-0.102400050750001
SNX11	False	0.8937117903729722	-0.0090493056106888	-0.657279085183206	0.2258105715
NDUFA1	False	0.8946506626624954	0.0305932399594395	0.117563711630001	-0.35171823075
DNAAF5	False	0.8946790054521219	0.173383312752474	-0.327498978295956	0.2323757315
RELA	False	0.8946790054521219	-0.227410352738819	-0.0124990956263069	0.16058405225
GSPT1	False	0.8954319392177836	0.165226714388718	-0.213798220416134	0.17891201475
NSUN2	False	0.8961942777690804	0.145789537359998	-0.283127076220937	0.188771278
AP2S1	False	0.8965442913020746	0.0294500950777845	0.055762787830278	-0.050708215874999
CNRIP1	False	0.8965442913020746	0.228647690127384	-0.435845755568677	0.04537907175
NINL	False	0.8965442913020746	-0.246172884746425	0.178424430535479	0.0090220754999998
RRBP1	False	0.8965442913020746	-0.40422372498753	0.0633704803322068	0.2243653055
SETD2	False	0.8965442913020746	0.0488520358185651	-0.268088270333982	0.287272664
SRGAP2	False	0.8965442913020746	-0.163718033406263	0.0372341678894257	0.0216190070000002
ZMYND8	False	0.8965442913020746	-0.0878444434712407	-0.290113029891823	0.672695382
KLHDC3	False	0.8965640087888948	-0.414462561218976	0.0811654068240033	-0.012933031
RPIA	False	0.8965640087888948	0.155624239465181	-0.220500426898828	0.21762891725
KANK3	False	0.8965673518981607	-0.376066185483144	0.931272324690966	-0.3849202655
EMP3	False	0.8969552151920497	-0.031765339993588	-0.0576069602043789	0.0570272245000005
MAP1B	False	0.8979049765548764	0.463802804452733	-0.224021759921945	0.1032249155
DNASE1L1	False	0.8984912122832672	-0.30747839484033	0.341148808878256	-0.4634145775
UTP6	False	0.8987358974966937	0.0948848310514103	-0.181686114804281	0.13197655025
YWHAH	False	0.8987358974966937	0.173516057212397	-0.224492386449204	0.4636085545
LPXN	False	0.8991438519300444	0.28181083239276	0.244180199705732	-0.206667228
NUDT9	False	0.9002610469814782	-0.184219282856298	-0.019184245648689	0.135671457
ITGA2	False	0.9009039081616568	0.252880081685526	-0.167963206365293	0.1357851005
ZNF438	False	0.9011505551579542	0.0109519635255966	-0.0781169188100748	0.16622328875
GBA2	False	0.9016218519958202	-0.465405751578363	0.340267203449429	0.0324355045
MIS12	False	0.9023294932936282	0.112554898111734	-0.29594937542059	0.3171326135
NME4	False	0.9027536333821342	-0.656421300889676	0.103268729295734	0.0792146605
TP53BP2	False	0.9027536333821342	0.0716581075482372	-0.0827369618060176	0.177661737
TRAPPC11	False	0.9027536333821342	-0.0047836657717494	0.0309431290788869	0.014849216
ZC3H8	False	0.9027536333821342	-0.0299646075536737	-0.275720590387003	0.2252801065
USP32	False	0.9032752929960702	0.377801909334032	-0.216584264871654	0.168667171
MBTD1	False	0.9035730261827406	0.467034737090877	0.0438310345206228	-0.37479755625
LAMTOR5	False	0.9064768230819336	0.0278048782530549	0.125567882361468	-0.13167134675
PPRC1	False	0.9064768230819336	-0.375692694488833	-0.216736971027647	0.553045546
SMARCC1	False	0.9065255619417446	0.0890167316386386	-0.0919539021982185	0.18657811575
ZNF549	False	0.9065255619417446	0.220142042932727	0.383124635604597	-0.78871854875
AP3B1	False	0.9067878052695216	0.0746643134532521	-0.0921228834246062	0.20667326475
RPS6KL1	False	0.9067878052695216	-0.0302048548480554	0.038098549103029	0.0323199057499999
CHPF2	False	0.9076459252078322	-0.42309882906198	-1.55477128230173	0.239892718
EIF2B4	False	0.9076459252078322	-0.239269408213338	0.145827277654647	-0.023993755
LASP1	False	0.9076459252078322	-0.0743082597111862	0.0338333750682676	-0.0602546325000009
NDUFA11	False	0.9076459252078322	-0.655637966444519	-0.0855696230034848	0.3349607175
RAD51B	False	0.9076459252078322	-0.201949570237894	0.466256600138379	-0.408607384749998
TAF9	False	0.9077050323659892	-0.011447162906248	-0.152541055995425	0.17613656375
SLC31A1	False	0.9080440158940928	0.079419726056936	-0.101501923821115	0.138330592
CST3	False	0.908072660876615	-0.629260804457334	0.0686320356747627	0.10228689425
PPP1R11	False	0.908072660876615	-0.141686899018396	0.138562842573213	-0.14368704275
PPA1	False	0.9090454788490684	0.231817292485771	-0.240879644038023	0.44001361425
ATF7IP2	False	0.9090572509603996	0.132690933381644	-0.129164282010695	0.0604682700000002
CWC27	False	0.9090572509603996	-0.148821249442284	-0.316081237329882	0.62537977475
PSMA6	False	0.9090572509603996	0.204711009116466	-0.0322322070277519	-0.174335868750001
NFKBIB	False	0.90945477618122	-0.0039348807253256	0.0534115051349415	-0.07934941425
MAP2K1	False	0.909653425408546	0.211529642539921	-0.29236335763337	0.05684066925
FSTL3	False	0.9097235181895345	0.0770554992565478	0.32386928010951	-0.251576538
ELMO1	False	0.9097585438634368	-0.2260263314771	0.448175777324721	-0.0432916187499999
NUCB1	False	0.9097585438634368	-0.98785630539434	0.288297028669904	-0.19345928825
SIRPA	False	0.9097585438634368	-0.334665719536248	0.226003010672547	-0.23427567675
SNRNP27	False	0.9097585438634368	-0.0173628919801265	-0.116475235191448	0.273106874
SYNGR2	False	0.9097585438634368	-0.633694018574053	0.46144517664569	-0.09031381675
UPF2	False	0.9097585438634368	0.0344068411604255	-0.171639556452265	0.3768524185
UXT	False	0.9097585438634368	-0.188417454895854	0.0003618631834676	0.0427927745000005
ACOT13	False	0.9103337843491942	-0.0436540765277895	-0.105730195246986	0.10487335
NPIPA1	False	0.910425755360922	-0.0356889840162671	0.0739940950556637	-0.023269628
BOD1	False	0.9107750166147603	0.0558695019634605	-0.326729157801195	0.23421254725
CAPNS1	False	0.9107750166147603	-0.559714540604213	0.157956700351443	-0.0754570130000003
CD99L2	False	0.9107750166147603	-0.48864959878104	0.352014668240118	-0.351513573
PCED1A	False	0.9107750166147603	-0.594527653704913	0.425762380747127	-0.0651793572499999
VGLL4	False	0.9107750166147603	-0.100044862225956	0.11392588940438	-0.02476142375
MIEN1	False	0.9111028639007188	-0.286929470456309	0.231959581186629	-0.103321567
TMEM179B	False	0.9114425831672276	-0.454330340036119	0.162412434544097	0.0502086214999998
RWDD2B	False	0.9116387193698228	0.0881169163450819	0.0371334285664857	-0.20320345975
SIX5	False	0.9117561619976368	-0.453103517317614	-0.634058961283009	0.4358219525
B4GALT3	False	0.9117833680237628	-0.408851184039222	-0.0300713427458224	0.2862306535
ENDOG	False	0.9117833680237628	-0.0429026919154536	-0.297045760800158	0.11712925925
NPHP3	False	0.9117833680237628	0.207155570689086	-0.152173735906221	-0.0157794554999997
SRP54	False	0.9117833680237628	0.0462441840446628	-0.0138333081700326	0.0356369182499999
ASH2L	False	0.911914917365504	0.113950136529628	0.0164698600143405	-0.07576640875
PITHD1	False	0.9121034915716904	-0.312531250240255	0.063393057580921	0.16208587425
TSPO	False	0.9121034915716904	-0.400843623937231	0.113044484637876	0.0993449284999999
KCTD20	False	0.9134643536550344	0.0051251694864582	-0.0623528559620361	0.25036395
MLEC	False	0.9135502384813716	0.113454892161318	-0.105346411128223	0.150408579
SRSF11	False	0.9148878265689796	0.439047434036119	0.131066059961592	-0.57148606275
TIMM9	False	0.915655599591727	0.177969025256231	-0.096431709812137	0.0797839897499999
MRPL48	False	0.9158575134760962	-0.0480692895181756	-0.250818992498312	0.140302652
ZNF692	False	0.9161237677720502	-0.422088498787717	0.411964060262324	0.0970597499999998
SCAF4	False	0.9163229856846026	-0.109369135458414	-0.232992145233006	0.14461424525
CYB5D2	False	0.9172926650625338	0.169350452267957	0.422117547770639	-0.353378116
NUDT22	False	0.9172926650625338	-0.0125253373118355	0.338771097513865	-0.33263371975
REPIN1	False	0.9172926650625338	-0.508486267112799	-0.108190837674687	0.54963278675
SNRNP35	False	0.9172926650625338	-0.215704976904521	-0.177552950222255	0.25226065
ZCCHC10	False	0.9172926650625338	0.143237400614052	-0.201239461610717	0.1821283
CAMK2N1	False	0.917318564514791	-0.0503147899800007	0.276273422766654	-0.4800919225
CCDC59	False	0.917318564514791	-0.158907426070924	-0.0677739525082561	0.28089351625
FAM53B	False	0.917318564514791	-0.625384893177286	-0.0439931863431928	0.2106493165
FLI1	False	0.917318564514791	-0.0926350379957404	-0.178064278914481	0.39352268475
ST6GALNAC6	False	0.917318564514791	-0.158516100596303	0.468132681653296	-0.0034953984999999
PLXNB2	False	0.9173706142867496	-0.77065846259135	0.391360283137082	-0.15687482775
NAXE	False	0.9181650405351722	-0.485574736363547	0.136554079547289	-0.0861561615000002
RAC1	False	0.9186880248763276	0.251637403132087	-0.0972816546070518	0.0164282845000008
FTO	False	0.9188235951434478	-0.102478582504562	0.0602334625858472	-0.0243525905000003
ZNF580	False	0.9191023044253778	0.0813631363349074	0.448946133044091	-0.50266218775
CLDN15	False	0.919804985958356	-0.324960231971513	-0.0081947823245047	0.136856521
FKBP1A	False	0.9201299525012052	0.321168241679976	-0.0487505997075175	-0.288320915416666
PALM	False	0.9204894414176644	-0.694236691141027	0.464764213822685	0.13359012025
WRN	False	0.9205771403257252	0.513235588923323	-0.531215353625417	0.0336847232499997
MEIS2	False	0.9207739207427776	0.250874022708357	-0.187700278510757	0.0265238095
DCTN6	False	0.9218573632240378	0.14687135961232	-0.134171124953189	0.171985766
IL4I1	False	0.9218573632240378	-0.0405960869238997	0.456081523249072	-0.257385824
ISOC1	False	0.9218573632240378	0.319838493323577	-0.371705245063724	0.201529958
ZBTB48	False	0.9218573632240378	-0.709096417341811	0.104916503649511	0.16732059975
TMEM248	False	0.9224183250504456	0.112437805725875	-0.0373182295929109	-0.0901880432499997
VEZF1	False	0.9224183250504456	0.243251306292969	-0.143993381513811	0.0795316605000001
PKN2	False	0.9226716573518136	0.568361165710765	-0.149584844183922	-0.0457961202499999
ILK	False	0.92340846020909	-0.140809024257902	0.024145285094118	0.090348410749999
SEC11A	False	0.9235212280696636	0.103798924518926	0.0408495451764273	-0.34304496875
CPSF2	False	0.923751693095566	0.0952104719006055	-0.0537137465367357	-0.0098320092499999
SMARCD1	False	0.923751693095566	-0.333461215926876	0.152406359950611	0.089075855
SRC	False	0.923751693095566	-0.788580073877832	0.93562220856746	0.13424993625
C1ORF50	False	0.9248766986298348	0.461101648308893	0.112498022550575	-0.402080112
PPP1R16A	False	0.9251172486216284	-0.798509492805541	0.191097051073883	0.31354912975
PYGO2	False	0.9256316135386056	-0.369190827762143	-0.0986846914367927	0.6335833195
NCSTN	False	0.9263861512554612	-0.495306307898989	0.425670646230382	-0.4938726165
EVA1C	False	0.9264224332449332	0.173981677942694	0.22889472922401	-0.5749772465
GIMAP6	False	0.9266298885001952	-0.152695377899484	0.2303428758848	-0.0332818119999998
NEIL1	False	0.9266298885001952	-0.412534251066643	0.540830530301286	-0.0349483292500001
SPG7	False	0.9266298885001952	-0.0613337884181604	0.0637842353633467	0.039684194
STAT5B	False	0.9266298885001952	-0.11020031772503	0.650947293444127	-0.092573202
UBE3C	False	0.9266298885001952	0.118988729655204	-0.130575533583341	0.32284554625
ZNF22	False	0.9266298885001952	0.27632776136895	-0.394609401503751	0.3788951995
PVR	False	0.9272563074017982	0.0391287121140795	0.31117429992694	-0.4837597905
ARCN1	False	0.927552328462242	0.210832884476315	-0.101613490734556	0.09333449575
DAAM1	False	0.927552328462242	0.243035107552752	-0.203147436040384	0.14717770825
DECR1	False	0.927552328462242	0.102862626871971	0.0553241763609407	-0.21995704575
DUSP12	False	0.9278277205397276	0.132831340980457	-0.584700961987726	0.11407624625
XPOT	False	0.9283085587488228	0.389464656385697	-0.195827271820653	0.0662293195000001
ALG3	False	0.9284677900674956	-0.509685057599646	0.312826159065302	0.0787079537500001
EIF2A	False	0.9299262812720508	0.247152941358576	-0.12822823690985	0.1357411655
MGAT1	False	0.9299262812720508	-0.466673267831461	0.0323028324364234	0.1827932865
MAN1B1	False	0.9303377664682289	-0.62134630664172	0.530860940401167	-0.43660524975
SF3B6	False	0.9303377664682289	0.132387023702343	-0.0786240868677774	-0.0397785417499998
SPOP	False	0.9303377664682289	0.143481475400587	-0.0002213759005504	-0.14245202775
RABGGTB	False	0.9306605936309528	-0.0011108324250601	-0.144170606072651	0.261740662
PSMA4	False	0.9307341479601154	0.257498922890181	-0.246546045517879	0.24193241075
PAN2	False	0.9308432845379354	-0.260476260773089	0.430179051052118	-0.0871758582499997
ATP6V1H	False	0.9310870433858668	0.0804448044464481	-0.058144573679451	0.020232813
SART3	False	0.9310870433858668	0.0226900698767061	-0.163154336735089	0.27357537225
ETV6	False	0.9315278505918702	0.0018811443265782	0.949298398218568	-0.28291936875
MRPL39	False	0.9315278505918702	-0.0224250432385524	-1.00568699329335	0.1907465175
TCEA2	False	0.9320188141726228	-0.207516899606214	0.488073490268371	-0.33898550825
TNFRSF1A	False	0.9321195762894164	-0.641640713989526	0.288950770945114	0.33366404275
ABL1	False	0.9326649898765804	-0.497526563724794	-0.0821610646217623	0.385916428
HMOX1	False	0.9326649898765804	-1.25640423649672	-0.0394159371414755	1.87603077875
EMC2	False	0.9327162022555652	-0.276600456252833	0.0140112475262741	0.2129416665
CAMSAP1	False	0.9327526174420142	0.0649673932793657	-0.0742810455056651	0.11772804775
SLC50A1	False	0.9331460109214412	-0.0825946320172619	0.0937646821918232	-0.06498810375
RRP15	False	0.9355221465223073	0.156537266555394	-0.263954479361535	0.17547301825
TBC1D7	False	0.9355221465223073	0.121437127596111	-0.0823592883738957	0.109269273
TMUB2	False	0.9356923014457862	-0.26363065381998	0.117448786359651	-0.0074268847499998
COX14	False	0.936566083153932	0.193898161912407	0.130075832958398	-0.24099930625
DDX21	False	0.936566083153932	0.36274712623241	-0.375952175825603	0.26339302025
SETD3	False	0.936566083153932	0.108403137624839	-0.0592640857613667	-0.0066377612500001
AP2B1	False	0.9381276783830492	0.0432113080726904	-0.0253368383965515	0.0413944285
ADA	False	0.9386824305130772	-0.107673675306907	0.138088580307004	-0.140057948
CNPY2	False	0.9386824305130772	0.0471179347387407	-0.0119016707828692	-0.0398939925
DGCR6L	False	0.9386824305130772	-0.564722840317197	0.719377528742718	0.158723625
PRMT2	False	0.9386824305130772	-0.20183333524771	0.0632222420011468	0.0649505562499999
SLC12A4	False	0.9386824305130772	-0.158407186864872	0.196501935314497	-0.25145797475
SRF	False	0.9386824305130772	-0.365084188751997	-0.145939542760335	0.500325269
PLEC	False	0.9389175072878888	-0.944878051301296	0.0620373299298356	0.23429673325
TFPI	False	0.9389175072878888	0.624615899074433	0.103239509278509	-0.506724489
CXXC1	False	0.9393557004029408	-0.49536336882039	-0.139504453605016	0.377687541
RPP40	False	0.9393557004029408	0.202673416591501	-0.140754792523836	-0.007321668
CCDC3	False	0.9395214245211206	-0.0628254169729092	0.294578696714243	-0.1066330725
THOC7	False	0.9395214245211206	0.139456752532456	-0.275560838801923	0.308772782
SCAMP4	False	0.9401661185739288	-0.614950939508895	0.133895171360774	0.0336304805000001
GSTP1	False	0.9406645875416876	-0.723591311637062	0.0137796088778268	0.246956031
RPP21	False	0.9407273401568904	-0.497395448173323	-0.693808670472007	0.602370612749999
SET	False	0.9408610190923012	0.149554205995955	-0.53264090785511	0.197809961
ZNF587	False	0.9410317598031064	0.200338334827189	-0.180545544935342	0.137248079
C9ORF116	False	0.9410458050730844	-0.427876990396247	0.818697351530441	-0.2562854815
EMC3	False	0.9411704542421966	0.0658875946311968	0.208915552054689	-0.1776938095
THAP7	False	0.9413185500273412	-0.649416868980953	0.0867702582999281	0.21673931275
DAG1	False	0.9414099020381252	-0.304867083745788	0.639054150453664	0.1144758845
TMEM14C	False	0.9414099020381252	0.260030980826184	0.0498457893991171	-0.36912780375
CYB561A3	False	0.9414488070847908	-0.239503696747466	0.0149953852990277	0.12745958825
PRCC	False	0.9414488070847908	-0.148146689592605	-0.0827061454757976	0.3686522065
COX5A	False	0.941658919333319	0.334980652173487	-0.036671274791126	-0.133262250499999
CRLF3	False	0.941658919333319	0.349525107025031	-0.380948267549147	0.29893010475
EIF4E2	False	0.941658919333319	0.161729398633302	0.04736582015025	-0.48852315
DNAJA4	False	0.9437334544105028	-0.0956320707855824	-0.135561623047504	0.15253817525
MKRN2	False	0.9437334544105028	0.0626971892253332	-0.143301946985294	0.2471067675
PREP	False	0.9437334544105028	-0.0325859888468161	0.0086662473652605	0.0400029865
TRIM44	False	0.9437334544105028	0.0476535882479166	0.101467383866194	-0.470111059
APAF1	False	0.943847369966746	0.16007135471106	-0.227560173645554	0.20374792125
CNPY4	False	0.9440112329285384	-0.339750499502258	0.376350514235402	-0.15807118125
ECHDC2	False	0.9440112329285384	-0.133586551564743	0.169481805627165	-0.0251044882499998
GNPTG	False	0.9440112329285384	-0.385490332132128	0.187860343264155	-0.0627292544999999
PLEKHA5	False	0.9440112329285384	0.0973656753945829	0.142078561346102	-0.2949119825
TEX2	False	0.9440112329285384	0.179110886495494	-0.563204658744737	0.114458267
TNRC6A	False	0.9440112329285384	0.164909278572286	-0.1980859865844	0.1733215415
UBE2D4	False	0.9440112329285384	-0.42599321180632	0.230410522500748	0.0222253664999999
ZBTB17	False	0.9440112329285384	-0.61308897536258	-0.379540088159789	0.5051785635
ZDHHC5	False	0.9440112329285384	-0.233257564376903	0.104725320087061	-0.04430398375
ZFYVE21	False	0.9441202693685428	-0.178631886530706	0.111895647597731	0.0276599957499999
ARHGEF2	False	0.9447629609514644	-0.409430636878755	-0.365235769300555	0.5864911015
TSEN34	False	0.9456042530456764	-0.271028523101845	0.578866332462248	0.0517643785
FOXJ2	False	0.9457283092018712	-0.0613712682748711	-0.013717174361374	0.0915799555
POLR2A	False	0.9457283092018712	-0.474250688370793	0.421709157212881	0.193902723
VEPH1	False	0.9457283092018712	0.387472003117533	-0.182376708151115	-0.009710989
SUPT5H	False	0.9459812165053788	-0.365869352209969	0.0197625177441658	0.120188708
GATA2	False	0.946433955936655	-0.49860108136664	-0.0663678664302427	0.243535031
ZNF775	False	0.946576083243504	-0.417308272575443	-0.380244610587277	0.2998278735
MRPL1	False	0.9467399494242572	0.157085074119317	-0.319196322102178	0.298361987
ZNF33B	False	0.9467399494242572	0.207892162285163	-0.104580938994286	-0.0701609432499999
ZNF574	False	0.9467399494242572	-0.77403181282518	-0.177593190870951	1.01366348
ANKHD1-EIF4EBP3	False	0.9480849428673775	-0.227155610517012	0.13070832115654	0.11942763375
CNIH4	False	0.9480849428673775	0.308699556237506	-0.292782949652641	0.136059035249999
INPP1	False	0.9480849428673775	-0.137052988933286	0.0493903066715751	-0.00029468725
RPL34	False	0.9480849428673775	0.446284157195162	-0.290487024759593	0.136757810375
TCFL5	False	0.9487633075818536	0.15554003772217	-0.175727054791705	-0.0127710820000001
ADPGK	False	0.9489577351319124	-0.0522125513924481	-0.0647501660256085	0.1574186915
NFKB1	False	0.9489577351319124	0.157983169745495	-0.052074117075696	-0.0898929695000001
RNASEH2C	False	0.9489577351319124	-0.30928707952795	0.070987226186702	0.145954324000001
THUMPD1	False	0.9489577351319124	0.252939059902385	-0.0379802467668418	-0.12923168625
RPL30	False	0.9490889509956428	0.14420736041725	-0.0431543935750263	-0.0612942127499991
GGA1	False	0.9496929812851168	-0.415465385196447	0.128614631398611	0.01489242925
SIGIRR	False	0.9497900968194232	-0.627991703097621	0.618707597551788	-0.25499974225
HNRNPLL	False	0.950955159727257	0.177654086718385	-0.134378596382524	0.1802992125
AMZ2	False	0.9518902068396924	-0.103939395435518	0.0151835657940982	0.0709080295
DLAT	False	0.9518942815880856	0.362573320891952	-0.62854943211558	0.2302069505
RPS19	False	0.9518942815880856	-0.0277573247357665	-0.0044617451141437	-0.0020662127499999
TCERG1	False	0.9518942815880856	0.113863642934456	-0.325328375961963	0.3740776405
TGDS	False	0.9518942815880856	-0.0251977063223006	-0.0249964660563178	0.05716494175
TRAFD1	False	0.9518942815880856	-0.203944852270464	0.0497339430064612	0.0890430070000001
SNUPN	False	0.9520169295290922	-0.0711584527323295	-0.0542121239188449	0.1198457755
DPP8	False	0.9524358953544928	0.380200068110191	-0.004144841482967	-0.18130034825
ITGAE	False	0.953039176103602	0.427476752366476	-0.125952436390785	-0.06499899125
RGS2	False	0.9530494380453852	-0.212828232519079	0.290736250023862	-0.21998054825
PNKD	False	0.95310802865688	-0.767904620365959	0.220380486060482	0.0621198822500001
GDF6	False	0.9543010364167338	0.659192099055954	-0.438817269420192	-0.0805623555000001
UBE2Q1	False	0.9543010364167338	-0.169282670282022	-0.0045169765408301	0.1923287815
YES1	False	0.9543010364167338	0.243633307014094	-0.119622370780633	0.0255001389999998
EIF3F	False	0.954599032302287	0.0192223122946853	0.0582546744157009	-0.0845507867500004
POLG	False	0.955112606290116	-0.200973544389565	-0.16959642877061	0.3630417635
ARSG	False	0.9551782385802756	-0.391406673617107	0.526238820226018	-0.234054825
RPS9	False	0.95530015459889	-0.264352861310103	-0.319257516439132	0.277876435000001
ZNF777	False	0.95530015459889	-0.731794259997166	0.0306572913821848	0.24111599925
C3ORF14	False	0.955813793256604	0.213304721188656	-0.032955255656467	-0.0660256902500001
HM13	False	0.9559966978328392	-0.241315119039685	0.0224356540325736	0.0557031279999999
OGFOD1	False	0.9560181281714438	0.110054876133526	-0.294131614182748	0.21170740325
PPP2R5A	False	0.9562184361951528	-0.0716020177306396	-0.0352987631510553	0.0990527862500001
SIPA1L1	False	0.9562184361951528	0.172619667758354	-0.61089776537058	0.21387161125
BRK1	False	0.9565800073456178	0.115245217327763	0.124734670085971	-0.54720355875
SGSH	False	0.9565800073456178	-0.338147447151746	0.330681178476443	-0.418858411
UBE2K	False	0.9565800073456178	0.257990232198805	-0.299937169374721	0.27106687475
COPRS	False	0.9566349758666456	0.156266187792085	0.0067875363906662	-0.0668371075000001
DOCK7	False	0.9566349758666456	0.240230726861847	-0.141538851801049	0.18484328225
CTNNAL1	False	0.956730113255367	0.507159551359376	-0.365831338948622	0.39172326325
ISCA2	False	0.956730113255367	0.14974520817311	-0.493902452445196	0.15159633625
SDF2L1	False	0.956730113255367	-0.379159408083078	-0.239170007216087	0.636981871000001
SPHK2	False	0.956969492781858	-0.28266957651203	-0.100997808408344	0.1746954075
ARPC4	False	0.9572438511040724	0.0274683598060719	0.183453932949015	-0.27005797675
ZC3H7A	False	0.9577026042588674	0.253321498093341	-0.158689820276798	0.1995481545
ANKRD54	False	0.9585567854985864	-0.251556490721687	-0.0019852090011252	0.10342889875
RSAD2	False	0.9588243116203842	0.591630491523607	1.33393255046172	-0.49415436
HADHB	False	0.9589310644298236	0.0640163607936719	0.0372358556297501	-0.30221467925
SH2B3	False	0.9589310644298236	0.0706983039393609	-1.03703875844451	0.24038640825
CTSD	False	0.9600991600670218	-0.764141626165173	0.286103985315675	-0.26474796075
DAXX	False	0.9601246979955804	-0.251481099962717	-0.163090181991524	0.26725429675
PIGT	False	0.9601246979955804	-0.504797543948392	0.253403573884797	-0.3267146515
TRIP10	False	0.9602366969679982	-0.27935118746669	0.157841094381454	-0.19383636375
LYPLAL1	False	0.9605250045834164	0.228269413426848	0.130786030671172	-0.288772278
PNPLA8	False	0.960628797106903	0.355110611609696	0.113678345385773	-0.659825329250001
SRSF6	False	0.960628797106903	0.274208951491742	-0.176963628739514	0.163679833
TEX10	False	0.960628797106903	0.0690549653825867	-0.186251770818656	0.235633474
ZFP36	False	0.960628797106903	-0.795401822517424	-0.0603743069775833	0.4737030005
PHGDH	False	0.9612232672664056	-0.501143101666739	-0.357735617907752	0.430025931
NCOR1	False	0.9615672765965452	0.133575115492887	-0.0470382006923114	-0.0194095504999996
DPH3	False	0.961867299081194	0.508384901541257	-0.124062859988624	-0.0983519757499999
SULT1B1	False	0.9627386441791106	0.566823407903386	-0.549088672024448	0.2269154725
BHLHE40	False	0.96305743124183	0.0517994078036139	-1.17778218152467	0.0998736447500002
GCLM	False	0.963378340485744	0.188044657227787	-0.403267096754308	0.46530226375
GEMIN6	False	0.9637083953815264	-0.0732257577680464	-0.326776238303648	0.315996448
NCEH1	False	0.9637083953815264	0.0347622261670129	-0.449803537372636	0.295820832
RPF2	False	0.9637083953815264	0.145654272738085	-0.346818470725996	0.14288254825
ZNF14	False	0.9637083953815264	0.508281995420663	0.268441261716578	-0.924192371750001
DCTN5	False	0.9638158496837012	0.118481954252127	-0.0265560519632366	-0.1059746785
TAGLN	False	0.9643793671214232	0.0395463812143531	-0.0574461082175528	0.05985136425
UBXN6	False	0.9649131862257436	-0.584740772751476	0.155712140621217	-0.0684317367500003
NPC2	False	0.9650454023241238	0.176649119090208	0.0661643975207555	-0.28780367175
RPL35A	False	0.9650454023241238	0.26590149392543	-0.0462363751267443	-0.0467464072500015
DPF2	False	0.9656382007044532	-0.595873786544786	0.127143211901058	0.3418105095
MICB	False	0.9656382007044532	0.0706952694347098	-0.472180572714947	0.236211904
PEX11B	False	0.9656382007044532	-0.218854483804858	0.188344863621655	-0.0066746147499999
UBE2V2	False	0.9656382007044532	0.141627210124784	-0.321724436322827	0.3272174075
SLC25A3	False	0.9670877356294394	0.251739328088386	-0.0176181308905301	-0.19975792375
TINF2	False	0.9670877356294394	-0.206464308545107	0.0325316689942738	0.14193462275
KLHL8	False	0.9671442785380422	0.368493718077544	-0.151391463179919	-0.009260827
IGF2BP2	False	0.9683255631058604	0.164395160228207	0.305437032832868	-0.3556719095
MED30	False	0.9683255631058604	0.463936148437486	-0.373921895600657	0.0983273969999998
PYURF	False	0.9683255631058604	0.37279733182107	-0.124695179154298	-0.0175173240000001
PGRMC1	False	0.9686533698353252	0.192788997956398	-0.230039125230302	0.24451799325
TATDN1	False	0.9697938008134142	-0.149332335462746	0.021179003428875	0.0636036534999998
HYOU1	False	0.9698107105343238	-0.43762955942837	-0.0297671745736494	0.526489195
HOXB4	False	0.9699664370660596	-0.28296149185036	0.0472671331955916	0.16545943025
POLR2B	False	0.9700398118123458	0.0325552282281416	-0.226157100453323	0.4124093605
LGALS8	False	0.9701584913051292	0.216964428887519	-0.12522796622026	0.0704302107500003
CDC42EP4	False	0.9702685133607252	-0.0908730019088679	-0.124005496426357	0.2338110135
MPC2	False	0.9709389912809844	0.407774036670624	-0.0474279492021541	-0.21360284975
ANKZF1	False	0.97106215999025	-0.226637096001921	-0.0083287835868795	0.12064157475
DUSP6	False	0.97106215999025	0.193269425774921	-0.0283677730859893	-0.11926661975
ECHDC1	False	0.97106215999025	0.121566992994037	-0.192946653827155	0.2364295615
FBXO8	False	0.97106215999025	-0.105726128276309	-0.313061720278067	0.1321874875
FOXJ3	False	0.97106215999025	-0.0324931403097892	-0.0653242783027039	0.1905604495
MDK	False	0.97106215999025	-0.917750495275861	0.527650211082859	-0.11409070975
SLC35B2	False	0.97106215999025	-0.220211479852914	0.181769175922083	-0.13549822925
UQCRC2	False	0.97106215999025	0.0414110474263758	0.0528693336502881	-0.22554728825
TSPAN31	False	0.971478071522766	-0.121205365098874	0.56497828748398	-0.40324496825
MYL6	False	0.9720430813909928	-0.247413004499732	0.0344281990702058	0.162594391749999
PDCD7	False	0.9721423057385618	-0.342322477479188	-0.141041903431418	0.4887499245
SLC25A38	False	0.9721423057385618	-0.139626794060615	0.1612184227347	-0.0065495439999999
ARSA	False	0.9731864332631632	-0.3475433432091	0.394655050790986	-0.25369689675
OS9	False	0.9733451833967948	-0.597247150585773	0.464912186851651	-0.4030262505
TPP1	False	0.9733451833967948	-0.506856918908992	0.400919384879403	-0.29939539625
DPP7	False	0.973445966942854	-1.06683971137173	0.190334000695758	0.0136662625000001
EEF1E1	False	0.9739537316101604	0.42150363042556	-0.288992020137839	0.28942654675
COX6B1	False	0.9741934628790676	0.0793238706702892	-0.013887815748423	-0.0041979439999995
SQLE	False	0.9741934628790676	0.325060600583096	-0.578106436042498	0.1767743755
ZNF79	False	0.9741934628790676	-0.22336354633003	-0.134066751009309	0.24097436075
PEX5	False	0.9744080715423634	0.0142118905689248	0.0170124529443143	-0.0471985899999999
ZNF655	False	0.9744080715423634	0.310797673134021	-0.346021277253708	0.17351850825
DGKD	False	0.9745922848892736	-0.148781805782526	-0.628117871491899	0.28277095275
RPS27A	False	0.9745922848892736	0.32275637055097	-0.143713666985866	0.0498094997499994
IFI27L2	False	0.9746929636058468	-0.431081877579419	0.123233958204245	0.0182103172500003
MST1	False	0.9752442725937752	-0.715679489622254	1.25745917760899	-0.11221885625
TUBA1A	False	0.9752442725937752	-0.207505739726734	0.0825007486418716	0.0746739302500012
MRPS35	False	0.9770225184638022	0.276146332422655	-0.259931142003227	0.1235895875
RRP8	False	0.9778566435631744	-0.15346176664779	-0.087469121600904	0.29140055475
LRP3	False	0.9779010707891056	-0.88582490227	0.133087769279833	0.27007762375
LAMB2	False	0.9780286968665636	-0.527719169339253	0.434564028818661	-0.3460171565
TOR4A	False	0.9780286968665636	-0.352865811189092	0.246809222443269	0.0421710564999999
SS18	False	0.9782285519110816	0.0492478238369438	-0.128525053987631	0.19025341325
NDUFS4	False	0.9783729464650266	0.12053408658676	-0.0589905366454291	0.01505190375
CAP1	False	0.9784929434894888	0.140809033060972	-0.0579886932716391	-0.0252603302500001
LMBR1L	False	0.9784929434894888	-0.276889184743732	0.459266370235604	-0.11218616725
THSD1	False	0.9787579600665054	-0.405098936948556	0.006347503959204	0.31099825725
ANKS1A	False	0.9789829934246111	-0.429046306822497	0.429619111130851	0.0564249187500002
INPP5D	False	0.9789829934246111	-0.245405179662704	0.278545495384474	-0.0689528309999999
NAXD	False	0.9789829934246111	-0.0903249514708566	0.003223075140371	0.1069395325
GNL2	False	0.9790096397234024	-0.129530091133777	-0.146927719489158	0.42977914875
SCCPDH	False	0.9795414380847004	0.0452049979373967	-0.135810986156366	0.1796709245
CHERP	False	0.9798768616315592	-0.378230178432692	-0.08570552289203	0.3231478235
TSC22D3	False	0.9798768616315592	0.154319506526235	-0.0912581973432016	-0.028409791
SNX2	False	0.9803175008112476	-0.150813451993425	-0.144317290564922	0.467405923
KBTBD2	False	0.980440531792491	0.201981609876574	-0.109812364791212	0.0108705379999999
TMBIM4	False	0.9810895265111332	0.280946623220638	0.111704700801889	-0.592227302000001
CYB5R1	False	0.9833677547894972	-0.0795823984016071	0.301279639579109	-0.4348674795
DYNLT1	False	0.9833677547894972	0.20434632042876	-0.0114243806112357	-0.19993388275
EEF1B2	False	0.9833677547894972	-0.0317921451527052	-0.0831836047276822	0.32606413225
FASTKD5	False	0.9833677547894972	-0.0458646528465057	-0.141442382451861	0.26998292975
GUK1	False	0.9833677547894972	-0.433992654058475	0.190300913974858	-0.1213318345
PRAF2	False	0.9833677547894972	-0.565637487152245	0.136349865511588	0.0154726602500002
USP22	False	0.9833719661335588	-0.102322755912319	-0.0784938058995444	0.53399463675
CREB1	False	0.9835100573379862	0.239812734335987	0.10963990973194	-0.55171495
MFSD11	False	0.9835923478302248	0.551128836819983	0.156720394710207	-0.68593971
CDC42EP5	False	0.983908270724718	-0.590683104925091	0.96084940932221	0.0431617390000003
MED4	False	0.9846393569104922	0.0254110721025249	-0.10085262656716	0.173736486
NUP133	False	0.9846393569104922	0.261705485144338	-0.191191778808084	0.13538286175
CYP51A1	False	0.9847068869431884	0.318544128669303	-0.779958176796381	0.294276504
TGIF2	False	0.9851126138045816	-0.13487950505769	-0.610907534822607	0.33943577025
LSM1	False	0.9852030783973782	-0.0627011206683275	0.0380760558141384	0.0076839579999998
ZNF790	False	0.9852030783973782	0.196667527540437	0.412349165973966	-0.60055899125
ZNF217	False	0.9854872988222496	0.0716089491377536	-0.854850221122699	0.15374850575
ZNF652	False	0.9854872988222496	0.117069644158611	0.218686451763525	-0.701755806750001
DNAJA1	False	0.985537148960788	0.0722415039850421	-0.132510814698359	0.3378690155
BIN3	False	0.9859865667634624	-0.522102444140994	0.170984406238639	0.24801110725
TRIM56	False	0.9859865667634624	-0.0171070511832871	-0.0352323980989224	0.0802468077499999
CCDC14	False	0.9871365871259972	0.178555840803151	-0.253372319503599	0.24941491625
COX7C	False	0.9871389753262948	0.225729856567378	-0.0168380239177202	-0.11978974025
DPH5	False	0.9871389753262948	-0.0302193949603611	-0.130888163362242	0.16366295625
IFITM1	False	0.9871389753262948	-0.451912724268079	0.311735504746467	0.180174545
PGLS	False	0.9871389753262948	-0.527853665677877	0.268604149464132	0.0325072915
KDM2A	False	0.9873083672433178	-0.0128845255064372	0.0881087239273022	-0.1765744
CCNH	False	0.9874551654762672	0.147258297150933	-0.0737668355072723	-0.0168264779999999
FURIN	False	0.9874551654762672	-0.372068551691646	0.162866257909483	-0.13031723825
SARNP	False	0.987660501807672	-0.0022125252538893	0.0004031657516909	0.0096008029999998
CCT2	False	0.9879404015988558	-0.0062611511375019	-0.303289526156719	0.809082329
LGALS3	False	0.9881365617592656	-0.0597503831816963	0.334184480984329	-0.64982974775
ENKD1	False	0.9885817022859328	-0.241875109038769	0.332807828012807	-0.1179291095
MSH6	False	0.9893183100396706	-0.0837435873168149	-0.377657583777072	0.30419247025
TSPAN5	False	0.9895442226035536	0.0588120315979843	0.0147021289257454	-0.07822187325
EIF2S2	False	0.989654096343756	-0.0371398176873576	-0.193775483705284	0.53322818075
TTC1	False	0.989654096343756	0.144295379797449	-0.0534708271543645	-0.015258483
GRB10	False	0.9903787559773304	-0.0320527187238122	-0.177077341780368	0.34643930525
NUDCD2	False	0.9903787559773304	0.202898450594083	-0.233949957107592	0.17674449625
RAB11FIP5	False	0.9903787559773304	-0.377925580158631	0.306535138029005	0.078669753
VRK2	False	0.9904086980884448	0.28664019025484	-0.254990743561163	0.0933019502500003
WDR12	False	0.9904086980884448	0.0642384059971199	-0.400520318629331	0.16071896125
LTBP3	False	0.9905220192522736	-0.775339140664633	0.401360966634794	0.051417374
NFYC	False	0.9908211603654724	-0.135000013616449	-0.0508424238573206	0.12600989275
SMIM19	False	0.9908596399737144	0.54445270683621	0.0416490499552284	-0.25781595525
ELMOD3	False	0.9913049596546306	-0.17003608662122	0.304858701448406	-0.163811552
MTF2	False	0.9915441576130816	0.147086978281127	-0.0399275073456753	-0.07659212025
RSAD1	False	0.991650950643544	-0.122650340768169	-0.0219506792329156	0.1353852735
RFX5	False	0.9920966067673472	0.0527002456767987	0.109893609906761	-0.17373693925
IGFBP3	False	0.9923488859914424	0.0815172543197513	-0.529312750465043	0.2191456105
IGFBP6	False	0.99265403209827	-0.48726623349524	0.337049117876951	-0.0886677647500002
ROR1	False	0.99265403209827	0.83382800146625	0.55664562805155	-0.365711322
FKBP4	False	0.9927436178593944	-0.389708283071593	-0.155200915065642	0.95306429725
HNRNPH1	False	0.9928865002969536	-0.0645911503106831	-0.293774910082892	0.49064951675
FAN1	False	0.9941704844000628	-0.0692879160647895	0.276765623348259	0.03165941025
CBWD3	False	0.9941995265280624	-0.401982850637271	-0.124088298459755	0.3562059985
CTBP2	False	0.9944037117434444	0.0151867540958275	-0.131416465530009	0.28458626325
ATF1	False	0.994466395804609	0.372800651313266	-0.309597601875168	0.125762759
SLC25A28	False	0.994868648352839	-0.308845365199301	-0.17181268080499	0.453602229
SURF1	False	0.9948744306602976	-0.142901947009613	0.329352647089987	-0.221962423
MT1M	False	0.995222406101372	1.15415513850697	0.091223007216681	-0.45244046775
TMEM19	False	0.9956397603553032	0.492707143274784	0.119188752200369	-0.72706298225
PDCD6IP	False	0.9967974221991838	0.223706520433945	-0.135829312736332	0.11571686425
RHOG	False	0.9969136953296948	-0.356879183116365	-0.112110519564325	0.454016565
UBA2	False	0.9969136953296948	0.315727607855961	-0.261989331078079	0.26442718075
MOB3A	False	0.997228157152089	-0.452784766795287	-0.0909256441752246	0.364656435
DCUN1D5	False	0.9979433065642376	0.33039836290736	-0.341743734606514	0.279324366
GTF2E2	False	0.9979607891482364	-0.188812825073604	-0.0689759194316411	0.30523872875
VAT1	False	0.9979607891482364	-0.48621375154978	0.134476303243607	-0.0424883277500001
RRS1	False	0.9981834037153876	-0.269092284602802	-0.0278041049939395	0.23875669975
HMGCR	False	0.9997325459966332	0.286190275723927	-0.636047926818719	0.223270503
KLC1	False	0.9997325459966332	-0.176977540595566	0.0923159490805281	-0.0246449727499999
LARP7	False	0.9997325459966332	0.0568407956238888	-0.152326641106058	0.3394347205
ZNF428	False	0.9997325459966332	-0.405340217624422	0.350567299852241	-0.0323956794999998
