pathway	old_NES	old_padj	new_NES	new_padj	file	complete_pair	significance_state
HALLMARK_ADIPOGENESIS	1.13309112120031	0.261340991677412	1.13036632239357	0.250316552416714	GSEA_Hallmark_ACKR1_endothelial_DMED_vs_normal.tsv	True	Retained non-significant
HALLMARK_ALLOGRAFT_REJECTION	1.61822059476461	0.0102277183118822	1.57738246768802	0.0173911728775467	GSEA_Hallmark_ACKR1_endothelial_DMED_vs_normal.tsv	True	Retained significant
HALLMARK_ANDROGEN_RESPONSE	2.09865151752641	2.67964480880267e-05	2.06380433249151	3.47679290513751e-05	GSEA_Hallmark_ACKR1_endothelial_DMED_vs_normal.tsv	True	Retained significant
HALLMARK_ANGIOGENESIS	1.9441890942716	0.0019747397620551	1.85906261189426	0.0041665455544745	GSEA_Hallmark_ACKR1_endothelial_DMED_vs_normal.tsv	True	Retained significant
HALLMARK_APICAL_JUNCTION	1.9792348635567	2.67964480880267e-05	1.92244801726116	4.0629594575718e-05	GSEA_Hallmark_ACKR1_endothelial_DMED_vs_normal.tsv	True	Retained significant
HALLMARK_APICAL_SURFACE	-1.23944319922511	0.261340991677412	-1.23817073908101	0.250316552416714	GSEA_Hallmark_ACKR1_endothelial_DMED_vs_normal.tsv	True	Retained non-significant
HALLMARK_APOPTOSIS	1.94412860719755	1.91933121894391e-05	1.9185698557693	4.74473859584068e-05	GSEA_Hallmark_ACKR1_endothelial_DMED_vs_normal.tsv	True	Retained significant
HALLMARK_BILE_ACID_METABOLISM	-1.33700422903838	0.11540108478447	-1.35602682488461	0.102925731432858	GSEA_Hallmark_ACKR1_endothelial_DMED_vs_normal.tsv	True	Retained non-significant
HALLMARK_CHOLESTEROL_HOMEOSTASIS	1.34903951568129	0.112033694344164	1.34358296888575	0.12370960502693	GSEA_Hallmark_ACKR1_endothelial_DMED_vs_normal.tsv	True	Retained non-significant
HALLMARK_COAGULATION	1.53807752267934	0.0143025892997401	1.52690382102674	0.0240111081978338	GSEA_Hallmark_ACKR1_endothelial_DMED_vs_normal.tsv	True	Retained significant
HALLMARK_COMPLEMENT	1.68257029635399	0.0019747397620551	1.65160881196602	0.0021741318627313	GSEA_Hallmark_ACKR1_endothelial_DMED_vs_normal.tsv	True	Retained significant
HALLMARK_DNA_REPAIR	-1.05480305032121	0.390625	-1.07033896821001	0.325581395348837	GSEA_Hallmark_ACKR1_endothelial_DMED_vs_normal.tsv	True	Retained non-significant
HALLMARK_E2F_TARGETS	1.11102616452691	0.292934782608696	1.0960186939427	0.325581395348837	GSEA_Hallmark_ACKR1_endothelial_DMED_vs_normal.tsv	True	Retained non-significant
HALLMARK_EPITHELIAL_MESENCHYMAL_TRANSITION	1.85711976576933	0.0001754559684777	1.82618896896795	7.81061051835899e-05	GSEA_Hallmark_ACKR1_endothelial_DMED_vs_normal.tsv	True	Retained significant
HALLMARK_ESTROGEN_RESPONSE_EARLY	1.99695440061354	1.91933121894391e-05	1.96771471821498	2.95583119172949e-05	GSEA_Hallmark_ACKR1_endothelial_DMED_vs_normal.tsv	True	Retained significant
HALLMARK_ESTROGEN_RESPONSE_LATE	1.66770023448785	0.0028015768123867	1.63644790448119	0.0041835653624168	GSEA_Hallmark_ACKR1_endothelial_DMED_vs_normal.tsv	True	Retained significant
HALLMARK_FATTY_ACID_METABOLISM	-1.28498556242457	0.119384802801888	-1.30156099056866	0.0993511759935118	GSEA_Hallmark_ACKR1_endothelial_DMED_vs_normal.tsv	True	Retained non-significant
HALLMARK_G2M_CHECKPOINT	1.45443198585485	0.0321663003259365	1.40636651384157	0.0551153717495435	GSEA_Hallmark_ACKR1_endothelial_DMED_vs_normal.tsv	True	Lost significance
HALLMARK_GLYCOLYSIS	1.27255987828189	0.118382352941177	1.23823425192842	0.129550538946512	GSEA_Hallmark_ACKR1_endothelial_DMED_vs_normal.tsv	True	Retained non-significant
HALLMARK_HEDGEHOG_SIGNALING	-1.00230742795662	0.48972918201916	-0.977861501325432	0.504338595033693	GSEA_Hallmark_ACKR1_endothelial_DMED_vs_normal.tsv	True	Retained non-significant
HALLMARK_HEME_METABOLISM	0.849355222244043	0.848386405826074	0.859802354178434	0.807851167956683	GSEA_Hallmark_ACKR1_endothelial_DMED_vs_normal.tsv	True	Retained non-significant
HALLMARK_HYPOXIA	2.08204144440306	6.56375858881175e-07	2.06193398491951	1.35475500868396e-06	GSEA_Hallmark_ACKR1_endothelial_DMED_vs_normal.tsv	True	Retained significant
HALLMARK_IL2_STAT5_SIGNALING	2.1431040006371	6.56375858881175e-07	2.11165733099486	1.35475500868396e-06	GSEA_Hallmark_ACKR1_endothelial_DMED_vs_normal.tsv	True	Retained significant
HALLMARK_IL6_JAK_STAT3_SIGNALING	1.8811943158898	0.0009139937520057	1.93633554726204	0.0007332391154504	GSEA_Hallmark_ACKR1_endothelial_DMED_vs_normal.tsv	True	Retained significant
HALLMARK_INFLAMMATORY_RESPONSE	2.35814369967322	5.8570537729903e-09	2.32847858051318	1.79312076212801e-08	GSEA_Hallmark_ACKR1_endothelial_DMED_vs_normal.tsv	True	Retained significant
HALLMARK_INTERFERON_ALPHA_RESPONSE	0.709926161148292	0.983550724637681	0.708446553870681	0.964705040091638	GSEA_Hallmark_ACKR1_endothelial_DMED_vs_normal.tsv	True	Retained non-significant
HALLMARK_INTERFERON_GAMMA_RESPONSE	1.57148414589811	0.0047775237338814	1.57353487816496	0.0041835653624168	GSEA_Hallmark_ACKR1_endothelial_DMED_vs_normal.tsv	True	Retained significant
HALLMARK_KRAS_SIGNALING_DN	1.02553973610553	0.454590839123019	-1.10245906812225	0.325581395348837	GSEA_Hallmark_ACKR1_endothelial_DMED_vs_normal.tsv	True	Retained non-significant
HALLMARK_KRAS_SIGNALING_UP	1.52200102700825	0.0143025892997401	1.50064113064599	0.0194878144768369	GSEA_Hallmark_ACKR1_endothelial_DMED_vs_normal.tsv	True	Retained significant
HALLMARK_MITOTIC_SPINDLE	1.40826909585584	0.0268127151736402	1.39226885547131	0.0332625449912743	GSEA_Hallmark_ACKR1_endothelial_DMED_vs_normal.tsv	True	Retained significant
HALLMARK_MTORC1_SIGNALING	2.2898114709729	2.9193724101158402e-09	2.26223392713086	9.30162161634108e-10	GSEA_Hallmark_ACKR1_endothelial_DMED_vs_normal.tsv	True	Retained significant
HALLMARK_MYC_TARGETS_V1	1.46462435844391	0.0117508189689849	1.44569788893626	0.0136498136945264	GSEA_Hallmark_ACKR1_endothelial_DMED_vs_normal.tsv	True	Retained significant
HALLMARK_MYC_TARGETS_V2	1.68817665468683	0.0143025892997401	1.6645347079468	0.0180375549935379	GSEA_Hallmark_ACKR1_endothelial_DMED_vs_normal.tsv	True	Retained significant
HALLMARK_MYOGENESIS	2.19438037723473	4.96850028029663e-07	2.15977666525275	9.94864746283381e-07	GSEA_Hallmark_ACKR1_endothelial_DMED_vs_normal.tsv	True	Retained significant
HALLMARK_NOTCH_SIGNALING	1.02287615876607	0.465510119785213	1.00520370399645	0.49513247073321	GSEA_Hallmark_ACKR1_endothelial_DMED_vs_normal.tsv	True	Retained non-significant
HALLMARK_OXIDATIVE_PHOSPHORYLATION	0.609102078217702	1.0	0.602000937633452	1.0	GSEA_Hallmark_ACKR1_endothelial_DMED_vs_normal.tsv	True	Retained non-significant
HALLMARK_P53_PATHWAY	1.4085834928281	0.0272073924648509	1.4058227402367	0.0357391715853781	GSEA_Hallmark_ACKR1_endothelial_DMED_vs_normal.tsv	True	Retained significant
HALLMARK_PEROXISOME	-1.16154648365391	0.261340991677412	-1.1831102519348	0.227830188679245	GSEA_Hallmark_ACKR1_endothelial_DMED_vs_normal.tsv	True	Retained non-significant
HALLMARK_PI3K_AKT_MTOR_SIGNALING	1.43038310675324	0.0659009197642392	1.43410329119942	0.061577433935086	GSEA_Hallmark_ACKR1_endothelial_DMED_vs_normal.tsv	True	Retained non-significant
HALLMARK_PROTEIN_SECRETION	1.23656181086498	0.178904665314402	1.20196574630068	0.211865258924082	GSEA_Hallmark_ACKR1_endothelial_DMED_vs_normal.tsv	True	Retained non-significant
HALLMARK_REACTIVE_OXYGEN_SPECIES_PATHWAY	1.17379466256445	0.267464795192881	1.17259878458576	0.312956204379562	GSEA_Hallmark_ACKR1_endothelial_DMED_vs_normal.tsv	True	Retained non-significant
HALLMARK_SPERMATOGENESIS	-1.06293482922428	0.390625	-1.10641341209049	0.325581395348837	GSEA_Hallmark_ACKR1_endothelial_DMED_vs_normal.tsv	True	Retained non-significant
HALLMARK_TGF_BETA_SIGNALING	1.74756543662701	0.0042171873620346	1.76129283384858	0.0068298582614686	GSEA_Hallmark_ACKR1_endothelial_DMED_vs_normal.tsv	True	Retained significant
HALLMARK_TNFA_SIGNALING_VIA_NFKB	2.97324295759793	9.91657404735836e-24	2.93214378533326	3.3586453128819204e-23	GSEA_Hallmark_ACKR1_endothelial_DMED_vs_normal.tsv	True	Retained significant
HALLMARK_UNFOLDED_PROTEIN_RESPONSE	1.58830512854942	0.0113557838010508	1.53802219130801	0.0194878144768369	GSEA_Hallmark_ACKR1_endothelial_DMED_vs_normal.tsv	True	Retained significant
HALLMARK_UV_RESPONSE_DN	1.81462305355447	0.0004605304801961	1.75490840007784	0.0011708640091347	GSEA_Hallmark_ACKR1_endothelial_DMED_vs_normal.tsv	True	Retained significant
HALLMARK_UV_RESPONSE_UP	2.14824282229838	1.96310787776473e-06	2.10784277379666	2.68715737261554e-06	GSEA_Hallmark_ACKR1_endothelial_DMED_vs_normal.tsv	True	Retained significant
HALLMARK_WNT_BETA_CATENIN_SIGNALING	1.01951242283705	0.465510119785213	1.02078960723078	0.45796277997365	GSEA_Hallmark_ACKR1_endothelial_DMED_vs_normal.tsv	True	Retained non-significant
HALLMARK_XENOBIOTIC_METABOLISM	1.14387771167534	0.261340991677412	1.10329499933095	0.325581395348837	GSEA_Hallmark_ACKR1_endothelial_DMED_vs_normal.tsv	True	Retained non-significant
HALLMARK_ADIPOGENESIS	0.885109610828535	0.853037955310682	0.881910427740463	0.834236493044322	GSEA_Hallmark_ACKR1_endothelial_nonDM_ED_vs_normal.tsv	True	Retained non-significant
HALLMARK_ALLOGRAFT_REJECTION	-1.06763977286787	0.423884111384111	-1.06857465727317	0.397014925373134	GSEA_Hallmark_ACKR1_endothelial_nonDM_ED_vs_normal.tsv	True	Retained non-significant
HALLMARK_ANDROGEN_RESPONSE	1.92240063432026	0.0005407463668938	1.89202388755994	0.0002857503623454	GSEA_Hallmark_ACKR1_endothelial_nonDM_ED_vs_normal.tsv	True	Retained significant
HALLMARK_ANGIOGENESIS	1.44169946042641	0.142166344294004	1.39805218124741	0.159393843224373	GSEA_Hallmark_ACKR1_endothelial_nonDM_ED_vs_normal.tsv	True	Retained non-significant
HALLMARK_APICAL_JUNCTION	1.2830057808607	0.152455977757183	1.26771798934711	0.159800332778702	GSEA_Hallmark_ACKR1_endothelial_nonDM_ED_vs_normal.tsv	True	Retained non-significant
HALLMARK_APICAL_SURFACE	-1.12906311403059	0.404858798865458	-1.13580573306653	0.366319102891993	GSEA_Hallmark_ACKR1_endothelial_nonDM_ED_vs_normal.tsv	True	Retained non-significant
HALLMARK_APOPTOSIS	1.56133741314676	0.0093221858643861	1.52571567577177	0.0101093163088007	GSEA_Hallmark_ACKR1_endothelial_nonDM_ED_vs_normal.tsv	True	Retained significant
HALLMARK_BILE_ACID_METABOLISM	0.851254073484317	0.853037955310682	0.838376541921595	0.834236493044322	GSEA_Hallmark_ACKR1_endothelial_nonDM_ED_vs_normal.tsv	True	Retained non-significant
HALLMARK_CHOLESTEROL_HOMEOSTASIS	1.41549927352847	0.0831534711944287	1.35323994756307	0.159800332778702	GSEA_Hallmark_ACKR1_endothelial_nonDM_ED_vs_normal.tsv	True	Retained non-significant
HALLMARK_COAGULATION	0.897595474911526	0.79411408990123	0.883564716521963	0.794420035149385	GSEA_Hallmark_ACKR1_endothelial_nonDM_ED_vs_normal.tsv	True	Retained non-significant
HALLMARK_COMPLEMENT	1.18955478620447	0.238339552238806	1.15601087621653	0.289302774944984	GSEA_Hallmark_ACKR1_endothelial_nonDM_ED_vs_normal.tsv	True	Retained non-significant
HALLMARK_DNA_REPAIR	-1.16639884822828	0.238339552238806	-1.11784445910085	0.304726368159204	GSEA_Hallmark_ACKR1_endothelial_nonDM_ED_vs_normal.tsv	True	Retained non-significant
HALLMARK_E2F_TARGETS	0.889398159904136	0.836740488358887	0.875060501512635	0.834236493044322	GSEA_Hallmark_ACKR1_endothelial_nonDM_ED_vs_normal.tsv	True	Retained non-significant
HALLMARK_EPITHELIAL_MESENCHYMAL_TRANSITION	1.26076565990935	0.164700659563673	1.21799785846698	0.21481178396072	GSEA_Hallmark_ACKR1_endothelial_nonDM_ED_vs_normal.tsv	True	Retained non-significant
HALLMARK_ESTROGEN_RESPONSE_EARLY	1.90352079606911	9.8551408397509e-05	1.83123055385804	0.0002857503623454	GSEA_Hallmark_ACKR1_endothelial_nonDM_ED_vs_normal.tsv	True	Retained significant
HALLMARK_ESTROGEN_RESPONSE_LATE	1.61726044088791	0.0091721382653903	1.58487893445283	0.0093535209429219	GSEA_Hallmark_ACKR1_endothelial_nonDM_ED_vs_normal.tsv	True	Retained significant
HALLMARK_FATTY_ACID_METABOLISM	-1.05106788211223	0.422641509433962	-1.0666048279554	0.416179337231969	GSEA_Hallmark_ACKR1_endothelial_nonDM_ED_vs_normal.tsv	True	Retained non-significant
HALLMARK_G2M_CHECKPOINT	1.76636023140657	0.0009293040758934	1.73664726871375	0.000799968103473	GSEA_Hallmark_ACKR1_endothelial_nonDM_ED_vs_normal.tsv	True	Retained significant
HALLMARK_GLYCOLYSIS	-1.16064894152859	0.238339552238806	-1.17612233844013	0.19607295737949	GSEA_Hallmark_ACKR1_endothelial_nonDM_ED_vs_normal.tsv	True	Retained non-significant
HALLMARK_HEDGEHOG_SIGNALING	0.732185306080343	0.921716602838477	0.723682124489852	0.931931931931932	GSEA_Hallmark_ACKR1_endothelial_nonDM_ED_vs_normal.tsv	True	Retained non-significant
HALLMARK_HEME_METABOLISM	0.907945414954797	0.79411408990123	0.892310935833661	0.834236493044322	GSEA_Hallmark_ACKR1_endothelial_nonDM_ED_vs_normal.tsv	True	Retained non-significant
HALLMARK_HYPOXIA	1.73892213083927	0.0011230483375587	1.70070128728703	0.0011238047899922	GSEA_Hallmark_ACKR1_endothelial_nonDM_ED_vs_normal.tsv	True	Retained significant
HALLMARK_IL2_STAT5_SIGNALING	1.99438746229868	3.381229688718e-05	1.94269164054071	1.54788591715903e-05	GSEA_Hallmark_ACKR1_endothelial_nonDM_ED_vs_normal.tsv	True	Retained significant
HALLMARK_IL6_JAK_STAT3_SIGNALING	1.49363784672337	0.082812237856006	1.43954466517779	0.110770224446956	GSEA_Hallmark_ACKR1_endothelial_nonDM_ED_vs_normal.tsv	True	Retained non-significant
HALLMARK_INFLAMMATORY_RESPONSE	1.74921252669102	0.0034217404170302	1.77270135035777	0.0011238047899922	GSEA_Hallmark_ACKR1_endothelial_nonDM_ED_vs_normal.tsv	True	Retained significant
HALLMARK_INTERFERON_ALPHA_RESPONSE	2.25113108237401	1.30683883357309e-06	2.21731985364626	9.89088053842898e-07	GSEA_Hallmark_ACKR1_endothelial_nonDM_ED_vs_normal.tsv	True	Retained significant
HALLMARK_INTERFERON_GAMMA_RESPONSE	2.21475261255976	3.51275952476137e-08	2.16489137220995	1.12679590880283e-08	GSEA_Hallmark_ACKR1_endothelial_nonDM_ED_vs_normal.tsv	True	Retained significant
HALLMARK_KRAS_SIGNALING_DN	1.69299471363659	0.0133883469857149	1.67896221923397	0.0130555173602178	GSEA_Hallmark_ACKR1_endothelial_nonDM_ED_vs_normal.tsv	True	Retained significant
HALLMARK_KRAS_SIGNALING_UP	1.69558963809082	0.0090560197434898	1.68228430754337	0.0020282070144318	GSEA_Hallmark_ACKR1_endothelial_nonDM_ED_vs_normal.tsv	True	Retained significant
HALLMARK_MITOTIC_SPINDLE	1.48041315421936	0.0249654079481283	1.45055136447071	0.0155387950041345	GSEA_Hallmark_ACKR1_endothelial_nonDM_ED_vs_normal.tsv	True	Retained significant
HALLMARK_MTORC1_SIGNALING	1.66747299636908	0.0029010863762135	1.61580767803823	0.0022504572032167	GSEA_Hallmark_ACKR1_endothelial_nonDM_ED_vs_normal.tsv	True	Retained significant
HALLMARK_MYC_TARGETS_V1	0.67501033186907	1.0	0.672320877025543	1.0	GSEA_Hallmark_ACKR1_endothelial_nonDM_ED_vs_normal.tsv	True	Retained non-significant
HALLMARK_MYC_TARGETS_V2	1.09349790852439	0.423884111384111	1.06845176200143	0.43987326580577	GSEA_Hallmark_ACKR1_endothelial_nonDM_ED_vs_normal.tsv	True	Retained non-significant
HALLMARK_MYOGENESIS	1.28878414299189	0.152455977757183	1.25532831176451	0.1960505937016	GSEA_Hallmark_ACKR1_endothelial_nonDM_ED_vs_normal.tsv	True	Retained non-significant
HALLMARK_NOTCH_SIGNALING	0.990309320911481	0.59859513386949	0.969242136001479	0.630618517095659	GSEA_Hallmark_ACKR1_endothelial_nonDM_ED_vs_normal.tsv	True	Retained non-significant
HALLMARK_OXIDATIVE_PHOSPHORYLATION	-1.25637014541648	0.140984654731458	-1.25847339053011	0.0606097542882436	GSEA_Hallmark_ACKR1_endothelial_nonDM_ED_vs_normal.tsv	True	Retained non-significant
HALLMARK_P53_PATHWAY	1.41909149284846	0.0249654079481283	1.38355868041532	0.0223770526430545	GSEA_Hallmark_ACKR1_endothelial_nonDM_ED_vs_normal.tsv	True	Retained significant
HALLMARK_PEROXISOME	-0.935220802642102	0.753257671290458	-0.961451756755933	0.703946172031278	GSEA_Hallmark_ACKR1_endothelial_nonDM_ED_vs_normal.tsv	True	Retained non-significant
HALLMARK_PI3K_AKT_MTOR_SIGNALING	1.22468013093671	0.238339552238806	1.2168088093333	0.256706966033391	GSEA_Hallmark_ACKR1_endothelial_nonDM_ED_vs_normal.tsv	True	Retained non-significant
HALLMARK_PROTEIN_SECRETION	-0.719228818586823	1.0	-0.766054212707547	0.966268811624287	GSEA_Hallmark_ACKR1_endothelial_nonDM_ED_vs_normal.tsv	True	Retained non-significant
HALLMARK_REACTIVE_OXYGEN_SPECIES_PATHWAY	-1.22979904329207	0.238339552238806	-1.2466974420442	0.221352205993073	GSEA_Hallmark_ACKR1_endothelial_nonDM_ED_vs_normal.tsv	True	Retained non-significant
HALLMARK_SPERMATOGENESIS	-0.564860592940972	1.0	-0.601171476510128	1.0	GSEA_Hallmark_ACKR1_endothelial_nonDM_ED_vs_normal.tsv	True	Retained non-significant
HALLMARK_TGF_BETA_SIGNALING	1.76957023139107	0.0062223158443944	1.7438149191465	0.0078468427280562	GSEA_Hallmark_ACKR1_endothelial_nonDM_ED_vs_normal.tsv	True	Retained significant
HALLMARK_TNFA_SIGNALING_VIA_NFKB	2.77139642465565	7.013132583888979e-18	2.72763808289125	1.40662753209305e-18	GSEA_Hallmark_ACKR1_endothelial_nonDM_ED_vs_normal.tsv	True	Retained significant
HALLMARK_UNFOLDED_PROTEIN_RESPONSE	0.805256882914091	0.921716602838477	0.778769183588284	0.955826379739423	GSEA_Hallmark_ACKR1_endothelial_nonDM_ED_vs_normal.tsv	True	Retained non-significant
HALLMARK_UV_RESPONSE_DN	1.47005348467908	0.0249654079481283	1.45506508716534	0.0214347887539033	GSEA_Hallmark_ACKR1_endothelial_nonDM_ED_vs_normal.tsv	True	Retained significant
HALLMARK_UV_RESPONSE_UP	1.84543298104816	0.0004674363536263	1.80026417518031	0.0003183452495124	GSEA_Hallmark_ACKR1_endothelial_nonDM_ED_vs_normal.tsv	True	Retained significant
HALLMARK_WNT_BETA_CATENIN_SIGNALING	1.79900091681281	0.0124218481958323	1.75280771875117	0.0067649474044961	GSEA_Hallmark_ACKR1_endothelial_nonDM_ED_vs_normal.tsv	True	Retained significant
HALLMARK_XENOBIOTIC_METABOLISM	1.14244063977787	0.316903979554582	1.10683000741575	0.366319102891993	GSEA_Hallmark_ACKR1_endothelial_nonDM_ED_vs_normal.tsv	True	Retained non-significant
HALLMARK_ADIPOGENESIS	1.73398264330097	0.000106468902907	1.67929158364075	0.0002900305401969	GSEA_Hallmark_fibroblast_DMED_vs_normal.tsv	True	Retained significant
HALLMARK_ALLOGRAFT_REJECTION	1.13609166863019	0.238741369241867	1.16078173332169	0.225563909774436	GSEA_Hallmark_fibroblast_DMED_vs_normal.tsv	True	Retained non-significant
HALLMARK_ANDROGEN_RESPONSE	2.25780194722913	7.67489189248498e-08	2.22671447776056	1.66987602356325e-07	GSEA_Hallmark_fibroblast_DMED_vs_normal.tsv	True	Retained significant
HALLMARK_ANGIOGENESIS	1.15587388344491	0.300982800982801	1.14394877379288	0.30074277409979	GSEA_Hallmark_fibroblast_DMED_vs_normal.tsv	True	Retained non-significant
HALLMARK_APICAL_JUNCTION	1.75044234606008	0.0004197324443773	1.38992476924689	0.0301997773092811	GSEA_Hallmark_fibroblast_DMED_vs_normal.tsv	True	Retained significant
HALLMARK_APICAL_SURFACE	-0.900224619877748	0.653419262441819	-0.969541456580439	0.533154788473937	GSEA_Hallmark_fibroblast_DMED_vs_normal.tsv	True	Retained non-significant
HALLMARK_APOPTOSIS	1.84051227817175	8.49692240400564e-05	1.89027048817774	1.21084895392548e-05	GSEA_Hallmark_fibroblast_DMED_vs_normal.tsv	True	Retained significant
HALLMARK_BILE_ACID_METABOLISM	-1.14578063919114	0.231396906588722	-1.15236480357187	0.225060827250608	GSEA_Hallmark_fibroblast_DMED_vs_normal.tsv	True	Retained non-significant
HALLMARK_CHOLESTEROL_HOMEOSTASIS	1.78894672675205	0.0016201301509568	1.7484297826929	0.0018616787193782	GSEA_Hallmark_fibroblast_DMED_vs_normal.tsv	True	Retained significant
HALLMARK_COAGULATION	1.23482513462	0.168937943462102	1.21387940691829	0.184826615032565	GSEA_Hallmark_fibroblast_DMED_vs_normal.tsv	True	Retained non-significant
HALLMARK_COMPLEMENT	1.27183335464408	0.114889705882353	1.26324171114075	0.11440556773763	GSEA_Hallmark_fibroblast_DMED_vs_normal.tsv	True	Retained non-significant
HALLMARK_DNA_REPAIR	-0.960919566588188	0.597915328050261	-0.981298994602008	0.528569879648704	GSEA_Hallmark_fibroblast_DMED_vs_normal.tsv	True	Retained non-significant
HALLMARK_E2F_TARGETS	1.3270133797796	0.083210964268233	1.34575688550596	0.0377747675736959	GSEA_Hallmark_fibroblast_DMED_vs_normal.tsv	True	Gained significance
HALLMARK_EPITHELIAL_MESENCHYMAL_TRANSITION	1.27207026862429	0.106446984773453	1.16633956954115	0.20536746819795	GSEA_Hallmark_fibroblast_DMED_vs_normal.tsv	True	Retained non-significant
HALLMARK_ESTROGEN_RESPONSE_EARLY	2.12934044690472	2.72682235186891e-08	2.08018755086999	4.92176931135502e-08	GSEA_Hallmark_fibroblast_DMED_vs_normal.tsv	True	Retained significant
HALLMARK_ESTROGEN_RESPONSE_LATE	2.25904259733377	1.22916998085452e-09	2.26005831968131	6.450905631802601e-10	GSEA_Hallmark_fibroblast_DMED_vs_normal.tsv	True	Retained significant
HALLMARK_FATTY_ACID_METABOLISM	1.43544736732827	0.0250989921499311	1.40814340457044	0.0237672704373559	GSEA_Hallmark_fibroblast_DMED_vs_normal.tsv	True	Retained significant
HALLMARK_G2M_CHECKPOINT	1.90792626893333	6.19241466407226e-06	2.01161980193753	3.90246441690804e-07	GSEA_Hallmark_fibroblast_DMED_vs_normal.tsv	True	Retained significant
HALLMARK_GLYCOLYSIS	1.16737595640999	0.199360609217285	1.11228267285377	0.284196448473141	GSEA_Hallmark_fibroblast_DMED_vs_normal.tsv	True	Retained non-significant
HALLMARK_HEDGEHOG_SIGNALING	1.31354098992137	0.168005843681519	1.29638027031488	0.168018818107628	GSEA_Hallmark_fibroblast_DMED_vs_normal.tsv	True	Retained non-significant
HALLMARK_HEME_METABOLISM	1.49295336684333	0.0090806390805751	1.3991966500718	0.0281060496387276	GSEA_Hallmark_fibroblast_DMED_vs_normal.tsv	True	Retained significant
HALLMARK_HYPOXIA	2.06559852760674	8.37022391693271e-08	2.1233048028626	2.73201950206477e-08	GSEA_Hallmark_fibroblast_DMED_vs_normal.tsv	True	Retained significant
HALLMARK_IL2_STAT5_SIGNALING	2.11917390488472	2.72682235186891e-08	2.21818297266946	7.08753861436574e-10	GSEA_Hallmark_fibroblast_DMED_vs_normal.tsv	True	Retained significant
HALLMARK_IL6_JAK_STAT3_SIGNALING	1.47694350120348	0.0457992152355496	1.51301600469381	0.0141464536495689	GSEA_Hallmark_fibroblast_DMED_vs_normal.tsv	True	Retained significant
HALLMARK_INFLAMMATORY_RESPONSE	1.69129875459214	0.0007709965311602	1.73643178743093	0.0003260989969926	GSEA_Hallmark_fibroblast_DMED_vs_normal.tsv	True	Retained significant
HALLMARK_INTERFERON_ALPHA_RESPONSE	-1.76510151773332	0.0016201301509568	-1.66673437099578	0.0035706791318561	GSEA_Hallmark_fibroblast_DMED_vs_normal.tsv	True	Retained significant
HALLMARK_INTERFERON_GAMMA_RESPONSE	1.1891069993829	0.168937943462102	1.29210601216736	0.0711201422402845	GSEA_Hallmark_fibroblast_DMED_vs_normal.tsv	True	Retained non-significant
HALLMARK_KRAS_SIGNALING_DN	1.70646714859674	0.0026174550109164	1.44535878778104	0.036448010881628	GSEA_Hallmark_fibroblast_DMED_vs_normal.tsv	True	Retained significant
HALLMARK_KRAS_SIGNALING_UP	1.44123199646493	0.0136695620732883	1.45209606656325	0.0195014026116843	GSEA_Hallmark_fibroblast_DMED_vs_normal.tsv	True	Retained significant
HALLMARK_MITOTIC_SPINDLE	1.82516058562405	3.20275464336143e-05	1.768690359801	0.0001091059361799	GSEA_Hallmark_fibroblast_DMED_vs_normal.tsv	True	Retained significant
HALLMARK_MTORC1_SIGNALING	1.95307285772172	5.88215150179077e-07	2.05262610110997	7.74172556040764e-08	GSEA_Hallmark_fibroblast_DMED_vs_normal.tsv	True	Retained significant
HALLMARK_MYC_TARGETS_V1	1.20269151289552	0.162384378211716	1.24543739139754	0.108393420990622	GSEA_Hallmark_fibroblast_DMED_vs_normal.tsv	True	Retained non-significant
HALLMARK_MYC_TARGETS_V2	1.50999947427502	0.0493952275988733	1.53609295600621	0.0281060496387276	GSEA_Hallmark_fibroblast_DMED_vs_normal.tsv	True	Retained significant
HALLMARK_MYOGENESIS	2.4903159446911	2.96317499055788e-14	2.06106614059461	1.53036916007157e-07	GSEA_Hallmark_fibroblast_DMED_vs_normal.tsv	True	Retained significant
HALLMARK_NOTCH_SIGNALING	0.886506303026562	0.653419262441819	0.90350990908889	0.652274920476071	GSEA_Hallmark_fibroblast_DMED_vs_normal.tsv	True	Retained non-significant
HALLMARK_OXIDATIVE_PHOSPHORYLATION	0.902317397021468	0.69164265129683	0.713197671416606	0.990566037735849	GSEA_Hallmark_fibroblast_DMED_vs_normal.tsv	True	Retained non-significant
HALLMARK_P53_PATHWAY	1.65629177754575	0.0006666935136577	1.70133353084603	0.0002341911440335	GSEA_Hallmark_fibroblast_DMED_vs_normal.tsv	True	Retained significant
HALLMARK_PANCREAS_BETA_CELLS	-1.54520377945477	0.0450483366211707	-1.51805237194598	0.0608295340550184	GSEA_Hallmark_fibroblast_DMED_vs_normal.tsv	True	Lost significance
HALLMARK_PEROXISOME	0.914070330628296	0.653419262441819	0.910384955218637	0.652274920476071	GSEA_Hallmark_fibroblast_DMED_vs_normal.tsv	True	Retained non-significant
HALLMARK_PI3K_AKT_MTOR_SIGNALING	1.32058130435397	0.129521016617791	1.39224137290294	0.0818201013513514	GSEA_Hallmark_fibroblast_DMED_vs_normal.tsv	True	Retained non-significant
HALLMARK_PROTEIN_SECRETION	1.29778849262152	0.148254423720708	1.32526487651318	0.124223602484472	GSEA_Hallmark_fibroblast_DMED_vs_normal.tsv	True	Retained non-significant
HALLMARK_REACTIVE_OXYGEN_SPECIES_PATHWAY	1.31950574416419	0.16368187945311	1.31015454448973	0.140096618357488	GSEA_Hallmark_fibroblast_DMED_vs_normal.tsv	True	Retained non-significant
HALLMARK_SPERMATOGENESIS	0.947500198627862	0.597915328050261	1.00854548703187	0.48896499238965	GSEA_Hallmark_fibroblast_DMED_vs_normal.tsv	True	Retained non-significant
HALLMARK_TGF_BETA_SIGNALING	1.92577544504116	0.0005721350460189	1.97573471841413	0.0003230490237208	GSEA_Hallmark_fibroblast_DMED_vs_normal.tsv	True	Retained significant
HALLMARK_TNFA_SIGNALING_VIA_NFKB	2.97582066772079	7.65947955326741e-29	3.05242996919953	1.60232511846977e-32	GSEA_Hallmark_fibroblast_DMED_vs_normal.tsv	True	Retained significant
HALLMARK_UNFOLDED_PROTEIN_RESPONSE	1.82399136744143	0.0002883865845364	1.85142138336571	0.0001675055250773	GSEA_Hallmark_fibroblast_DMED_vs_normal.tsv	True	Retained significant
HALLMARK_UV_RESPONSE_DN	1.38852674979547	0.0641420361247947	1.42046796617064	0.0237672704373559	GSEA_Hallmark_fibroblast_DMED_vs_normal.tsv	True	Gained significance
HALLMARK_UV_RESPONSE_UP	2.46840678088943	5.06522112953783e-13	2.47675190925172	9.64878576678275e-13	GSEA_Hallmark_fibroblast_DMED_vs_normal.tsv	True	Retained significant
HALLMARK_WNT_BETA_CATENIN_SIGNALING	1.26343251178419	0.183691756272401	1.20625515540928	0.225563909774436	GSEA_Hallmark_fibroblast_DMED_vs_normal.tsv	True	Retained non-significant
HALLMARK_XENOBIOTIC_METABOLISM	1.72156263401178	0.0004197324443773	1.72415968826078	0.0003260989969926	GSEA_Hallmark_fibroblast_DMED_vs_normal.tsv	True	Retained significant
HALLMARK_ADIPOGENESIS	1.48562197328262	0.0208293239429023	1.51824879157872	0.0092249926423219	GSEA_Hallmark_fibroblast_nonDM_ED_vs_normal.tsv	True	Retained significant
HALLMARK_ALLOGRAFT_REJECTION	-1.83938354364057	0.0004418419365103	-1.83220814513575	0.0006792383135456	GSEA_Hallmark_fibroblast_nonDM_ED_vs_normal.tsv	True	Retained significant
HALLMARK_ANDROGEN_RESPONSE	1.67463607288692	0.0063530254358838	1.69050466315803	0.0076759726318194	GSEA_Hallmark_fibroblast_nonDM_ED_vs_normal.tsv	True	Retained significant
HALLMARK_ANGIOGENESIS	1.53412552771441	0.0941405704188477	1.51420803680032	0.115207373271889	GSEA_Hallmark_fibroblast_nonDM_ED_vs_normal.tsv	True	Retained non-significant
HALLMARK_APICAL_JUNCTION	-1.13371408640444	0.270949841765292	-1.13728141173594	0.29296875	GSEA_Hallmark_fibroblast_nonDM_ED_vs_normal.tsv	True	Retained non-significant
HALLMARK_APICAL_SURFACE	0.886599307026151	0.745937023869985	-1.06253121700411	0.464819540648925	GSEA_Hallmark_fibroblast_nonDM_ED_vs_normal.tsv	True	Retained non-significant
HALLMARK_APOPTOSIS	1.072634725197	0.429645542427497	1.0759003860508	0.405301575105647	GSEA_Hallmark_fibroblast_nonDM_ED_vs_normal.tsv	True	Retained non-significant
HALLMARK_BILE_ACID_METABOLISM	-0.942879195191576	0.701793062904174	-0.876083850928766	0.841523341523342	GSEA_Hallmark_fibroblast_nonDM_ED_vs_normal.tsv	True	Retained non-significant
HALLMARK_CHOLESTEROL_HOMEOSTASIS	1.21768611526482	0.270949841765292	1.18334290820247	0.295383576673137	GSEA_Hallmark_fibroblast_nonDM_ED_vs_normal.tsv	True	Retained non-significant
HALLMARK_COAGULATION	-1.62214344641608	0.0172481116846831	-1.60607919617819	0.0118698041925619	GSEA_Hallmark_fibroblast_nonDM_ED_vs_normal.tsv	True	Retained significant
HALLMARK_COMPLEMENT	-1.24189517223354	0.203028205787145	-1.29554078974717	0.0877646039856053	GSEA_Hallmark_fibroblast_nonDM_ED_vs_normal.tsv	True	Retained non-significant
HALLMARK_DNA_REPAIR	-1.65477163172734	0.0033204490978276	-1.60067148339367	0.004031352778669	GSEA_Hallmark_fibroblast_nonDM_ED_vs_normal.tsv	True	Retained significant
HALLMARK_E2F_TARGETS	-0.726842390575193	0.995412844036697	-0.710359596231499	0.993710691823899	GSEA_Hallmark_fibroblast_nonDM_ED_vs_normal.tsv	True	Retained non-significant
HALLMARK_EPITHELIAL_MESENCHYMAL_TRANSITION	-1.82680100588832	8.67004960575131e-05	-1.80012745255415	8.35757104701844e-05	GSEA_Hallmark_fibroblast_nonDM_ED_vs_normal.tsv	True	Retained significant
HALLMARK_ESTROGEN_RESPONSE_EARLY	1.17505881408589	0.264957264957265	1.13802467965758	0.295383576673137	GSEA_Hallmark_fibroblast_nonDM_ED_vs_normal.tsv	True	Retained non-significant
HALLMARK_ESTROGEN_RESPONSE_LATE	1.49761907206881	0.0221204489708138	1.49420715454898	0.0163291275205613	GSEA_Hallmark_fibroblast_nonDM_ED_vs_normal.tsv	True	Retained significant
HALLMARK_FATTY_ACID_METABOLISM	1.4419855153369	0.0522082520818354	1.48411787888923	0.0239268765221466	GSEA_Hallmark_fibroblast_nonDM_ED_vs_normal.tsv	True	Gained significance
HALLMARK_G2M_CHECKPOINT	1.14716094785725	0.270949841765292	1.12825312767581	0.32411230388109	GSEA_Hallmark_fibroblast_nonDM_ED_vs_normal.tsv	True	Retained non-significant
HALLMARK_GLYCOLYSIS	1.06444458019105	0.429645542427497	1.09861366574677	0.349787086121491	GSEA_Hallmark_fibroblast_nonDM_ED_vs_normal.tsv	True	Retained non-significant
HALLMARK_HEDGEHOG_SIGNALING	1.50512955307609	0.093520990892064	1.53160000982768	0.0946792549691858	GSEA_Hallmark_fibroblast_nonDM_ED_vs_normal.tsv	True	Retained non-significant
HALLMARK_HEME_METABOLISM	1.20956736674862	0.208869814020029	1.19441230917083	0.24198250728863	GSEA_Hallmark_fibroblast_nonDM_ED_vs_normal.tsv	True	Retained non-significant
HALLMARK_HYPOXIA	1.75737815395189	0.0004418419365103	1.77412000462756	0.0005761927758014	GSEA_Hallmark_fibroblast_nonDM_ED_vs_normal.tsv	True	Retained significant
HALLMARK_IL2_STAT5_SIGNALING	1.35142211148942	0.0696578991629947	1.33745242427613	0.0946792549691858	GSEA_Hallmark_fibroblast_nonDM_ED_vs_normal.tsv	True	Retained non-significant
HALLMARK_IL6_JAK_STAT3_SIGNALING	1.1168140645988	0.349991139464824	1.13475867241551	0.349787086121491	GSEA_Hallmark_fibroblast_nonDM_ED_vs_normal.tsv	True	Retained non-significant
HALLMARK_INFLAMMATORY_RESPONSE	1.28444697156833	0.144508670520231	1.29306658367307	0.125805152979066	GSEA_Hallmark_fibroblast_nonDM_ED_vs_normal.tsv	True	Retained non-significant
HALLMARK_INTERFERON_ALPHA_RESPONSE	1.21069206165402	0.264957264957265	1.21522254869534	0.253428741800835	GSEA_Hallmark_fibroblast_nonDM_ED_vs_normal.tsv	True	Retained non-significant
HALLMARK_INTERFERON_GAMMA_RESPONSE	1.15694405185911	0.270949841765292	1.17986006144163	0.257276089403441	GSEA_Hallmark_fibroblast_nonDM_ED_vs_normal.tsv	True	Retained non-significant
HALLMARK_KRAS_SIGNALING_DN	1.72214340181121	0.0045786666722451	1.67781795805052	0.00919291346261	GSEA_Hallmark_fibroblast_nonDM_ED_vs_normal.tsv	True	Retained significant
HALLMARK_KRAS_SIGNALING_UP	1.16037212433838	0.270949841765292	1.15196462367333	0.29296875	GSEA_Hallmark_fibroblast_nonDM_ED_vs_normal.tsv	True	Retained non-significant
HALLMARK_MITOTIC_SPINDLE	0.91449315494173	0.745937023869985	0.902542275951136	0.828198502617107	GSEA_Hallmark_fibroblast_nonDM_ED_vs_normal.tsv	True	Retained non-significant
HALLMARK_MTORC1_SIGNALING	1.0175219044055	0.544116078096661	1.01612255771565	0.553571428571429	GSEA_Hallmark_fibroblast_nonDM_ED_vs_normal.tsv	True	Retained non-significant
HALLMARK_MYC_TARGETS_V1	-1.56819484158933	0.0045786666722451	-1.5136499104639	0.0055897029112951	GSEA_Hallmark_fibroblast_nonDM_ED_vs_normal.tsv	True	Retained significant
HALLMARK_MYC_TARGETS_V2	-1.35542985342525	0.174378051615903	-1.39612426332892	0.105830846482857	GSEA_Hallmark_fibroblast_nonDM_ED_vs_normal.tsv	True	Retained non-significant
HALLMARK_MYOGENESIS	1.74164411875095	0.0009931577978284	1.70039743506012	0.0013020846304985	GSEA_Hallmark_fibroblast_nonDM_ED_vs_normal.tsv	True	Retained significant
HALLMARK_NOTCH_SIGNALING	1.22667453523054	0.272420443587271	1.25778543280633	0.29296875	GSEA_Hallmark_fibroblast_nonDM_ED_vs_normal.tsv	True	Retained non-significant
HALLMARK_OXIDATIVE_PHOSPHORYLATION	-1.64863697267333	0.0026349870119245	-1.6039429401491	0.0014683206150604	GSEA_Hallmark_fibroblast_nonDM_ED_vs_normal.tsv	True	Retained significant
HALLMARK_P53_PATHWAY	-1.27010025474455	0.128245019831567	-1.20281359503827	0.202265372168285	GSEA_Hallmark_fibroblast_nonDM_ED_vs_normal.tsv	True	Retained non-significant
HALLMARK_PANCREAS_BETA_CELLS	-1.2150784060943	0.292682926829268	-1.26884065590117	0.29296875	GSEA_Hallmark_fibroblast_nonDM_ED_vs_normal.tsv	True	Retained non-significant
HALLMARK_PEROXISOME	0.989018756683885	0.613461538461539	1.01058721285995	0.561542824730573	GSEA_Hallmark_fibroblast_nonDM_ED_vs_normal.tsv	True	Retained non-significant
HALLMARK_PI3K_AKT_MTOR_SIGNALING	0.940902098871399	0.701793062904174	0.964725380320111	0.647321428571429	GSEA_Hallmark_fibroblast_nonDM_ED_vs_normal.tsv	True	Retained non-significant
HALLMARK_PROTEIN_SECRETION	0.604215989765604	0.995412844036697	0.647171650819404	0.993710691823899	GSEA_Hallmark_fibroblast_nonDM_ED_vs_normal.tsv	True	Retained non-significant
HALLMARK_REACTIVE_OXYGEN_SPECIES_PATHWAY	-1.4097492134428	0.0971303625502617	-1.40287449402605	0.125805152979066	GSEA_Hallmark_fibroblast_nonDM_ED_vs_normal.tsv	True	Retained non-significant
HALLMARK_SPERMATOGENESIS	0.761178672394494	0.938967136150235	0.723377565145713	0.979344115314321	GSEA_Hallmark_fibroblast_nonDM_ED_vs_normal.tsv	True	Retained non-significant
HALLMARK_TGF_BETA_SIGNALING	-0.760518650641962	0.94689407335577	-0.812729592462277	0.874534821903243	GSEA_Hallmark_fibroblast_nonDM_ED_vs_normal.tsv	True	Retained non-significant
HALLMARK_TNFA_SIGNALING_VIA_NFKB	2.30561085640992	3.4504595990762e-10	2.31137245779377	2.0133002213349e-10	GSEA_Hallmark_fibroblast_nonDM_ED_vs_normal.tsv	True	Retained significant
HALLMARK_UNFOLDED_PROTEIN_RESPONSE	0.656087677148651	0.995412844036697	0.70468740332564	0.993710691823899	GSEA_Hallmark_fibroblast_nonDM_ED_vs_normal.tsv	True	Retained non-significant
HALLMARK_UV_RESPONSE_DN	1.17616119873457	0.270949841765292	1.15315979271206	0.29296875	GSEA_Hallmark_fibroblast_nonDM_ED_vs_normal.tsv	True	Retained non-significant
HALLMARK_UV_RESPONSE_UP	1.41850929540804	0.0522082520818354	1.43308676383528	0.0314498108625243	GSEA_Hallmark_fibroblast_nonDM_ED_vs_normal.tsv	True	Gained significance
HALLMARK_WNT_BETA_CATENIN_SIGNALING	0.798654283305611	0.88197854155301	0.761956385440446	0.892106670741958	GSEA_Hallmark_fibroblast_nonDM_ED_vs_normal.tsv	True	Retained non-significant
HALLMARK_XENOBIOTIC_METABOLISM	1.51056458728772	0.0172481116846831	1.55618840599058	0.0070727977758869	GSEA_Hallmark_fibroblast_nonDM_ED_vs_normal.tsv	True	Retained significant
HALLMARK_ADIPOGENESIS	1.13206842250744	0.30983606557377	1.08024025968968	0.448952879581152	GSEA_Hallmark_macrophage_myeloid_DMED_vs_normal.tsv	True	Retained non-significant
HALLMARK_ALLOGRAFT_REJECTION	-1.28674828077628	0.0934642356241234	-1.29088399133172	0.10046836861334	GSEA_Hallmark_macrophage_myeloid_DMED_vs_normal.tsv	True	Retained non-significant
HALLMARK_ANDROGEN_RESPONSE	2.12771120320841	2.33273528330945e-06	2.11903606390097	4.27278949335345e-06	GSEA_Hallmark_macrophage_myeloid_DMED_vs_normal.tsv	True	Retained significant
HALLMARK_ANGIOGENESIS	1.58553102309051	0.0483113182848584	1.71775786788376	0.0170464786455216	GSEA_Hallmark_macrophage_myeloid_DMED_vs_normal.tsv	True	Retained significant
HALLMARK_APICAL_JUNCTION	1.38317179349615	0.0658348694395722	1.23542927690998	0.202758620689655	GSEA_Hallmark_macrophage_myeloid_DMED_vs_normal.tsv	True	Retained non-significant
HALLMARK_APICAL_SURFACE	1.02441421235678	0.544864250639179	1.18206822093774	0.357329391475733	GSEA_Hallmark_macrophage_myeloid_DMED_vs_normal.tsv	True	Retained non-significant
HALLMARK_APOPTOSIS	1.73370041542951	0.000860985764495	1.83138244587924	8.40372391608216e-05	GSEA_Hallmark_macrophage_myeloid_DMED_vs_normal.tsv	True	Retained significant
HALLMARK_BILE_ACID_METABOLISM	-1.23195647424633	0.191899894927882	0.771131213342967	0.886628813876583	GSEA_Hallmark_macrophage_myeloid_DMED_vs_normal.tsv	True	Retained non-significant
HALLMARK_CHOLESTEROL_HOMEOSTASIS	1.7912111978349	0.0027417346345059	1.79395054677087	0.0015470412710726	GSEA_Hallmark_macrophage_myeloid_DMED_vs_normal.tsv	True	Retained significant
HALLMARK_COAGULATION	1.22450032353954	0.268458781362007	1.47669158886679	0.0336604072153963	GSEA_Hallmark_macrophage_myeloid_DMED_vs_normal.tsv	True	Gained significance
HALLMARK_COMPLEMENT	1.44176361515885	0.0201730703099555	1.56821571668579	0.0028198663801593	GSEA_Hallmark_macrophage_myeloid_DMED_vs_normal.tsv	True	Retained significant
HALLMARK_DNA_REPAIR	-1.04349259414513	0.449074074074074	-1.15425928047134	0.219029374201788	GSEA_Hallmark_macrophage_myeloid_DMED_vs_normal.tsv	True	Retained non-significant
HALLMARK_E2F_TARGETS	-1.48660201563263	0.0084042519571977	-1.46614104417751	0.015922366969863	GSEA_Hallmark_macrophage_myeloid_DMED_vs_normal.tsv	True	Retained significant
HALLMARK_EPITHELIAL_MESENCHYMAL_TRANSITION	1.64706793793267	0.0022246025654484	2.23502031486279	1.96665530040129e-08	GSEA_Hallmark_macrophage_myeloid_DMED_vs_normal.tsv	True	Retained significant
HALLMARK_ESTROGEN_RESPONSE_EARLY	2.20476747170474	2.96265661946067e-08	2.24570401059662	3.42895799228454e-08	GSEA_Hallmark_macrophage_myeloid_DMED_vs_normal.tsv	True	Retained significant
HALLMARK_ESTROGEN_RESPONSE_LATE	1.77584128910558	0.000860985764495	1.74144183475947	0.0013585316641362	GSEA_Hallmark_macrophage_myeloid_DMED_vs_normal.tsv	True	Retained significant
HALLMARK_FATTY_ACID_METABOLISM	0.826871874475178	0.867455660099007	-1.00150308698781	0.585695006747638	GSEA_Hallmark_macrophage_myeloid_DMED_vs_normal.tsv	True	Retained non-significant
HALLMARK_G2M_CHECKPOINT	1.32286745588271	0.0934642356241234	1.19992114375189	0.240760521256142	GSEA_Hallmark_macrophage_myeloid_DMED_vs_normal.tsv	True	Retained non-significant
HALLMARK_GLYCOLYSIS	0.876906202122583	0.836395422759059	0.826623540396036	0.886628813876583	GSEA_Hallmark_macrophage_myeloid_DMED_vs_normal.tsv	True	Retained non-significant
HALLMARK_HEDGEHOG_SIGNALING	-0.778888163306485	0.86045066045066	0.666855873431342	0.904557509771078	GSEA_Hallmark_macrophage_myeloid_DMED_vs_normal.tsv	True	Retained non-significant
HALLMARK_HEME_METABOLISM	0.888423902639839	0.821672991469625	0.893792285686064	0.778798047589994	GSEA_Hallmark_macrophage_myeloid_DMED_vs_normal.tsv	True	Retained non-significant
HALLMARK_HYPOXIA	1.75503351662886	0.0005013094759124	1.70800820370547	0.0008842135941535	GSEA_Hallmark_macrophage_myeloid_DMED_vs_normal.tsv	True	Retained significant
HALLMARK_IL2_STAT5_SIGNALING	1.7586989317098	0.0001607101516155	1.68245619520361	0.0006316203796139	GSEA_Hallmark_macrophage_myeloid_DMED_vs_normal.tsv	True	Retained significant
HALLMARK_IL6_JAK_STAT3_SIGNALING	1.20865086683498	0.281820455113778	1.35880699406629	0.134920634920635	GSEA_Hallmark_macrophage_myeloid_DMED_vs_normal.tsv	True	Retained non-significant
HALLMARK_INFLAMMATORY_RESPONSE	2.1305697415079	4.2154900509095e-08	2.13752728592284	1.01076899616702e-07	GSEA_Hallmark_macrophage_myeloid_DMED_vs_normal.tsv	True	Retained significant
HALLMARK_INTERFERON_ALPHA_RESPONSE	-2.24894956255759	1.34772973384776e-06	-2.12425389501172	2.34904052907508e-05	GSEA_Hallmark_macrophage_myeloid_DMED_vs_normal.tsv	True	Retained significant
HALLMARK_INTERFERON_GAMMA_RESPONSE	-1.3528142745487	0.0264305512859193	-1.48277670601805	0.0083848992723819	GSEA_Hallmark_macrophage_myeloid_DMED_vs_normal.tsv	True	Retained significant
HALLMARK_KRAS_SIGNALING_DN	1.04306057808792	0.469114219114219	0.885572187540937	0.757246376811594	GSEA_Hallmark_macrophage_myeloid_DMED_vs_normal.tsv	True	Retained non-significant
HALLMARK_KRAS_SIGNALING_UP	1.1356603654964	0.307739938080495	1.32964566540504	0.0966959855660803	GSEA_Hallmark_macrophage_myeloid_DMED_vs_normal.tsv	True	Retained non-significant
HALLMARK_MITOTIC_SPINDLE	1.26355233247294	0.141632373113855	1.24714769010712	0.149082568807339	GSEA_Hallmark_macrophage_myeloid_DMED_vs_normal.tsv	True	Retained non-significant
HALLMARK_MTORC1_SIGNALING	1.98490595309909	1.34772973384776e-06	1.91271186716215	6.22604810409602e-06	GSEA_Hallmark_macrophage_myeloid_DMED_vs_normal.tsv	True	Retained significant
HALLMARK_MYC_TARGETS_V1	1.04259493628914	0.464001986097319	0.972128851660613	0.638103460680624	GSEA_Hallmark_macrophage_myeloid_DMED_vs_normal.tsv	True	Retained non-significant
HALLMARK_MYC_TARGETS_V2	0.994465518246164	0.544864250639179	0.87334034620497	0.778798047589994	GSEA_Hallmark_macrophage_myeloid_DMED_vs_normal.tsv	True	Retained non-significant
HALLMARK_MYOGENESIS	2.37882055604326	7.228980156672969e-11	2.21101672228091	7.88852306650808e-08	GSEA_Hallmark_macrophage_myeloid_DMED_vs_normal.tsv	True	Retained significant
HALLMARK_NOTCH_SIGNALING	1.48138049355565	0.0951898109288392	1.26618294680196	0.243493852459016	GSEA_Hallmark_macrophage_myeloid_DMED_vs_normal.tsv	True	Retained non-significant
HALLMARK_OXIDATIVE_PHOSPHORYLATION	0.762005215042484	0.964438122332859	-0.763724538179763	0.982832618025751	GSEA_Hallmark_macrophage_myeloid_DMED_vs_normal.tsv	True	Retained non-significant
HALLMARK_P53_PATHWAY	1.46974448367605	0.0228138506952435	1.27402987801265	0.127813011456628	GSEA_Hallmark_macrophage_myeloid_DMED_vs_normal.tsv	True	Lost significance
HALLMARK_PEROXISOME	0.795574081466216	0.867455660099007	0.986742746616312	0.621804202590229	GSEA_Hallmark_macrophage_myeloid_DMED_vs_normal.tsv	True	Retained non-significant
HALLMARK_PI3K_AKT_MTOR_SIGNALING	1.16017792966217	0.307739938080495	0.971808739892448	0.638103460680624	GSEA_Hallmark_macrophage_myeloid_DMED_vs_normal.tsv	True	Retained non-significant
HALLMARK_PROTEIN_SECRETION	1.34834455754893	0.118059057544685	1.54871304894153	0.0204624849436322	GSEA_Hallmark_macrophage_myeloid_DMED_vs_normal.tsv	True	Gained significance
HALLMARK_REACTIVE_OXYGEN_SPECIES_PATHWAY	1.06284308717228	0.464001986097319	1.07961464613297	0.464485981308411	GSEA_Hallmark_macrophage_myeloid_DMED_vs_normal.tsv	True	Retained non-significant
HALLMARK_SPERMATOGENESIS	0.912753920409764	0.704545454545455	1.04358710336678	0.52275960170697	GSEA_Hallmark_macrophage_myeloid_DMED_vs_normal.tsv	True	Retained non-significant
HALLMARK_TGF_BETA_SIGNALING	1.80179965522952	0.0027922567883786	1.71079659861779	0.0041322018076303	GSEA_Hallmark_macrophage_myeloid_DMED_vs_normal.tsv	True	Retained significant
HALLMARK_TNFA_SIGNALING_VIA_NFKB	3.06075818922921	2.76269880122368e-32	2.99910132158381	4.0169035449430296e-30	GSEA_Hallmark_macrophage_myeloid_DMED_vs_normal.tsv	True	Retained significant
HALLMARK_UNFOLDED_PROTEIN_RESPONSE	1.69496123919689	0.0022246025654484	1.63027684580133	0.0034091498897944	GSEA_Hallmark_macrophage_myeloid_DMED_vs_normal.tsv	True	Retained significant
HALLMARK_UV_RESPONSE_DN	1.74209393251492	0.0015071971355239	1.71493221660813	0.0015470412710726	GSEA_Hallmark_macrophage_myeloid_DMED_vs_normal.tsv	True	Retained significant
HALLMARK_UV_RESPONSE_UP	2.04489223901335	2.33273528330945e-06	1.88258846076699	3.74525936160352e-05	GSEA_Hallmark_macrophage_myeloid_DMED_vs_normal.tsv	True	Retained significant
HALLMARK_WNT_BETA_CATENIN_SIGNALING	1.20918802210456	0.289909638554217	1.06159733339013	0.511795425895912	GSEA_Hallmark_macrophage_myeloid_DMED_vs_normal.tsv	True	Retained non-significant
HALLMARK_XENOBIOTIC_METABOLISM	0.729916136339766	0.964438122332859	0.841954727829351	0.854381953970431	GSEA_Hallmark_macrophage_myeloid_DMED_vs_normal.tsv	True	Retained non-significant
HALLMARK_ADIPOGENESIS	-1.1567067610606	0.23728813559322	-1.19187335788386	0.282563338301043	GSEA_Hallmark_macrophage_myeloid_nonDM_ED_vs_normal.tsv	True	Retained non-significant
HALLMARK_ALLOGRAFT_REJECTION	1.10423003888756	0.396306685366994	1.04090361710718	0.528596030091544	GSEA_Hallmark_macrophage_myeloid_nonDM_ED_vs_normal.tsv	True	Retained non-significant
HALLMARK_ANDROGEN_RESPONSE	1.68126332447594	0.0157981208420476	1.75690626968843	0.0048748975117587	GSEA_Hallmark_macrophage_myeloid_nonDM_ED_vs_normal.tsv	True	Retained significant
HALLMARK_ANGIOGENESIS	1.06506640073066	0.515076071922545	1.04102933116497	0.561702127659575	GSEA_Hallmark_macrophage_myeloid_nonDM_ED_vs_normal.tsv	True	Retained non-significant
HALLMARK_APICAL_JUNCTION	-1.17630886341782	0.262032085561497	-1.24662430156108	0.282563338301043	GSEA_Hallmark_macrophage_myeloid_nonDM_ED_vs_normal.tsv	True	Retained non-significant
HALLMARK_APICAL_SURFACE	1.70170738424212	0.0500979293050132	1.6659951193965	0.036329431264357	GSEA_Hallmark_macrophage_myeloid_nonDM_ED_vs_normal.tsv	True	Gained significance
HALLMARK_APOPTOSIS	1.29073723789819	0.177793904208999	1.29303162655215	0.207548869471219	GSEA_Hallmark_macrophage_myeloid_nonDM_ED_vs_normal.tsv	True	Retained non-significant
HALLMARK_BILE_ACID_METABOLISM	-1.18980104130972	0.335067212156634	-1.03135296726517	0.565143824027073	GSEA_Hallmark_macrophage_myeloid_nonDM_ED_vs_normal.tsv	True	Retained non-significant
HALLMARK_CHOLESTEROL_HOMEOSTASIS	0.89219985545997	0.737526539278132	-1.12415089482482	0.450644906554356	GSEA_Hallmark_macrophage_myeloid_nonDM_ED_vs_normal.tsv	True	Retained non-significant
HALLMARK_COAGULATION	-1.46180960449857	0.0596827925610546	1.25860722854058	0.282563338301043	GSEA_Hallmark_macrophage_myeloid_nonDM_ED_vs_normal.tsv	True	Retained non-significant
HALLMARK_COMPLEMENT	-1.22902710407184	0.222430874651439	1.088188015257	0.456515344641632	GSEA_Hallmark_macrophage_myeloid_nonDM_ED_vs_normal.tsv	True	Retained non-significant
HALLMARK_DNA_REPAIR	-0.936934320751944	0.769367501110947	-1.04282573712901	0.524793388429752	GSEA_Hallmark_macrophage_myeloid_nonDM_ED_vs_normal.tsv	True	Retained non-significant
HALLMARK_E2F_TARGETS	-0.848652722260513	0.896819949668268	-0.704183551923379	0.98	GSEA_Hallmark_macrophage_myeloid_nonDM_ED_vs_normal.tsv	True	Retained non-significant
HALLMARK_EPITHELIAL_MESENCHYMAL_TRANSITION	1.14662634937983	0.335067212156634	1.74931524862933	0.0027744093152822	GSEA_Hallmark_macrophage_myeloid_nonDM_ED_vs_normal.tsv	True	Gained significance
HALLMARK_ESTROGEN_RESPONSE_EARLY	1.76199340674958	0.003702850322959	1.82925090769276	0.0015939319281526	GSEA_Hallmark_macrophage_myeloid_nonDM_ED_vs_normal.tsv	True	Retained significant
HALLMARK_ESTROGEN_RESPONSE_LATE	1.64387063070589	0.0107944520551163	1.39599363943394	0.128	GSEA_Hallmark_macrophage_myeloid_nonDM_ED_vs_normal.tsv	True	Lost significance
HALLMARK_FATTY_ACID_METABOLISM	-0.860805806420687	0.896819949668268	-0.970178267414919	0.674489352455454	GSEA_Hallmark_macrophage_myeloid_nonDM_ED_vs_normal.tsv	True	Retained non-significant
HALLMARK_G2M_CHECKPOINT	1.33005137714269	0.167729570037679	1.29580593698949	0.203703703703704	GSEA_Hallmark_macrophage_myeloid_nonDM_ED_vs_normal.tsv	True	Retained non-significant
HALLMARK_GLYCOLYSIS	-1.26541905570873	0.167729570037679	-1.5324778305084	0.0220151485754683	GSEA_Hallmark_macrophage_myeloid_nonDM_ED_vs_normal.tsv	True	Gained significance
HALLMARK_HEDGEHOG_SIGNALING	-1.34237043930458	0.263815522145469			GSEA_Hallmark_macrophage_myeloid_nonDM_ED_vs_normal.tsv	False	Incomplete estimate
HALLMARK_HEME_METABOLISM	-1.11950491851278	0.335067212156634	-1.11314904934509	0.414125200642055	GSEA_Hallmark_macrophage_myeloid_nonDM_ED_vs_normal.tsv	True	Retained non-significant
HALLMARK_HYPOXIA	1.48990957035252	0.049852892166496	1.22437665120519	0.282563338301043	GSEA_Hallmark_macrophage_myeloid_nonDM_ED_vs_normal.tsv	True	Lost significance
HALLMARK_IL2_STAT5_SIGNALING	1.2540934180356	0.222430874651439	1.4434627723148	0.0453342468914984	GSEA_Hallmark_macrophage_myeloid_nonDM_ED_vs_normal.tsv	True	Gained significance
HALLMARK_IL6_JAK_STAT3_SIGNALING	1.15021536808554	0.362106918238994	1.31141307186366	0.2334455667789	GSEA_Hallmark_macrophage_myeloid_nonDM_ED_vs_normal.tsv	True	Retained non-significant
HALLMARK_INFLAMMATORY_RESPONSE	1.5644964222916	0.0252271789955788	1.4711421617572	0.036329431264357	GSEA_Hallmark_macrophage_myeloid_nonDM_ED_vs_normal.tsv	True	Retained significant
HALLMARK_INTERFERON_ALPHA_RESPONSE	2.61682897881069	8.676002973927e-11	2.81190078093675	3.2814872659307e-15	GSEA_Hallmark_macrophage_myeloid_nonDM_ED_vs_normal.tsv	True	Retained significant
HALLMARK_INTERFERON_GAMMA_RESPONSE	2.35996800718678	8.676002973927e-11	2.4476945934811	1.27672410962398e-12	GSEA_Hallmark_macrophage_myeloid_nonDM_ED_vs_normal.tsv	True	Retained significant
HALLMARK_KRAS_SIGNALING_DN	1.43461379093558	0.187284422485317	1.21702913654186	0.357019064124783	GSEA_Hallmark_macrophage_myeloid_nonDM_ED_vs_normal.tsv	True	Retained non-significant
HALLMARK_KRAS_SIGNALING_UP	-1.11199520882386	0.335067212156634	-0.876637057732426	0.825483681844831	GSEA_Hallmark_macrophage_myeloid_nonDM_ED_vs_normal.tsv	True	Retained non-significant
HALLMARK_MITOTIC_SPINDLE	1.00214655389645	0.568874643874644	0.890832439552927	0.818804804362243	GSEA_Hallmark_macrophage_myeloid_nonDM_ED_vs_normal.tsv	True	Retained non-significant
HALLMARK_MTORC1_SIGNALING	1.0338300939361	0.515076071922545	0.885667183671786	0.825483681844831	GSEA_Hallmark_macrophage_myeloid_nonDM_ED_vs_normal.tsv	True	Retained non-significant
HALLMARK_MYC_TARGETS_V1	-0.809661489394799	0.942372881355932	-0.785764658474271	0.979526294660779	GSEA_Hallmark_macrophage_myeloid_nonDM_ED_vs_normal.tsv	True	Retained non-significant
HALLMARK_MYC_TARGETS_V2	-1.05110976980475	0.515076071922545	-0.85803131174929	0.808823529411765	GSEA_Hallmark_macrophage_myeloid_nonDM_ED_vs_normal.tsv	True	Retained non-significant
HALLMARK_MYOGENESIS	1.47958023312973	0.0535790471976713	1.58927723301722	0.0220151485754683	GSEA_Hallmark_macrophage_myeloid_nonDM_ED_vs_normal.tsv	True	Gained significance
HALLMARK_NOTCH_SIGNALING	1.22615536597988	0.335067212156634	1.16529414745802	0.456515344641632	GSEA_Hallmark_macrophage_myeloid_nonDM_ED_vs_normal.tsv	True	Retained non-significant
HALLMARK_OXIDATIVE_PHOSPHORYLATION	-1.642243407405	0.003702850322959	-1.82391891931957	0.0001149338226137	GSEA_Hallmark_macrophage_myeloid_nonDM_ED_vs_normal.tsv	True	Retained significant
HALLMARK_P53_PATHWAY	1.03313377968702	0.530833333333333	-0.995737550171631	0.61905471895035	GSEA_Hallmark_macrophage_myeloid_nonDM_ED_vs_normal.tsv	True	Retained non-significant
HALLMARK_PEROXISOME	0.74922342299191	0.928178078556263	0.751820074293295	0.922745238950773	GSEA_Hallmark_macrophage_myeloid_nonDM_ED_vs_normal.tsv	True	Retained non-significant
HALLMARK_PI3K_AKT_MTOR_SIGNALING	-1.00342218072637	0.568874643874644	-1.18018859046014	0.36734693877551	GSEA_Hallmark_macrophage_myeloid_nonDM_ED_vs_normal.tsv	True	Retained non-significant
HALLMARK_PROTEIN_SECRETION	-1.24368183927112	0.222430874651439	-1.48194611710703	0.0453342468914984	GSEA_Hallmark_macrophage_myeloid_nonDM_ED_vs_normal.tsv	True	Gained significance
HALLMARK_REACTIVE_OXYGEN_SPECIES_PATHWAY	-1.66749977655098	0.0371943620609887	-1.58303040115629	0.0318942992385444	GSEA_Hallmark_macrophage_myeloid_nonDM_ED_vs_normal.tsv	True	Retained significant
HALLMARK_SPERMATOGENESIS	-1.01429426307464	0.539806110458284	-1.07394670972248	0.511111111111111	GSEA_Hallmark_macrophage_myeloid_nonDM_ED_vs_normal.tsv	True	Retained non-significant
HALLMARK_TGF_BETA_SIGNALING	-0.788861668141965	0.896819949668268	1.15204312369591	0.414125200642055	GSEA_Hallmark_macrophage_myeloid_nonDM_ED_vs_normal.tsv	True	Retained non-significant
HALLMARK_TNFA_SIGNALING_VIA_NFKB	1.90304597058052	0.000195512607669	1.76940940899984	0.0004224270640983	GSEA_Hallmark_macrophage_myeloid_nonDM_ED_vs_normal.tsv	True	Retained significant
HALLMARK_UNFOLDED_PROTEIN_RESPONSE	0.811098931820845	0.896819949668268	0.78476143263146	0.906180344478217	GSEA_Hallmark_macrophage_myeloid_nonDM_ED_vs_normal.tsv	True	Retained non-significant
HALLMARK_UV_RESPONSE_DN	1.16293707024384	0.335067212156634	1.21462294918274	0.330702341137124	GSEA_Hallmark_macrophage_myeloid_nonDM_ED_vs_normal.tsv	True	Retained non-significant
HALLMARK_UV_RESPONSE_UP	1.05112392315981	0.515076071922545	-0.822046958801526	0.906180344478217	GSEA_Hallmark_macrophage_myeloid_nonDM_ED_vs_normal.tsv	True	Retained non-significant
HALLMARK_WNT_BETA_CATENIN_SIGNALING	-0.932407094534609	0.670080511484727	-1.2289297783253	0.368364030335861	GSEA_Hallmark_macrophage_myeloid_nonDM_ED_vs_normal.tsv	True	Retained non-significant
HALLMARK_XENOBIOTIC_METABOLISM	0.963159846550309	0.651900584795322	1.00244300685974	0.611439346323067	GSEA_Hallmark_macrophage_myeloid_nonDM_ED_vs_normal.tsv	True	Retained non-significant
HALLMARK_ADIPOGENESIS	1.23953552351083	0.198984771573604	1.24259724872845	0.188837209302326	GSEA_Hallmark_pericyte_DMED_vs_normal.tsv	True	Retained non-significant
HALLMARK_ALLOGRAFT_REJECTION	1.66417310547541	0.0106346401844305	1.59956014841759	0.024262059785212	GSEA_Hallmark_pericyte_DMED_vs_normal.tsv	True	Retained significant
HALLMARK_ANDROGEN_RESPONSE	1.90262325011613	0.001031397429412	1.92686845310725	0.000655392791282	GSEA_Hallmark_pericyte_DMED_vs_normal.tsv	True	Retained significant
HALLMARK_ANGIOGENESIS	-1.04449991377597	0.514067715784454	-1.16101021087876	0.389752127266001	GSEA_Hallmark_pericyte_DMED_vs_normal.tsv	True	Retained non-significant
HALLMARK_APICAL_JUNCTION	1.0974595797878	0.421306490510643	0.989802352607821	0.595486111111111	GSEA_Hallmark_pericyte_DMED_vs_normal.tsv	True	Retained non-significant
HALLMARK_APICAL_SURFACE	1.00428828009405	0.604691483936767	1.08506681647093	0.496511627906977	GSEA_Hallmark_pericyte_DMED_vs_normal.tsv	True	Retained non-significant
HALLMARK_APOPTOSIS	2.05894591523519	1.95161938946434e-05	2.06790239684252	3.03000991040002e-05	GSEA_Hallmark_pericyte_DMED_vs_normal.tsv	True	Retained significant
HALLMARK_BILE_ACID_METABOLISM	-0.932436163673559	0.681265206812652	-0.949410520857687	0.64420261835055	GSEA_Hallmark_pericyte_DMED_vs_normal.tsv	True	Retained non-significant
HALLMARK_CHOLESTEROL_HOMEOSTASIS	1.3266230376334	0.211403159431833	1.3330301334841	0.197663096397274	GSEA_Hallmark_pericyte_DMED_vs_normal.tsv	True	Retained non-significant
HALLMARK_COAGULATION	1.05934930236435	0.490972222222222	0.987786027576898	0.591681574239714	GSEA_Hallmark_pericyte_DMED_vs_normal.tsv	True	Retained non-significant
HALLMARK_COMPLEMENT	1.35975178752618	0.0973458359821996	1.31783531298515	0.153481934731935	GSEA_Hallmark_pericyte_DMED_vs_normal.tsv	True	Retained non-significant
HALLMARK_DNA_REPAIR	-0.957016527107084	0.681265206812652	-0.946101547146298	0.64420261835055	GSEA_Hallmark_pericyte_DMED_vs_normal.tsv	True	Retained non-significant
HALLMARK_E2F_TARGETS	0.955725870443922	0.681265206812652	0.969698187844	0.612936253561254	GSEA_Hallmark_pericyte_DMED_vs_normal.tsv	True	Retained non-significant
HALLMARK_EPITHELIAL_MESENCHYMAL_TRANSITION	1.4787440644242	0.0334939485730124	1.39502895299928	0.106586968909028	GSEA_Hallmark_pericyte_DMED_vs_normal.tsv	True	Lost significance
HALLMARK_ESTROGEN_RESPONSE_EARLY	2.12358647590789	2.12683204043051e-05	2.03996309724448	6.74009398841249e-05	GSEA_Hallmark_pericyte_DMED_vs_normal.tsv	True	Retained significant
HALLMARK_ESTROGEN_RESPONSE_LATE	1.66428225962852	0.0091937214808225	1.59155421983174	0.0198416898659265	GSEA_Hallmark_pericyte_DMED_vs_normal.tsv	True	Retained significant
HALLMARK_FATTY_ACID_METABOLISM	0.806148662600931	0.853989813242784	0.805128589645732	0.909433962264151	GSEA_Hallmark_pericyte_DMED_vs_normal.tsv	True	Retained non-significant
HALLMARK_G2M_CHECKPOINT	1.346028154197	0.101732531500573	1.37226482482337	0.117515085873433	GSEA_Hallmark_pericyte_DMED_vs_normal.tsv	True	Retained non-significant
HALLMARK_GLYCOLYSIS	0.965553348398147	0.681265206812652	0.99976453382633	0.595379995379996	GSEA_Hallmark_pericyte_DMED_vs_normal.tsv	True	Retained non-significant
HALLMARK_HEDGEHOG_SIGNALING	-0.754976366998964	0.837749094202898	-0.673448502321468	0.909433962264151	GSEA_Hallmark_pericyte_DMED_vs_normal.tsv	True	Retained non-significant
HALLMARK_HEME_METABOLISM	1.07356827020581	0.490972222222222	1.12004118121789	0.383677970774745	GSEA_Hallmark_pericyte_DMED_vs_normal.tsv	True	Retained non-significant
HALLMARK_HYPOXIA	2.18553137379766	6.82452027728895e-07	2.18140517426962	8.35511261624917e-07	GSEA_Hallmark_pericyte_DMED_vs_normal.tsv	True	Retained significant
HALLMARK_IL2_STAT5_SIGNALING	1.80149750408241	0.0011981026532316	1.70885124173154	0.0073804273015902	GSEA_Hallmark_pericyte_DMED_vs_normal.tsv	True	Retained significant
HALLMARK_IL6_JAK_STAT3_SIGNALING	1.73365542166514	0.0106346401844305	1.67235208555824	0.0307584722291023	GSEA_Hallmark_pericyte_DMED_vs_normal.tsv	True	Retained significant
HALLMARK_INFLAMMATORY_RESPONSE	2.1314085269792	4.73888909019902e-05	2.14344003039763	2.77603253970625e-05	GSEA_Hallmark_pericyte_DMED_vs_normal.tsv	True	Retained significant
HALLMARK_INTERFERON_ALPHA_RESPONSE	-1.153272639829	0.333352230852089	-1.11707480756619	0.389132706374086	GSEA_Hallmark_pericyte_DMED_vs_normal.tsv	True	Retained non-significant
HALLMARK_INTERFERON_GAMMA_RESPONSE	1.97513517101221	7.73749209505101e-05	1.95301051558081	0.0001366779462265	GSEA_Hallmark_pericyte_DMED_vs_normal.tsv	True	Retained significant
HALLMARK_KRAS_SIGNALING_DN	1.43883405325604	0.101732531500573	1.4656193819576	0.117515085873433	GSEA_Hallmark_pericyte_DMED_vs_normal.tsv	True	Retained non-significant
HALLMARK_KRAS_SIGNALING_UP	1.7090319858437	0.0055224810774806	1.64466956626772	0.0198416898659265	GSEA_Hallmark_pericyte_DMED_vs_normal.tsv	True	Retained significant
HALLMARK_MITOTIC_SPINDLE	1.15870001149277	0.316630441167832	1.15684735597823	0.299359689831405	GSEA_Hallmark_pericyte_DMED_vs_normal.tsv	True	Retained non-significant
HALLMARK_MTORC1_SIGNALING	1.65475405599919	0.0024830223214349	1.66698118357927	0.0073804273015902	GSEA_Hallmark_pericyte_DMED_vs_normal.tsv	True	Retained significant
HALLMARK_MYC_TARGETS_V1	0.919276712151181	0.702255766621438	0.970138575897866	0.639892313255917	GSEA_Hallmark_pericyte_DMED_vs_normal.tsv	True	Retained non-significant
HALLMARK_MYC_TARGETS_V2	1.31075887298321	0.211403159431833	1.34152315372403	0.212749161239392	GSEA_Hallmark_pericyte_DMED_vs_normal.tsv	True	Retained non-significant
HALLMARK_MYOGENESIS	1.44541663521416	0.0373235119520117	1.38729268990376	0.10644255885983	GSEA_Hallmark_pericyte_DMED_vs_normal.tsv	True	Lost significance
HALLMARK_NOTCH_SIGNALING	0.874835560756429	0.702255766621438	0.957126713590574	0.613666666666667	GSEA_Hallmark_pericyte_DMED_vs_normal.tsv	True	Retained non-significant
HALLMARK_OXIDATIVE_PHOSPHORYLATION	0.944864335796593	0.681265206812652	0.95300366897547	0.653137636663172	GSEA_Hallmark_pericyte_DMED_vs_normal.tsv	True	Retained non-significant
HALLMARK_P53_PATHWAY	1.58963836438541	0.0130483435927343	1.55841860645489	0.0217279181461596	GSEA_Hallmark_pericyte_DMED_vs_normal.tsv	True	Retained significant
HALLMARK_PEROXISOME	0.873443547800787	0.738626675966829	0.768242128527643	0.906369183829138	GSEA_Hallmark_pericyte_DMED_vs_normal.tsv	True	Retained non-significant
HALLMARK_PI3K_AKT_MTOR_SIGNALING	1.51121092929128	0.0397507714725088	1.49902541981195	0.0511720607494012	GSEA_Hallmark_pericyte_DMED_vs_normal.tsv	True	Lost significance
HALLMARK_PROTEIN_SECRETION	1.14565917369357	0.373096446700508	1.11205951125786	0.388888888888889	GSEA_Hallmark_pericyte_DMED_vs_normal.tsv	True	Retained non-significant
HALLMARK_REACTIVE_OXYGEN_SPECIES_PATHWAY	1.19332515407032	0.333352230852089	1.23384585936461	0.297872340425532	GSEA_Hallmark_pericyte_DMED_vs_normal.tsv	True	Retained non-significant
HALLMARK_SPERMATOGENESIS	0.856331376161729	0.738626675966829	0.803486695864718	0.843936731107205	GSEA_Hallmark_pericyte_DMED_vs_normal.tsv	True	Retained non-significant
HALLMARK_TGF_BETA_SIGNALING	1.789067412131	0.0095452908002404	1.68396995629526	0.0224337020052249	GSEA_Hallmark_pericyte_DMED_vs_normal.tsv	True	Retained significant
HALLMARK_TNFA_SIGNALING_VIA_NFKB	3.26804140970486	2.0498314663637e-33	3.23839231266215	9.37923629654152e-31	GSEA_Hallmark_pericyte_DMED_vs_normal.tsv	True	Retained significant
HALLMARK_UNFOLDED_PROTEIN_RESPONSE	1.78837881426978	0.0020479791879796	1.72077110577027	0.0073804273015902	GSEA_Hallmark_pericyte_DMED_vs_normal.tsv	True	Retained significant
HALLMARK_UV_RESPONSE_DN	1.18820979161475	0.302356020942408	1.15081371056743	0.339319248826291	GSEA_Hallmark_pericyte_DMED_vs_normal.tsv	True	Retained non-significant
HALLMARK_UV_RESPONSE_UP	2.45832346496319	9.32330051532554e-10	2.46661488228933	7.92208507221464e-10	GSEA_Hallmark_pericyte_DMED_vs_normal.tsv	True	Retained significant
HALLMARK_WNT_BETA_CATENIN_SIGNALING	0.756653823670627	0.837749094202898	0.671914839603351	0.909433962264151	GSEA_Hallmark_pericyte_DMED_vs_normal.tsv	True	Retained non-significant
HALLMARK_XENOBIOTIC_METABOLISM	1.77765241720462	0.001031397429412	1.75648023152694	0.0023586163455629	GSEA_Hallmark_pericyte_DMED_vs_normal.tsv	True	Retained significant
HALLMARK_ADIPOGENESIS	1.28370850420865	0.178913738019169	1.29164860438029	0.126782884310618	GSEA_Hallmark_pericyte_nonDM_ED_vs_normal.tsv	True	Retained non-significant
HALLMARK_ALLOGRAFT_REJECTION	-0.98898760737443	0.645588985211627	-1.05048150488945	0.47557003257329	GSEA_Hallmark_pericyte_nonDM_ED_vs_normal.tsv	True	Retained non-significant
HALLMARK_ANDROGEN_RESPONSE	1.71238470275596	0.0120180770377429	1.73865416917424	0.0221801546978438	GSEA_Hallmark_pericyte_nonDM_ED_vs_normal.tsv	True	Retained significant
HALLMARK_ANGIOGENESIS	-1.30836970351897	0.219318911972585	-1.24820242134821	0.290322580645161	GSEA_Hallmark_pericyte_nonDM_ED_vs_normal.tsv	True	Retained non-significant
HALLMARK_APICAL_JUNCTION	0.961465475981487	0.667816488444291	1.02823300114066	0.494459833795014	GSEA_Hallmark_pericyte_nonDM_ED_vs_normal.tsv	True	Retained non-significant
HALLMARK_APOPTOSIS	1.24470941494195	0.205128205128205	1.2405583181313	0.220347394540943	GSEA_Hallmark_pericyte_nonDM_ED_vs_normal.tsv	True	Retained non-significant
HALLMARK_BILE_ACID_METABOLISM	0.565779862211005	0.995081967213115	0.579159450865399	1.0	GSEA_Hallmark_pericyte_nonDM_ED_vs_normal.tsv	True	Retained non-significant
HALLMARK_CHOLESTEROL_HOMEOSTASIS	1.20222363315042	0.309110244594116	1.25812529601648	0.247723132969035	GSEA_Hallmark_pericyte_nonDM_ED_vs_normal.tsv	True	Retained non-significant
HALLMARK_COAGULATION	-1.25623761334891	0.205128205128205	-1.23307923815765	0.247723132969035	GSEA_Hallmark_pericyte_nonDM_ED_vs_normal.tsv	True	Retained non-significant
HALLMARK_COMPLEMENT	1.04702631266923	0.470995670995671	1.05547295153006	0.47557003257329	GSEA_Hallmark_pericyte_nonDM_ED_vs_normal.tsv	True	Retained non-significant
HALLMARK_DNA_REPAIR	-1.59705640070911	0.0187646426587856	-1.60045211257029	0.0186229763798924	GSEA_Hallmark_pericyte_nonDM_ED_vs_normal.tsv	True	Retained significant
HALLMARK_E2F_TARGETS	-0.953105665175237	0.676691729323308	-0.925838349103478	0.749614395886889	GSEA_Hallmark_pericyte_nonDM_ED_vs_normal.tsv	True	Retained non-significant
HALLMARK_EPITHELIAL_MESENCHYMAL_TRANSITION	-1.28888543906894	0.159590792838875	-1.32207824934948	0.0967584392679545	GSEA_Hallmark_pericyte_nonDM_ED_vs_normal.tsv	True	Retained non-significant
HALLMARK_ESTROGEN_RESPONSE_EARLY	1.62018729604209	0.0203284288925956	1.64170137466373	0.0211273581374455	GSEA_Hallmark_pericyte_nonDM_ED_vs_normal.tsv	True	Retained significant
HALLMARK_ESTROGEN_RESPONSE_LATE	1.47461267966927	0.043054344765101	1.47024370109689	0.072783397568988	GSEA_Hallmark_pericyte_nonDM_ED_vs_normal.tsv	True	Lost significance
HALLMARK_FATTY_ACID_METABOLISM	0.728999380518489	0.995081967213115	0.721914694867314	1.0	GSEA_Hallmark_pericyte_nonDM_ED_vs_normal.tsv	True	Retained non-significant
HALLMARK_G2M_CHECKPOINT	1.45538832917767	0.0528146700639448	1.45036511891777	0.0600412071537395	GSEA_Hallmark_pericyte_nonDM_ED_vs_normal.tsv	True	Retained non-significant
HALLMARK_GLYCOLYSIS	-1.064882108278	0.411020104244229	-1.05880428953637	0.441224585183454	GSEA_Hallmark_pericyte_nonDM_ED_vs_normal.tsv	True	Retained non-significant
HALLMARK_HEDGEHOG_SIGNALING	1.15383356291457	0.411020104244229	1.12131863315953	0.448720752241417	GSEA_Hallmark_pericyte_nonDM_ED_vs_normal.tsv	True	Retained non-significant
HALLMARK_HEME_METABOLISM	1.28573346964003	0.201342281879195	1.21135001886749	0.220347394540943	GSEA_Hallmark_pericyte_nonDM_ED_vs_normal.tsv	True	Retained non-significant
HALLMARK_HYPOXIA	1.73527732549104	0.0059327320675965	1.74343080598039	0.0031789076139869	GSEA_Hallmark_pericyte_nonDM_ED_vs_normal.tsv	True	Retained significant
HALLMARK_IL2_STAT5_SIGNALING	1.35495847225439	0.159590792838875	1.35183386011769	0.126782884310618	GSEA_Hallmark_pericyte_nonDM_ED_vs_normal.tsv	True	Retained non-significant
HALLMARK_IL6_JAK_STAT3_SIGNALING	-0.925785920470793	0.676691729323308	-0.847376563445263	0.856174334140436	GSEA_Hallmark_pericyte_nonDM_ED_vs_normal.tsv	True	Retained non-significant
HALLMARK_INFLAMMATORY_RESPONSE	2.06257093567442	0.0001804481617241	2.04501734713663	0.0005310936608326	GSEA_Hallmark_pericyte_nonDM_ED_vs_normal.tsv	True	Retained significant
HALLMARK_INTERFERON_ALPHA_RESPONSE	1.18594169105207	0.337370242214533	1.15752095031359	0.371794871794872	GSEA_Hallmark_pericyte_nonDM_ED_vs_normal.tsv	True	Retained non-significant
HALLMARK_INTERFERON_GAMMA_RESPONSE	1.53212268272746	0.041134498090032	1.510102893775	0.0330981518644362	GSEA_Hallmark_pericyte_nonDM_ED_vs_normal.tsv	True	Retained significant
HALLMARK_KRAS_SIGNALING_DN	1.98640483405448	0.0027180329024675	2.01977307378107	0.0031789076139869	GSEA_Hallmark_pericyte_nonDM_ED_vs_normal.tsv	True	Retained significant
HALLMARK_KRAS_SIGNALING_UP	1.56787583927011	0.0352817104943816	1.55583098908784	0.0600412071537395	GSEA_Hallmark_pericyte_nonDM_ED_vs_normal.tsv	True	Lost significance
HALLMARK_MITOTIC_SPINDLE	1.45446950034933	0.043054344765101	1.40021957071739	0.0658959517471064	GSEA_Hallmark_pericyte_nonDM_ED_vs_normal.tsv	True	Lost significance
HALLMARK_MTORC1_SIGNALING	0.676913564574091	0.995081967213115	-0.70755926268765	1.0	GSEA_Hallmark_pericyte_nonDM_ED_vs_normal.tsv	True	Retained non-significant
HALLMARK_MYC_TARGETS_V1	-1.47585239819569	0.0187646426587856	-1.51934104114736	0.0186229763798924	GSEA_Hallmark_pericyte_nonDM_ED_vs_normal.tsv	True	Retained significant
HALLMARK_MYC_TARGETS_V2	0.613865251344126	0.995081967213115	0.63254640508686	1.0	GSEA_Hallmark_pericyte_nonDM_ED_vs_normal.tsv	True	Retained non-significant
HALLMARK_MYOGENESIS	-1.24246393958367	0.205128205128205	-1.21232236790054	0.247723132969035	GSEA_Hallmark_pericyte_nonDM_ED_vs_normal.tsv	True	Retained non-significant
HALLMARK_NOTCH_SIGNALING	1.05466881566569	0.50125313283208	1.05698395622133	0.492828023554281	GSEA_Hallmark_pericyte_nonDM_ED_vs_normal.tsv	True	Retained non-significant
HALLMARK_OXIDATIVE_PHOSPHORYLATION	-1.44037784563769	0.0276727081957614	-1.42835293538532	0.0330981518644362	GSEA_Hallmark_pericyte_nonDM_ED_vs_normal.tsv	True	Retained significant
HALLMARK_P53_PATHWAY	1.34558548244613	0.159590792838875	1.34595934706777	0.0967584392679545	GSEA_Hallmark_pericyte_nonDM_ED_vs_normal.tsv	True	Retained non-significant
HALLMARK_PEROXISOME	-0.754217585134281	0.974207188160676	-0.730458571051641	1.0	GSEA_Hallmark_pericyte_nonDM_ED_vs_normal.tsv	True	Retained non-significant
HALLMARK_PI3K_AKT_MTOR_SIGNALING	0.92386597293566	0.676691729323308	0.85188227014882	0.856174334140436	GSEA_Hallmark_pericyte_nonDM_ED_vs_normal.tsv	True	Retained non-significant
HALLMARK_PROTEIN_SECRETION	0.80648136824022	0.920740389178927	0.779355678496686	1.0	GSEA_Hallmark_pericyte_nonDM_ED_vs_normal.tsv	True	Retained non-significant
HALLMARK_REACTIVE_OXYGEN_SPECIES_PATHWAY	-0.947450935900418	0.667816488444291	-0.90955566787808	0.737916950306331	GSEA_Hallmark_pericyte_nonDM_ED_vs_normal.tsv	True	Retained non-significant
HALLMARK_SPERMATOGENESIS	1.23726924942446	0.252477064220184	1.27713614118536	0.247723132969035	GSEA_Hallmark_pericyte_nonDM_ED_vs_normal.tsv	True	Retained non-significant
HALLMARK_TGF_BETA_SIGNALING	1.71255080556429	0.0187646426587856	1.73126242255304	0.0186229763798924	GSEA_Hallmark_pericyte_nonDM_ED_vs_normal.tsv	True	Retained significant
HALLMARK_TNFA_SIGNALING_VIA_NFKB	2.92159204940835	2.60000357852932e-18	2.90721213332251	6.5777780267225096e-18	GSEA_Hallmark_pericyte_nonDM_ED_vs_normal.tsv	True	Retained significant
HALLMARK_UNFOLDED_PROTEIN_RESPONSE	1.29375148540175	0.205128205128205	1.23921050473196	0.220347394540943	GSEA_Hallmark_pericyte_nonDM_ED_vs_normal.tsv	True	Retained non-significant
HALLMARK_UV_RESPONSE_DN	1.23196118188648	0.217142857142857	1.2394232780478	0.220347394540943	GSEA_Hallmark_pericyte_nonDM_ED_vs_normal.tsv	True	Retained non-significant
HALLMARK_UV_RESPONSE_UP	2.01686398645438	0.0001530020567916	2.054789330886	0.000154118878044	GSEA_Hallmark_pericyte_nonDM_ED_vs_normal.tsv	True	Retained significant
HALLMARK_WNT_BETA_CATENIN_SIGNALING	1.3675261936812	0.205128205128205	1.37534950039795	0.220347394540943	GSEA_Hallmark_pericyte_nonDM_ED_vs_normal.tsv	True	Retained non-significant
HALLMARK_XENOBIOTIC_METABOLISM	1.35281011524933	0.159590792838875	1.36223664007749	0.123636988065596	GSEA_Hallmark_pericyte_nonDM_ED_vs_normal.tsv	True	Retained non-significant
HALLMARK_ADIPOGENESIS	1.72076732123819	0.0004903117147172	1.71046423752485	0.0002724160940708	GSEA_Hallmark_smooth_muscle_DMED_vs_normal.tsv	True	Retained significant
HALLMARK_ALLOGRAFT_REJECTION	1.07365500003051	0.391001697792869	-1.08835187488321	0.399855142443264	GSEA_Hallmark_smooth_muscle_DMED_vs_normal.tsv	True	Retained non-significant
HALLMARK_ANDROGEN_RESPONSE	1.77184743589996	0.0021704975279488	1.72921840617965	0.0044590849000756	GSEA_Hallmark_smooth_muscle_DMED_vs_normal.tsv	True	Retained significant
HALLMARK_ANGIOGENESIS	-1.05637070683051	0.467764250138351	-1.0571274756071	0.44313446969697	GSEA_Hallmark_smooth_muscle_DMED_vs_normal.tsv	True	Retained non-significant
HALLMARK_APICAL_JUNCTION	1.08153642168814	0.374644381223329	1.06376021314174	0.390933267363473	GSEA_Hallmark_smooth_muscle_DMED_vs_normal.tsv	True	Retained non-significant
HALLMARK_APICAL_SURFACE	1.00152687475298	0.532209737827715	1.0237700415665	0.5012975346841	GSEA_Hallmark_smooth_muscle_DMED_vs_normal.tsv	True	Retained non-significant
HALLMARK_APOPTOSIS	1.86942013015973	6.42436713237374e-05	1.86239104491795	0.0001007952057134	GSEA_Hallmark_smooth_muscle_DMED_vs_normal.tsv	True	Retained significant
HALLMARK_BILE_ACID_METABOLISM	-1.16535237873286	0.255604883462819	-1.15431631429895	0.277263374485597	GSEA_Hallmark_smooth_muscle_DMED_vs_normal.tsv	True	Retained non-significant
HALLMARK_CHOLESTEROL_HOMEOSTASIS	1.54420836742614	0.0325421130628088	1.50115651112601	0.0479607888630105	GSEA_Hallmark_smooth_muscle_DMED_vs_normal.tsv	True	Retained significant
HALLMARK_COAGULATION	-1.36430425086362	0.0902212690481001	-1.37350167437079	0.111317637339942	GSEA_Hallmark_smooth_muscle_DMED_vs_normal.tsv	True	Retained non-significant
HALLMARK_COMPLEMENT	-1.26729067342479	0.138047612339766	-1.3109759154418	0.0881294964028777	GSEA_Hallmark_smooth_muscle_DMED_vs_normal.tsv	True	Retained non-significant
HALLMARK_DNA_REPAIR	-1.11793168432168	0.332220198340417	-1.12192280974173	0.268189806678383	GSEA_Hallmark_smooth_muscle_DMED_vs_normal.tsv	True	Retained non-significant
HALLMARK_E2F_TARGETS	-1.12387985473733	0.322101449275362	-1.13382050857078	0.268189806678383	GSEA_Hallmark_smooth_muscle_DMED_vs_normal.tsv	True	Retained non-significant
HALLMARK_EPITHELIAL_MESENCHYMAL_TRANSITION	1.21833870244861	0.138047612339766	1.21076767523581	0.144341085271318	GSEA_Hallmark_smooth_muscle_DMED_vs_normal.tsv	True	Retained non-significant
HALLMARK_ESTROGEN_RESPONSE_EARLY	2.12680576908119	7.76118423590043e-07	2.14809298058752	3.17022725976536e-07	GSEA_Hallmark_smooth_muscle_DMED_vs_normal.tsv	True	Retained significant
HALLMARK_ESTROGEN_RESPONSE_LATE	1.89262612396424	7.50757053066272e-05	1.8640777655739	0.000120143391186	GSEA_Hallmark_smooth_muscle_DMED_vs_normal.tsv	True	Retained significant
HALLMARK_FATTY_ACID_METABOLISM	1.33395260829013	0.0773554166274518	1.31995064250591	0.105575434379475	GSEA_Hallmark_smooth_muscle_DMED_vs_normal.tsv	True	Retained non-significant
HALLMARK_G2M_CHECKPOINT	1.41635193350933	0.0398913915526659	1.45550179978768	0.0225206125362755	GSEA_Hallmark_smooth_muscle_DMED_vs_normal.tsv	True	Retained significant
HALLMARK_GLYCOLYSIS	1.26638476117756	0.112527716186253	1.25412881332578	0.121527777777778	GSEA_Hallmark_smooth_muscle_DMED_vs_normal.tsv	True	Retained non-significant
HALLMARK_HEDGEHOG_SIGNALING	-1.38961114009476	0.138047612339766	-1.35583803567612	0.159541754597528	GSEA_Hallmark_smooth_muscle_DMED_vs_normal.tsv	True	Retained non-significant
HALLMARK_HEME_METABOLISM	1.44924421369052	0.0180547954592987	1.40126119948153	0.0458523035754658	GSEA_Hallmark_smooth_muscle_DMED_vs_normal.tsv	True	Retained significant
HALLMARK_HYPOXIA	2.00687984244871	3.32281559971304e-06	1.98122612864155	8.71233393161995e-06	GSEA_Hallmark_smooth_muscle_DMED_vs_normal.tsv	True	Retained significant
HALLMARK_IL2_STAT5_SIGNALING	2.00803735146306	8.65796303416324e-06	1.97580995795122	1.29397941076204e-05	GSEA_Hallmark_smooth_muscle_DMED_vs_normal.tsv	True	Retained significant
HALLMARK_IL6_JAK_STAT3_SIGNALING	1.24463402814661	0.176283381762834	1.21755433605182	0.250529991270732	GSEA_Hallmark_smooth_muscle_DMED_vs_normal.tsv	True	Retained non-significant
HALLMARK_INFLAMMATORY_RESPONSE	1.66310160876902	0.0080353454893773	1.6168823133225	0.0060460586470435	GSEA_Hallmark_smooth_muscle_DMED_vs_normal.tsv	True	Retained significant
HALLMARK_INTERFERON_ALPHA_RESPONSE	-2.6016812898056	6.13094532993673e-11	-2.5923278027606	4.1300527165828596e-11	GSEA_Hallmark_smooth_muscle_DMED_vs_normal.tsv	True	Retained significant
HALLMARK_INTERFERON_GAMMA_RESPONSE	-1.73338513041108	0.0007937135022027	-1.76510178747729	0.0002232077918789	GSEA_Hallmark_smooth_muscle_DMED_vs_normal.tsv	True	Retained significant
HALLMARK_KRAS_SIGNALING_DN	1.51390210467212	0.0669758696022751	1.48350086432503	0.0498582061735301	GSEA_Hallmark_smooth_muscle_DMED_vs_normal.tsv	True	Gained significance
HALLMARK_KRAS_SIGNALING_UP	-1.40350730820791	0.0617715486021999	-1.40524874544114	0.04512679186486	GSEA_Hallmark_smooth_muscle_DMED_vs_normal.tsv	True	Gained significance
HALLMARK_MITOTIC_SPINDLE	1.59020434230496	0.0028017918767327	1.53073045896955	0.0061423187158173	GSEA_Hallmark_smooth_muscle_DMED_vs_normal.tsv	True	Retained significant
HALLMARK_MTORC1_SIGNALING	1.83604026307043	4.36084922076008e-05	1.80508134292086	0.000120143391186	GSEA_Hallmark_smooth_muscle_DMED_vs_normal.tsv	True	Retained significant
HALLMARK_MYC_TARGETS_V1	-0.552534769884125	1.0	0.541294065135294	1.0	GSEA_Hallmark_smooth_muscle_DMED_vs_normal.tsv	True	Retained non-significant
HALLMARK_MYC_TARGETS_V2	-0.837108750756118	0.824564075230336	-0.763222118585975	0.92426234897674	GSEA_Hallmark_smooth_muscle_DMED_vs_normal.tsv	True	Retained non-significant
HALLMARK_MYOGENESIS	2.09550565542735	7.76118423590043e-07	2.09192709973855	8.30343857364021e-07	GSEA_Hallmark_smooth_muscle_DMED_vs_normal.tsv	True	Retained significant
HALLMARK_NOTCH_SIGNALING	-1.02663794151691	0.510662521346937	-1.02530061775348	0.478855721393035	GSEA_Hallmark_smooth_muscle_DMED_vs_normal.tsv	True	Retained non-significant
HALLMARK_OXIDATIVE_PHOSPHORYLATION	1.98463288590969	1.96557753557964e-06	1.98903572017764	3.58668358536534e-06	GSEA_Hallmark_smooth_muscle_DMED_vs_normal.tsv	True	Retained significant
HALLMARK_P53_PATHWAY	1.40637940326369	0.0372577281464107	1.4036310699104	0.0458523035754658	GSEA_Hallmark_smooth_muscle_DMED_vs_normal.tsv	True	Retained significant
HALLMARK_PEROXISOME	0.967294220556141	0.585038986354776	0.952795539751351	0.598528329654157	GSEA_Hallmark_smooth_muscle_DMED_vs_normal.tsv	True	Retained non-significant
HALLMARK_PI3K_AKT_MTOR_SIGNALING	1.65610263879311	0.0091978114506287	1.60773987807437	0.0077995786490842	GSEA_Hallmark_smooth_muscle_DMED_vs_normal.tsv	True	Retained significant
HALLMARK_PROTEIN_SECRETION	0.974374752565352	0.550907160779772	0.966159293585419	0.590153194920379	GSEA_Hallmark_smooth_muscle_DMED_vs_normal.tsv	True	Retained non-significant
HALLMARK_REACTIVE_OXYGEN_SPECIES_PATHWAY	-0.675361931752459	0.981013593380615	-0.721260629114669	0.941660947151682	GSEA_Hallmark_smooth_muscle_DMED_vs_normal.tsv	True	Retained non-significant
HALLMARK_SPERMATOGENESIS	-0.673009290931586	0.981013593380615	-0.635764190903011	0.999280230326295	GSEA_Hallmark_smooth_muscle_DMED_vs_normal.tsv	True	Retained non-significant
HALLMARK_TGF_BETA_SIGNALING	1.29221843871831	0.138558584686775	1.27003894674398	0.19747621564482	GSEA_Hallmark_smooth_muscle_DMED_vs_normal.tsv	True	Retained non-significant
HALLMARK_TNFA_SIGNALING_VIA_NFKB	2.9014361381503	3.2677674572195803e-21	2.87648114288526	7.66485111367677e-20	GSEA_Hallmark_smooth_muscle_DMED_vs_normal.tsv	True	Retained significant
HALLMARK_UNFOLDED_PROTEIN_RESPONSE	1.38743695097778	0.0669758696022751	1.40386499773143	0.0526520806230233	GSEA_Hallmark_smooth_muscle_DMED_vs_normal.tsv	True	Retained non-significant
HALLMARK_UV_RESPONSE_DN	1.00982272395446	0.510662521346937	1.03999932574453	0.44313446969697	GSEA_Hallmark_smooth_muscle_DMED_vs_normal.tsv	True	Retained non-significant
HALLMARK_UV_RESPONSE_UP	1.91279054164381	4.36084922076008e-05	1.92335127184444	7.70678918220697e-05	GSEA_Hallmark_smooth_muscle_DMED_vs_normal.tsv	True	Retained significant
HALLMARK_WNT_BETA_CATENIN_SIGNALING	-1.46604567527944	0.0958558972239631	-1.36472935211558	0.135298272651384	GSEA_Hallmark_smooth_muscle_DMED_vs_normal.tsv	True	Retained non-significant
HALLMARK_XENOBIOTIC_METABOLISM	-0.985963255980864	0.550048714364384	-1.02106304797626	0.477620421365504	GSEA_Hallmark_smooth_muscle_DMED_vs_normal.tsv	True	Retained non-significant
HALLMARK_ADIPOGENESIS	1.40741623254111	0.0237959607877305	1.40658949096834	0.0337944750284627	GSEA_Hallmark_smooth_muscle_nonDM_ED_vs_normal.tsv	True	Retained significant
HALLMARK_ALLOGRAFT_REJECTION	-1.71982111514599	0.0084592763973087	-1.70124109039719	0.0124215506479902	GSEA_Hallmark_smooth_muscle_nonDM_ED_vs_normal.tsv	True	Retained significant
HALLMARK_ANDROGEN_RESPONSE	1.49894608574346	0.0239359226002268	1.46259024301422	0.0415964498296209	GSEA_Hallmark_smooth_muscle_nonDM_ED_vs_normal.tsv	True	Retained significant
HALLMARK_ANGIOGENESIS	-1.8640772749705	0.0084592763973087	-1.86512800605365	0.0113651701857835	GSEA_Hallmark_smooth_muscle_nonDM_ED_vs_normal.tsv	True	Retained significant
HALLMARK_APICAL_JUNCTION	-1.35489147520112	0.0465936807693108	-1.33134245736331	0.0806991958736773	GSEA_Hallmark_smooth_muscle_nonDM_ED_vs_normal.tsv	True	Lost significance
HALLMARK_APICAL_SURFACE	1.15922486564841	0.321311475409836	1.10406185123029	0.379989154013015	GSEA_Hallmark_smooth_muscle_nonDM_ED_vs_normal.tsv	True	Retained non-significant
HALLMARK_APOPTOSIS	1.17414088643639	0.200454545454545	1.20215658711032	0.151533096460061	GSEA_Hallmark_smooth_muscle_nonDM_ED_vs_normal.tsv	True	Retained non-significant
HALLMARK_BILE_ACID_METABOLISM	-0.871253290694726	0.733195211786372	-0.95368740845192	0.566812923813323	GSEA_Hallmark_smooth_muscle_nonDM_ED_vs_normal.tsv	True	Retained non-significant
HALLMARK_CHOLESTEROL_HOMEOSTASIS	1.56557112873644	0.0237959607877305	1.53122611462992	0.0346675014402909	GSEA_Hallmark_smooth_muscle_nonDM_ED_vs_normal.tsv	True	Retained significant
HALLMARK_COAGULATION	-1.82362780309055	0.003901298302263	-1.80559381467297	0.0077032128344051	GSEA_Hallmark_smooth_muscle_nonDM_ED_vs_normal.tsv	True	Retained significant
HALLMARK_COMPLEMENT	-1.55433437499603	0.0136774740293259	-1.56950121230222	0.0306917277755239	GSEA_Hallmark_smooth_muscle_nonDM_ED_vs_normal.tsv	True	Retained significant
HALLMARK_DNA_REPAIR	-1.28702977544277	0.104072963518241	-1.24024187559989	0.142028985507246	GSEA_Hallmark_smooth_muscle_nonDM_ED_vs_normal.tsv	True	Retained non-significant
HALLMARK_E2F_TARGETS	-1.21612137846638	0.172627308636703	-1.24667862386504	0.129146851544147	GSEA_Hallmark_smooth_muscle_nonDM_ED_vs_normal.tsv	True	Retained non-significant
HALLMARK_EPITHELIAL_MESENCHYMAL_TRANSITION	-1.66482034757312	0.003901298302263	-1.64553105154611	0.0074862420590549	GSEA_Hallmark_smooth_muscle_nonDM_ED_vs_normal.tsv	True	Retained significant
HALLMARK_ESTROGEN_RESPONSE_EARLY	1.75029949815601	0.003901298302263	1.74299118899112	0.0077032128344051	GSEA_Hallmark_smooth_muscle_nonDM_ED_vs_normal.tsv	True	Retained significant
HALLMARK_ESTROGEN_RESPONSE_LATE	1.74302165591052	0.003901298302263	1.72175440635091	0.0082842772141586	GSEA_Hallmark_smooth_muscle_nonDM_ED_vs_normal.tsv	True	Retained significant
HALLMARK_FATTY_ACID_METABOLISM	1.36756388551821	0.0364935582804074	1.34334709277768	0.0777367147218332	GSEA_Hallmark_smooth_muscle_nonDM_ED_vs_normal.tsv	True	Lost significance
HALLMARK_G2M_CHECKPOINT	1.002335784602	0.488400068740333	1.03096341508509	0.439024390243902	GSEA_Hallmark_smooth_muscle_nonDM_ED_vs_normal.tsv	True	Retained non-significant
HALLMARK_GLYCOLYSIS	1.35405146368558	0.0503676648618671	1.35303892258746	0.0838749545818488	GSEA_Hallmark_smooth_muscle_nonDM_ED_vs_normal.tsv	True	Retained non-significant
HALLMARK_HEDGEHOG_SIGNALING	-1.60277833462027	0.0468523691341153	-1.63101167344245	0.0375216126738939	GSEA_Hallmark_smooth_muscle_nonDM_ED_vs_normal.tsv	True	Retained significant
HALLMARK_HEME_METABOLISM	1.57218235455769	0.0110719345913912	1.55326458488674	0.0235198895695207	GSEA_Hallmark_smooth_muscle_nonDM_ED_vs_normal.tsv	True	Retained significant
HALLMARK_HYPOXIA	1.93996486080161	9.64143625877672e-05	1.97769114665125	0.0002310785499297	GSEA_Hallmark_smooth_muscle_nonDM_ED_vs_normal.tsv	True	Retained significant
HALLMARK_IL2_STAT5_SIGNALING	1.64086585625039	0.0047270074809402	1.63870076797624	0.0077032128344051	GSEA_Hallmark_smooth_muscle_nonDM_ED_vs_normal.tsv	True	Retained significant
HALLMARK_IL6_JAK_STAT3_SIGNALING	-1.37332606680779	0.117958594126143	-1.30617000209529	0.165789473684211	GSEA_Hallmark_smooth_muscle_nonDM_ED_vs_normal.tsv	True	Retained non-significant
HALLMARK_INFLAMMATORY_RESPONSE	1.07319927089707	0.37443734952371	1.01967855697458	0.504427138894816	GSEA_Hallmark_smooth_muscle_nonDM_ED_vs_normal.tsv	True	Retained non-significant
HALLMARK_INTERFERON_ALPHA_RESPONSE	-1.7078649965374	0.0101718273162762	-1.76170572513737	0.0113651701857835	GSEA_Hallmark_smooth_muscle_nonDM_ED_vs_normal.tsv	True	Retained significant
HALLMARK_INTERFERON_GAMMA_RESPONSE	-1.32092574320064	0.0879712746858169	-1.34322755130432	0.0916664875495279	GSEA_Hallmark_smooth_muscle_nonDM_ED_vs_normal.tsv	True	Retained non-significant
HALLMARK_KRAS_SIGNALING_DN	1.36642411478357	0.106753812636166	1.40942649199967	0.0976394849785408	GSEA_Hallmark_smooth_muscle_nonDM_ED_vs_normal.tsv	True	Retained non-significant
HALLMARK_KRAS_SIGNALING_UP	-1.52024314972778	0.0237959607877305	-1.49061066887586	0.0360265848469903	GSEA_Hallmark_smooth_muscle_nonDM_ED_vs_normal.tsv	True	Retained significant
HALLMARK_MITOTIC_SPINDLE	1.34984095041465	0.0569532091459507	1.34997941655104	0.0616919529187193	GSEA_Hallmark_smooth_muscle_nonDM_ED_vs_normal.tsv	True	Retained non-significant
HALLMARK_MTORC1_SIGNALING	1.34216462294766	0.0507740558324614	1.32600283736057	0.0916664875495279	GSEA_Hallmark_smooth_muscle_nonDM_ED_vs_normal.tsv	True	Retained non-significant
HALLMARK_MYC_TARGETS_V1	-1.21042760482598	0.122608985765125	-1.19865010433994	0.142028985507246	GSEA_Hallmark_smooth_muscle_nonDM_ED_vs_normal.tsv	True	Retained non-significant
HALLMARK_MYC_TARGETS_V2	-1.66630687791417	0.0239359226002268	-1.63418123065229	0.0346675014402909	GSEA_Hallmark_smooth_muscle_nonDM_ED_vs_normal.tsv	True	Retained significant
HALLMARK_MYOGENESIS	1.467557155324	0.0237959607877305	1.49376634863933	0.0337944750284627	GSEA_Hallmark_smooth_muscle_nonDM_ED_vs_normal.tsv	True	Retained significant
HALLMARK_NOTCH_SIGNALING	-1.28430442605241	0.215621562156216	-1.31460355515443	0.185721703011423	GSEA_Hallmark_smooth_muscle_nonDM_ED_vs_normal.tsv	True	Retained non-significant
HALLMARK_OXIDATIVE_PHOSPHORYLATION	1.20105348430775	0.161616161616162	1.21986864910193	0.109429280397022	GSEA_Hallmark_smooth_muscle_nonDM_ED_vs_normal.tsv	True	Retained non-significant
HALLMARK_P53_PATHWAY	1.00315553011617	0.492592592592593	0.978343189884427	0.566812923813323	GSEA_Hallmark_smooth_muscle_nonDM_ED_vs_normal.tsv	True	Retained non-significant
HALLMARK_PEROXISOME	1.0047024946137	0.488197424892704	0.927984861583022	0.61015785861359	GSEA_Hallmark_smooth_muscle_nonDM_ED_vs_normal.tsv	True	Retained non-significant
HALLMARK_PI3K_AKT_MTOR_SIGNALING	1.36634865885974	0.0602657983174733	1.32986240359643	0.102403343782654	GSEA_Hallmark_smooth_muscle_nonDM_ED_vs_normal.tsv	True	Retained non-significant
HALLMARK_PROTEIN_SECRETION	1.11399678640981	0.297068802491796	1.11735575042642	0.268414918414918	GSEA_Hallmark_smooth_muscle_nonDM_ED_vs_normal.tsv	True	Retained non-significant
HALLMARK_REACTIVE_OXYGEN_SPECIES_PATHWAY	-1.19465619085298	0.243567251461988	-1.18494149036398	0.268414918414918	GSEA_Hallmark_smooth_muscle_nonDM_ED_vs_normal.tsv	True	Retained non-significant
HALLMARK_SPERMATOGENESIS	-0.779967802902914	0.861940298507463	-0.824550758139306	0.778195488721805	GSEA_Hallmark_smooth_muscle_nonDM_ED_vs_normal.tsv	True	Retained non-significant
HALLMARK_TGF_BETA_SIGNALING	0.882437772564231	0.706245710363761	0.974648958133469	0.53346377684126	GSEA_Hallmark_smooth_muscle_nonDM_ED_vs_normal.tsv	True	Retained non-significant
HALLMARK_TNFA_SIGNALING_VIA_NFKB	1.94714892343565	0.0001073753550964	1.95162609921552	0.0002310785499297	GSEA_Hallmark_smooth_muscle_nonDM_ED_vs_normal.tsv	True	Retained significant
HALLMARK_UNFOLDED_PROTEIN_RESPONSE	0.930001402985745	0.640522875816994	0.887007722732464	0.748292349726776	GSEA_Hallmark_smooth_muscle_nonDM_ED_vs_normal.tsv	True	Retained non-significant
HALLMARK_UV_RESPONSE_DN	1.15166875332819	0.243567251461988	1.11937537826177	0.268414918414918	GSEA_Hallmark_smooth_muscle_nonDM_ED_vs_normal.tsv	True	Retained non-significant
HALLMARK_UV_RESPONSE_UP	1.51492609580335	0.014486435344772	1.50629543325047	0.0338199405745251	GSEA_Hallmark_smooth_muscle_nonDM_ED_vs_normal.tsv	True	Retained significant
HALLMARK_WNT_BETA_CATENIN_SIGNALING	-1.02096959464881	0.488400068740333	-1.01889638557951	0.493081761006289	GSEA_Hallmark_smooth_muscle_nonDM_ED_vs_normal.tsv	True	Retained non-significant
HALLMARK_XENOBIOTIC_METABOLISM	-1.33579184627832	0.0771542628024389	-1.34427955107319	0.0919737660143804	GSEA_Hallmark_smooth_muscle_nonDM_ED_vs_normal.tsv	True	Retained non-significant
HALLMARK_ADIPOGENESIS	1.2869268002118	0.156655062587956	1.1183646194921	0.32822833275322	GSEA_Hallmark_T_cell_DMED_vs_normal.tsv	True	Retained non-significant
HALLMARK_ALLOGRAFT_REJECTION	1.25076222618499	0.18578278900985	1.25243468811595	0.188216039279869	GSEA_Hallmark_T_cell_DMED_vs_normal.tsv	True	Retained non-significant
HALLMARK_ANDROGEN_RESPONSE	1.95871895087225	0.000381545383381	1.70862634599987	0.0068559790127143	GSEA_Hallmark_T_cell_DMED_vs_normal.tsv	True	Retained significant
HALLMARK_APICAL_JUNCTION	0.9840547642091	0.654322111010009	1.3061172175782	0.188216039279869	GSEA_Hallmark_T_cell_DMED_vs_normal.tsv	True	Retained non-significant
HALLMARK_APICAL_SURFACE	0.986524530195952	0.654322111010009	1.26901030140865	0.2773606370876	GSEA_Hallmark_T_cell_DMED_vs_normal.tsv	True	Retained non-significant
HALLMARK_APOPTOSIS	1.79961863868276	0.0013596977364211	1.80070021707432	0.0004723275117494	GSEA_Hallmark_T_cell_DMED_vs_normal.tsv	True	Retained significant
HALLMARK_BILE_ACID_METABOLISM	-1.56622754194532	0.0331797646138788	-1.68628683260588	0.032111452457496	GSEA_Hallmark_T_cell_DMED_vs_normal.tsv	True	Retained significant
HALLMARK_CHOLESTEROL_HOMEOSTASIS	1.443324228197	0.156299876934278	1.57642334390336	0.0558856846700223	GSEA_Hallmark_T_cell_DMED_vs_normal.tsv	True	Retained non-significant
HALLMARK_COAGULATION	0.937080515791222	0.676559123186169	1.19665631124945	0.287352790578597	GSEA_Hallmark_T_cell_DMED_vs_normal.tsv	True	Retained non-significant
HALLMARK_COMPLEMENT	1.16199934568743	0.322600446428571	1.27771619754119	0.173466864490603	GSEA_Hallmark_T_cell_DMED_vs_normal.tsv	True	Retained non-significant
HALLMARK_DNA_REPAIR	1.21851009339871	0.237248341844221	1.14496226790029	0.297814944699218	GSEA_Hallmark_T_cell_DMED_vs_normal.tsv	True	Retained non-significant
HALLMARK_E2F_TARGETS	0.93212803213893	0.676559123186169	0.789206388003181	0.930501148183169	GSEA_Hallmark_T_cell_DMED_vs_normal.tsv	True	Retained non-significant
HALLMARK_EPITHELIAL_MESENCHYMAL_TRANSITION	1.77787973619121	0.0015624086453443	1.89459636840477	0.0005991467797325	GSEA_Hallmark_T_cell_DMED_vs_normal.tsv	True	Retained significant
HALLMARK_ESTROGEN_RESPONSE_EARLY	2.15684920117812	1.33519012437504e-06	2.09137362188989	2.33033689050659e-05	GSEA_Hallmark_T_cell_DMED_vs_normal.tsv	True	Retained significant
HALLMARK_ESTROGEN_RESPONSE_LATE	1.78199643435928	0.0024289507095609	1.89129267716227	0.0006669928444524	GSEA_Hallmark_T_cell_DMED_vs_normal.tsv	True	Retained significant
HALLMARK_FATTY_ACID_METABOLISM	0.899092640467873	0.733988108677655	0.820698864238393	0.909832317073171	GSEA_Hallmark_T_cell_DMED_vs_normal.tsv	True	Retained non-significant
HALLMARK_G2M_CHECKPOINT	1.93792645954291	3.38896301037548e-05	1.98972887085201	4.66838223866074e-05	GSEA_Hallmark_T_cell_DMED_vs_normal.tsv	True	Retained significant
HALLMARK_GLYCOLYSIS	0.930396438300926	0.682778658214474	-0.741182278091274	0.967551622418879	GSEA_Hallmark_T_cell_DMED_vs_normal.tsv	True	Retained non-significant
HALLMARK_HEME_METABOLISM	1.34502342177782	0.113687546918008	1.49833568239196	0.0234305091616464	GSEA_Hallmark_T_cell_DMED_vs_normal.tsv	True	Gained significance
HALLMARK_HYPOXIA	2.28236609106984	3.82352347279019e-08	2.09786078981629	4.33081729748192e-06	GSEA_Hallmark_T_cell_DMED_vs_normal.tsv	True	Retained significant
HALLMARK_IL2_STAT5_SIGNALING	1.87182724084973	7.37309316899906e-05	1.92682112678873	8.51509310288079e-05	GSEA_Hallmark_T_cell_DMED_vs_normal.tsv	True	Retained significant
HALLMARK_IL6_JAK_STAT3_SIGNALING	1.1784568093484	0.331669535283993	1.43025978301314	0.110047846889952	GSEA_Hallmark_T_cell_DMED_vs_normal.tsv	True	Retained non-significant
HALLMARK_INFLAMMATORY_RESPONSE	2.13423479122155	8.85189365507399e-06	1.94803392081177	0.0002649439932896	GSEA_Hallmark_T_cell_DMED_vs_normal.tsv	True	Retained significant
HALLMARK_INTERFERON_ALPHA_RESPONSE	-1.59358524985113	0.0139297857991801	-1.40174667052299	0.0868284979083996	GSEA_Hallmark_T_cell_DMED_vs_normal.tsv	True	Lost significance
HALLMARK_INTERFERON_GAMMA_RESPONSE	1.28025388789778	0.156299876934278	1.32692116502	0.113005780346821	GSEA_Hallmark_T_cell_DMED_vs_normal.tsv	True	Retained non-significant
HALLMARK_KRAS_SIGNALING_DN	1.15841279424766	0.376363016810541	1.22430350570801	0.287996545768567	GSEA_Hallmark_T_cell_DMED_vs_normal.tsv	True	Retained non-significant
HALLMARK_KRAS_SIGNALING_UP	1.41772124923612	0.0938301892834207	1.36121259151754	0.125927526835242	GSEA_Hallmark_T_cell_DMED_vs_normal.tsv	True	Retained non-significant
HALLMARK_MITOTIC_SPINDLE	1.70262964568014	0.0024419460287248	1.66828741244525	0.0022133425996605	GSEA_Hallmark_T_cell_DMED_vs_normal.tsv	True	Retained significant
HALLMARK_MTORC1_SIGNALING	1.67260257609126	0.0024289507095609	1.39090729610545	0.0716672112303102	GSEA_Hallmark_T_cell_DMED_vs_normal.tsv	True	Lost significance
HALLMARK_MYC_TARGETS_V1	0.954881457807116	0.676559123186169	0.853549061922892	0.910327767470625	GSEA_Hallmark_T_cell_DMED_vs_normal.tsv	True	Retained non-significant
HALLMARK_MYC_TARGETS_V2	1.36930783385814	0.156655062587956	1.34565817879541	0.188216039279869	GSEA_Hallmark_T_cell_DMED_vs_normal.tsv	True	Retained non-significant
HALLMARK_MYOGENESIS	1.80458379657099	0.0015624086453443	1.8035775500168	0.0022133425996605	GSEA_Hallmark_T_cell_DMED_vs_normal.tsv	True	Retained significant
HALLMARK_NOTCH_SIGNALING	0.971781133883362	0.656268568033274			GSEA_Hallmark_T_cell_DMED_vs_normal.tsv	False	Incomplete estimate
HALLMARK_OXIDATIVE_PHOSPHORYLATION	-0.995258270130208	0.610979358805446	-1.05361903369457	0.461538461538462	GSEA_Hallmark_T_cell_DMED_vs_normal.tsv	True	Retained non-significant
HALLMARK_P53_PATHWAY	-1.17309506736639	0.199227029048747	-1.23369166724254	0.157885676779105	GSEA_Hallmark_T_cell_DMED_vs_normal.tsv	True	Retained non-significant
HALLMARK_PEROXISOME	0.952020384141338	0.676559123186169	0.952304840861112	0.676874520174017	GSEA_Hallmark_T_cell_DMED_vs_normal.tsv	True	Retained non-significant
HALLMARK_PI3K_AKT_MTOR_SIGNALING	0.864496441867725	0.757147178944184	0.765608201178001	0.928571428571428	GSEA_Hallmark_T_cell_DMED_vs_normal.tsv	True	Retained non-significant
HALLMARK_PROTEIN_SECRETION	1.16567421992032	0.329944962372234	0.865841276601305	0.837345860246624	GSEA_Hallmark_T_cell_DMED_vs_normal.tsv	True	Retained non-significant
HALLMARK_REACTIVE_OXYGEN_SPECIES_PATHWAY	0.682003224628198	0.93598615916955	0.770860942595214	0.910327767470625	GSEA_Hallmark_T_cell_DMED_vs_normal.tsv	True	Retained non-significant
HALLMARK_SPERMATOGENESIS	-0.745252288185067	0.898933946488294	0.636468274359626	0.967551622418879	GSEA_Hallmark_T_cell_DMED_vs_normal.tsv	True	Retained non-significant
HALLMARK_TGF_BETA_SIGNALING	-0.825689618890473	0.793978150812683	0.970713996398975	0.646067415730337	GSEA_Hallmark_T_cell_DMED_vs_normal.tsv	True	Retained non-significant
HALLMARK_TNFA_SIGNALING_VIA_NFKB	3.01120114585166	5.647760345328229e-26	2.97644088957034	3.38417710902948e-25	GSEA_Hallmark_T_cell_DMED_vs_normal.tsv	True	Retained significant
HALLMARK_UNFOLDED_PROTEIN_RESPONSE	1.27117839078891	0.199227029048747	1.26811887103038	0.188216039279869	GSEA_Hallmark_T_cell_DMED_vs_normal.tsv	True	Retained non-significant
HALLMARK_UV_RESPONSE_DN	1.65259958969948	0.0077526123327723	1.54799855196171	0.032111452457496	GSEA_Hallmark_T_cell_DMED_vs_normal.tsv	True	Retained significant
HALLMARK_UV_RESPONSE_UP	1.49267776401332	0.0450373710903389	1.33126311512056	0.152993348115299	GSEA_Hallmark_T_cell_DMED_vs_normal.tsv	True	Lost significance
HALLMARK_WNT_BETA_CATENIN_SIGNALING	1.13438663662037	0.456182675044883	1.25351312770088	0.2773606370876	GSEA_Hallmark_T_cell_DMED_vs_normal.tsv	True	Retained non-significant
HALLMARK_XENOBIOTIC_METABOLISM	0.934673256372364	0.676559123186169	0.96884823149191	0.647805371674326	GSEA_Hallmark_T_cell_DMED_vs_normal.tsv	True	Retained non-significant
HALLMARK_ADIPOGENESIS	-1.24748764840491	0.181292695743563	-1.33708644259737	0.117088824333071	GSEA_Hallmark_T_cell_nonDM_ED_vs_normal.tsv	True	Retained non-significant
HALLMARK_ALLOGRAFT_REJECTION	1.28354414820761	0.141969831410825	1.03243030694221	0.529669260700389	GSEA_Hallmark_T_cell_nonDM_ED_vs_normal.tsv	True	Retained non-significant
HALLMARK_ANDROGEN_RESPONSE	0.922406930868296	0.703044816968868	0.826897557703884	0.851654528569334	GSEA_Hallmark_T_cell_nonDM_ED_vs_normal.tsv	True	Retained non-significant
HALLMARK_APICAL_JUNCTION	-1.88165938824819	0.0017607125405759	-0.979415848112358	0.62984126984127	GSEA_Hallmark_T_cell_nonDM_ED_vs_normal.tsv	True	Lost significance
HALLMARK_APOPTOSIS	-1.22732791754043	0.199240986717268	1.34212829513891	0.116264075360551	GSEA_Hallmark_T_cell_nonDM_ED_vs_normal.tsv	True	Retained non-significant
HALLMARK_BILE_ACID_METABOLISM	0.955486415224674	0.653526970954357	-0.807157513610265	0.851654528569334	GSEA_Hallmark_T_cell_nonDM_ED_vs_normal.tsv	True	Retained non-significant
HALLMARK_CHOLESTEROL_HOMEOSTASIS	-1.72070030099693	0.0263928556863195	-1.63312430759719	0.0414747233319399	GSEA_Hallmark_T_cell_nonDM_ED_vs_normal.tsv	True	Retained significant
HALLMARK_COAGULATION	-2.19385177928804	0.0001319161978201	-1.53998172271758	0.100564773892676	GSEA_Hallmark_T_cell_nonDM_ED_vs_normal.tsv	True	Lost significance
HALLMARK_COMPLEMENT	-1.46865568392805	0.033141634243669	-1.23802128257727	0.215043074884029	GSEA_Hallmark_T_cell_nonDM_ED_vs_normal.tsv	True	Lost significance
HALLMARK_DNA_REPAIR	-1.69705395698301	0.0055989754644788	-1.83828975184783	0.0055633909069677	GSEA_Hallmark_T_cell_nonDM_ED_vs_normal.tsv	True	Retained significant
HALLMARK_E2F_TARGETS	-0.839640549242765	0.865464632454924	-1.22391861293329	0.215043074884029	GSEA_Hallmark_T_cell_nonDM_ED_vs_normal.tsv	True	Retained non-significant
HALLMARK_EPITHELIAL_MESENCHYMAL_TRANSITION	-1.70541911181447	0.015574724975994	-1.39715047377662	0.12008281573499	GSEA_Hallmark_T_cell_nonDM_ED_vs_normal.tsv	True	Lost significance
HALLMARK_ESTROGEN_RESPONSE_EARLY	-0.904013209722961	0.730201532784559	1.39787513604461	0.116264075360551	GSEA_Hallmark_T_cell_nonDM_ED_vs_normal.tsv	True	Retained non-significant
HALLMARK_ESTROGEN_RESPONSE_LATE	-1.68782442527861	0.0149054111106367	-1.14861695862718	0.368296296296296	GSEA_Hallmark_T_cell_nonDM_ED_vs_normal.tsv	True	Lost significance
HALLMARK_FATTY_ACID_METABOLISM	-1.36355471914006	0.0860938038876438	-1.39156225064965	0.12008281573499	GSEA_Hallmark_T_cell_nonDM_ED_vs_normal.tsv	True	Retained non-significant
HALLMARK_G2M_CHECKPOINT	1.67361625920377	0.0095074017845755	1.60812517049633	0.0254686828539445	GSEA_Hallmark_T_cell_nonDM_ED_vs_normal.tsv	True	Retained significant
HALLMARK_GLYCOLYSIS	-1.54480826246171	0.0263928556863195	-1.71190692756618	0.0137398198649991	GSEA_Hallmark_T_cell_nonDM_ED_vs_normal.tsv	True	Retained significant
HALLMARK_HEME_METABOLISM	-0.843077864993696	0.862822501057381	0.897767265978771	0.784106815979326	GSEA_Hallmark_T_cell_nonDM_ED_vs_normal.tsv	True	Retained non-significant
HALLMARK_HYPOXIA	1.0283882071431	0.550709175348312	-0.974753822204774	0.62984126984127	GSEA_Hallmark_T_cell_nonDM_ED_vs_normal.tsv	True	Retained non-significant
HALLMARK_IL2_STAT5_SIGNALING	-1.04025355666725	0.550709175348312	-1.05069805016714	0.488441948543816	GSEA_Hallmark_T_cell_nonDM_ED_vs_normal.tsv	True	Retained non-significant
HALLMARK_IL6_JAK_STAT3_SIGNALING	1.08553651568634	0.497965303062754	0.908766660432363	0.767441860465116	GSEA_Hallmark_T_cell_nonDM_ED_vs_normal.tsv	True	Retained non-significant
HALLMARK_INFLAMMATORY_RESPONSE	1.31709541036056	0.199240986717268	1.30276612263918	0.151093439363817	GSEA_Hallmark_T_cell_nonDM_ED_vs_normal.tsv	True	Retained non-significant
HALLMARK_INTERFERON_ALPHA_RESPONSE	1.78274383684946	0.0066996768490167	1.60543615233109	0.0414143835464295	GSEA_Hallmark_T_cell_nonDM_ED_vs_normal.tsv	True	Retained significant
HALLMARK_INTERFERON_GAMMA_RESPONSE	1.53147519261872	0.022382421355218	1.43218384743963	0.0773578648562023	GSEA_Hallmark_T_cell_nonDM_ED_vs_normal.tsv	True	Lost significance
HALLMARK_KRAS_SIGNALING_DN	0.88309399687777	0.730201532784559	1.13511566476317	0.439417989417989	GSEA_Hallmark_T_cell_nonDM_ED_vs_normal.tsv	True	Retained non-significant
HALLMARK_KRAS_SIGNALING_UP	-1.46485645338956	0.0563458158980942	1.41057897084298	0.116264075360551	GSEA_Hallmark_T_cell_nonDM_ED_vs_normal.tsv	True	Retained non-significant
HALLMARK_MITOTIC_SPINDLE	1.49393911885338	0.0237144575260871	1.83011291773619	0.00312161474507	GSEA_Hallmark_T_cell_nonDM_ED_vs_normal.tsv	True	Retained significant
HALLMARK_MTORC1_SIGNALING	0.871982739623059	0.861363636363637	-0.883484825775736	0.851654528569334	GSEA_Hallmark_T_cell_nonDM_ED_vs_normal.tsv	True	Retained non-significant
HALLMARK_MYC_TARGETS_V1	-1.31099945347428	0.118116836576652	-1.60675826300119	0.0067539231839925	GSEA_Hallmark_T_cell_nonDM_ED_vs_normal.tsv	True	Gained significance
HALLMARK_MYC_TARGETS_V2	1.15066803556241	0.40959580376427	0.807478874997657	0.851654528569334	GSEA_Hallmark_T_cell_nonDM_ED_vs_normal.tsv	True	Retained non-significant
HALLMARK_MYOGENESIS	-1.22867015238415	0.260756192959583	-1.11210950586916	0.439417989417989	GSEA_Hallmark_T_cell_nonDM_ED_vs_normal.tsv	True	Retained non-significant
HALLMARK_OXIDATIVE_PHOSPHORYLATION	-2.40879007967142	8.106973707578119e-11	-2.72182408925529	2.50527089261914e-15	GSEA_Hallmark_T_cell_nonDM_ED_vs_normal.tsv	True	Retained significant
HALLMARK_P53_PATHWAY	-1.61550109876161	0.0098967086948936	-1.70443315445624	0.0067539231839925	GSEA_Hallmark_T_cell_nonDM_ED_vs_normal.tsv	True	Retained significant
HALLMARK_PEROXISOME	-1.03266212809163	0.55992141453831	-0.982182437271874	0.62984126984127	GSEA_Hallmark_T_cell_nonDM_ED_vs_normal.tsv	True	Retained non-significant
HALLMARK_PI3K_AKT_MTOR_SIGNALING	0.709609300413958	0.969012605042017	0.579751497100814	0.993914807302231	GSEA_Hallmark_T_cell_nonDM_ED_vs_normal.tsv	True	Retained non-significant
HALLMARK_PROTEIN_SECRETION	0.706834729047198	0.969012605042017	0.825184419365878	0.852005532503458	GSEA_Hallmark_T_cell_nonDM_ED_vs_normal.tsv	True	Retained non-significant
HALLMARK_REACTIVE_OXYGEN_SPECIES_PATHWAY	-1.44476021676814	0.125073152758233	-1.67205906428109	0.0414747233319399	GSEA_Hallmark_T_cell_nonDM_ED_vs_normal.tsv	True	Gained significance
HALLMARK_SPERMATOGENESIS	-0.605646837199844	0.973333333333333	0.613597405241535	0.98984337921215	GSEA_Hallmark_T_cell_nonDM_ED_vs_normal.tsv	True	Retained non-significant
HALLMARK_TGF_BETA_SIGNALING	-2.06357243176871	0.0014441548345212	-1.67220952707007	0.0414747233319399	GSEA_Hallmark_T_cell_nonDM_ED_vs_normal.tsv	True	Retained significant
HALLMARK_TNFA_SIGNALING_VIA_NFKB	1.15277942319219	0.314401622718053	1.48186289241742	0.0414143835464295	GSEA_Hallmark_T_cell_nonDM_ED_vs_normal.tsv	True	Gained significance
HALLMARK_UNFOLDED_PROTEIN_RESPONSE	-0.973119618164611	0.653526970954357	-1.09429290009684	0.439417989417989	GSEA_Hallmark_T_cell_nonDM_ED_vs_normal.tsv	True	Retained non-significant
HALLMARK_UV_RESPONSE_DN	0.998255508040206	0.605203619909502	1.35744429036477	0.12008281573499	GSEA_Hallmark_T_cell_nonDM_ED_vs_normal.tsv	True	Retained non-significant
HALLMARK_UV_RESPONSE_UP	-1.3540442669982	0.12416964741952	-1.20428888330097	0.269836462749849	GSEA_Hallmark_T_cell_nonDM_ED_vs_normal.tsv	True	Retained non-significant
HALLMARK_WNT_BETA_CATENIN_SIGNALING	1.02624934254738	0.55992141453831			GSEA_Hallmark_T_cell_nonDM_ED_vs_normal.tsv	False	Incomplete estimate
HALLMARK_XENOBIOTIC_METABOLISM	-1.25767990856822	0.207169811320755	-1.23550288905152	0.23350495049505	GSEA_Hallmark_T_cell_nonDM_ED_vs_normal.tsv	True	Retained non-significant
HALLMARK_ADIPOGENESIS	1.18962220889855	0.152408047144889	1.21759291388915	0.140404364569962	GSEA_Hallmark_vascular_endothelial_DMED_vs_normal.tsv	True	Retained non-significant
HALLMARK_ALLOGRAFT_REJECTION	1.64254300302705	0.0030609537556949	1.78903398339033	0.0003500864980756	GSEA_Hallmark_vascular_endothelial_DMED_vs_normal.tsv	True	Retained significant
HALLMARK_ANDROGEN_RESPONSE	2.24338183155126	6.07972310637313e-08	2.27704967441825	2.4086622736196e-08	GSEA_Hallmark_vascular_endothelial_DMED_vs_normal.tsv	True	Retained significant
HALLMARK_ANGIOGENESIS	1.63283700029267	0.0373138956198529	2.05689919819702	0.0002963425732298	GSEA_Hallmark_vascular_endothelial_DMED_vs_normal.tsv	True	Retained significant
HALLMARK_APICAL_JUNCTION	1.81842396418786	9.76350873534402e-05	1.75293612096391	0.0001822332696212	GSEA_Hallmark_vascular_endothelial_DMED_vs_normal.tsv	True	Retained significant
HALLMARK_APICAL_SURFACE	1.01794980204601	0.472651038688775	1.08799996387621	0.406658558832472	GSEA_Hallmark_vascular_endothelial_DMED_vs_normal.tsv	True	Retained non-significant
HALLMARK_APOPTOSIS	2.07573243094302	2.61514028944935e-07	2.16042598169607	2.4086622736196e-08	GSEA_Hallmark_vascular_endothelial_DMED_vs_normal.tsv	True	Retained significant
HALLMARK_BILE_ACID_METABOLISM	-1.45008566989856	0.0325563245839575	-1.45750376929533	0.0335956532850113	GSEA_Hallmark_vascular_endothelial_DMED_vs_normal.tsv	True	Retained significant
HALLMARK_CHOLESTEROL_HOMEOSTASIS	1.69830436378717	0.0061553473115447	1.61750422171987	0.0139668335191416	GSEA_Hallmark_vascular_endothelial_DMED_vs_normal.tsv	True	Retained significant
HALLMARK_COAGULATION	1.21221483568169	0.202617894925587	1.33868640852849	0.100515689188008	GSEA_Hallmark_vascular_endothelial_DMED_vs_normal.tsv	True	Retained non-significant
HALLMARK_COMPLEMENT	1.4553710411257	0.0252055895493805	1.47993033220447	0.0153142890093361	GSEA_Hallmark_vascular_endothelial_DMED_vs_normal.tsv	True	Retained significant
HALLMARK_DNA_REPAIR	-0.796833020111732	0.918032786885246	0.770078688105917	0.923184357541899	GSEA_Hallmark_vascular_endothelial_DMED_vs_normal.tsv	True	Retained non-significant
HALLMARK_E2F_TARGETS	-0.915648610554288	0.752155567785727	-0.867220635530813	0.888835263835264	GSEA_Hallmark_vascular_endothelial_DMED_vs_normal.tsv	True	Retained non-significant
HALLMARK_EPITHELIAL_MESENCHYMAL_TRANSITION	1.79737444840192	8.93714466727745e-05	1.83733083019868	2.2305352454345e-05	GSEA_Hallmark_vascular_endothelial_DMED_vs_normal.tsv	True	Retained significant
HALLMARK_ESTROGEN_RESPONSE_EARLY	2.11270572869366	6.07972310637313e-08	2.22375637443126	5.43611004556892e-09	GSEA_Hallmark_vascular_endothelial_DMED_vs_normal.tsv	True	Retained significant
HALLMARK_ESTROGEN_RESPONSE_LATE	2.11801641238835	1.43161201735233e-07	2.05816182612144	7.54180392289831e-07	GSEA_Hallmark_vascular_endothelial_DMED_vs_normal.tsv	True	Retained significant
HALLMARK_FATTY_ACID_METABOLISM	1.39310011079263	0.0373138956198529	1.26941610263407	0.128968253968254	GSEA_Hallmark_vascular_endothelial_DMED_vs_normal.tsv	True	Lost significance
HALLMARK_G2M_CHECKPOINT	1.37810795330806	0.0325563245839575	1.43070044459273	0.0277707282946373	GSEA_Hallmark_vascular_endothelial_DMED_vs_normal.tsv	True	Retained significant
HALLMARK_GLYCOLYSIS	1.26001543176728	0.0824896887889014	1.34616600699583	0.0586905486479437	GSEA_Hallmark_vascular_endothelial_DMED_vs_normal.tsv	True	Retained non-significant
HALLMARK_HEDGEHOG_SIGNALING	0.795173297963717	0.784793083900227	0.674867509994436	0.923184357541899	GSEA_Hallmark_vascular_endothelial_DMED_vs_normal.tsv	True	Retained non-significant
HALLMARK_HEME_METABOLISM	1.14507127262925	0.218396301610075	1.2337068680787	0.140404364569962	GSEA_Hallmark_vascular_endothelial_DMED_vs_normal.tsv	True	Retained non-significant
HALLMARK_HYPOXIA	2.25448630238027	3.90882542052281e-10	2.21445399773686	1.77399683090324e-09	GSEA_Hallmark_vascular_endothelial_DMED_vs_normal.tsv	True	Retained significant
HALLMARK_IL2_STAT5_SIGNALING	2.03361196267614	2.07666993409039e-07	2.06569088863722	1.04136743997556e-07	GSEA_Hallmark_vascular_endothelial_DMED_vs_normal.tsv	True	Retained significant
HALLMARK_IL6_JAK_STAT3_SIGNALING	1.4717179126338	0.0492132022998728	1.52603252330562	0.0277707282946373	GSEA_Hallmark_vascular_endothelial_DMED_vs_normal.tsv	True	Retained significant
HALLMARK_INFLAMMATORY_RESPONSE	2.29323108479048	7.90447610586708e-10	2.30678804977947	1.53053672547174e-09	GSEA_Hallmark_vascular_endothelial_DMED_vs_normal.tsv	True	Retained significant
HALLMARK_INTERFERON_ALPHA_RESPONSE	-1.43001599197885	0.0325563245839575	-1.23733529984772	0.140404364569962	GSEA_Hallmark_vascular_endothelial_DMED_vs_normal.tsv	True	Lost significance
HALLMARK_INTERFERON_GAMMA_RESPONSE	1.39051371251202	0.0373138956198529	1.57093372397525	0.0037587553144233	GSEA_Hallmark_vascular_endothelial_DMED_vs_normal.tsv	True	Retained significant
HALLMARK_KRAS_SIGNALING_DN	1.6710103116681	0.0080248212789281	1.50239743117922	0.0277707282946373	GSEA_Hallmark_vascular_endothelial_DMED_vs_normal.tsv	True	Retained significant
HALLMARK_KRAS_SIGNALING_UP	1.7036849867421	0.0006900262426234	1.72349032093042	0.000549313159566	GSEA_Hallmark_vascular_endothelial_DMED_vs_normal.tsv	True	Retained significant
HALLMARK_MITOTIC_SPINDLE	1.30338083490042	0.0492132022998728	1.16383124430629	0.21900269541779	GSEA_Hallmark_vascular_endothelial_DMED_vs_normal.tsv	True	Lost significance
HALLMARK_MTORC1_SIGNALING	2.07342436989997	4.87554466346306e-08	2.05210819856469	3.13626995550014e-08	GSEA_Hallmark_vascular_endothelial_DMED_vs_normal.tsv	True	Retained significant
HALLMARK_MYC_TARGETS_V1	1.37265286444486	0.0373138956198529	1.40385978413179	0.0244451647870343	GSEA_Hallmark_vascular_endothelial_DMED_vs_normal.tsv	True	Retained significant
HALLMARK_MYC_TARGETS_V2	1.94232793567923	0.0003302988934998	1.94563274193311	0.0002748637020723	GSEA_Hallmark_vascular_endothelial_DMED_vs_normal.tsv	True	Retained significant
HALLMARK_MYOGENESIS	2.55817162413167	4.3411177245853e-15	2.29757463523459	2.91390535905514e-10	GSEA_Hallmark_vascular_endothelial_DMED_vs_normal.tsv	True	Retained significant
HALLMARK_NOTCH_SIGNALING	1.17604764797074	0.254360465116279	1.44799822594717	0.0875087508750875	GSEA_Hallmark_vascular_endothelial_DMED_vs_normal.tsv	True	Retained non-significant
HALLMARK_OXIDATIVE_PHOSPHORYLATION	1.33062571905552	0.0492132022998728	1.11178222957615	0.298019611613151	GSEA_Hallmark_vascular_endothelial_DMED_vs_normal.tsv	True	Lost significance
HALLMARK_P53_PATHWAY	1.65218057251455	0.0007594377793379	1.65164422166771	0.0009891018126372	GSEA_Hallmark_vascular_endothelial_DMED_vs_normal.tsv	True	Retained significant
HALLMARK_PANCREAS_BETA_CELLS	0.790763891595245	0.778937240970989	0.77221679054005	0.815663661910149	GSEA_Hallmark_vascular_endothelial_DMED_vs_normal.tsv	True	Retained non-significant
HALLMARK_PEROXISOME	-1.13538158592178	0.247157686604053	-1.11022415431878	0.291061823004937	GSEA_Hallmark_vascular_endothelial_DMED_vs_normal.tsv	True	Retained non-significant
HALLMARK_PI3K_AKT_MTOR_SIGNALING	1.28632205019241	0.13077593722755	1.25299946976557	0.15667392716573	GSEA_Hallmark_vascular_endothelial_DMED_vs_normal.tsv	True	Retained non-significant
HALLMARK_PROTEIN_SECRETION	0.865818683185901	0.757099679803693	0.955948346950076	0.608502986320724	GSEA_Hallmark_vascular_endothelial_DMED_vs_normal.tsv	True	Retained non-significant
HALLMARK_REACTIVE_OXYGEN_SPECIES_PATHWAY	1.42610069930201	0.0883236177353824	1.43485707436404	0.0687092833876222	GSEA_Hallmark_vascular_endothelial_DMED_vs_normal.tsv	True	Retained non-significant
HALLMARK_SPERMATOGENESIS	-1.17540317340199	0.215014577259475	-1.07822012443634	0.348180265405334	GSEA_Hallmark_vascular_endothelial_DMED_vs_normal.tsv	True	Retained non-significant
HALLMARK_TGF_BETA_SIGNALING	1.77063313745183	0.0037401369743469	1.79385795750319	0.0018860613620969	GSEA_Hallmark_vascular_endothelial_DMED_vs_normal.tsv	True	Retained significant
HALLMARK_TNFA_SIGNALING_VIA_NFKB	3.1672083741483	1.3514159597092499e-42	3.12466387802818	7.97438873457352e-40	GSEA_Hallmark_vascular_endothelial_DMED_vs_normal.tsv	True	Retained significant
HALLMARK_UNFOLDED_PROTEIN_RESPONSE	1.93486780097343	6.00966802290625e-05	1.9637122894445	2.85512015779854e-05	GSEA_Hallmark_vascular_endothelial_DMED_vs_normal.tsv	True	Retained significant
HALLMARK_UV_RESPONSE_DN	1.88241692307215	7.33986585750671e-05	1.85153903632459	0.0001099192257404	GSEA_Hallmark_vascular_endothelial_DMED_vs_normal.tsv	True	Retained significant
HALLMARK_UV_RESPONSE_UP	2.20521760585346	1.80473010087683e-08	2.2761394255431	2.85866891104313e-09	GSEA_Hallmark_vascular_endothelial_DMED_vs_normal.tsv	True	Retained significant
HALLMARK_WNT_BETA_CATENIN_SIGNALING	1.11767917238719	0.323065364387678	1.05296800198582	0.438979963570127	GSEA_Hallmark_vascular_endothelial_DMED_vs_normal.tsv	True	Retained non-significant
HALLMARK_XENOBIOTIC_METABOLISM	1.43121586963696	0.0325563245839575	1.48453211894238	0.0165766043310278	GSEA_Hallmark_vascular_endothelial_DMED_vs_normal.tsv	True	Retained significant
HALLMARK_ADIPOGENESIS	0.846915925489307	0.918414204806368	0.880560088542807	0.837081459270365	GSEA_Hallmark_vascular_endothelial_nonDM_ED_vs_normal.tsv	True	Retained non-significant
HALLMARK_ALLOGRAFT_REJECTION	0.977065179210994	0.657894736842105	0.898771439537166	0.77953488372093	GSEA_Hallmark_vascular_endothelial_nonDM_ED_vs_normal.tsv	True	Retained non-significant
HALLMARK_ANDROGEN_RESPONSE	2.08251201686885	1.57690340417475e-05	2.09974801310338	1.09472480242757e-05	GSEA_Hallmark_vascular_endothelial_nonDM_ED_vs_normal.tsv	True	Retained significant
HALLMARK_ANGIOGENESIS	1.56462133619813	0.0375905563947797	1.70466732293647	0.0167070939794546	GSEA_Hallmark_vascular_endothelial_nonDM_ED_vs_normal.tsv	True	Retained significant
HALLMARK_APICAL_JUNCTION	1.24082426537238	0.16156462585034	1.41230831599258	0.0395993112835606	GSEA_Hallmark_vascular_endothelial_nonDM_ED_vs_normal.tsv	True	Gained significance
HALLMARK_APICAL_SURFACE	1.41313819491038	0.119929453262787	1.53126880113589	0.0531797230979418	GSEA_Hallmark_vascular_endothelial_nonDM_ED_vs_normal.tsv	True	Retained non-significant
HALLMARK_APOPTOSIS	1.78574642514071	0.000239272952069	1.87568036457178	3.71146180821565e-05	GSEA_Hallmark_vascular_endothelial_nonDM_ED_vs_normal.tsv	True	Retained significant
HALLMARK_BILE_ACID_METABOLISM	-1.15775080141533	0.256821829855538	-0.918547814203091	0.774416909620991	GSEA_Hallmark_vascular_endothelial_nonDM_ED_vs_normal.tsv	True	Retained non-significant
HALLMARK_CHOLESTEROL_HOMEOSTASIS	1.38919534999165	0.080148044374745	1.50471428450629	0.0305715197113973	GSEA_Hallmark_vascular_endothelial_nonDM_ED_vs_normal.tsv	True	Gained significance
HALLMARK_COAGULATION	0.796602337685162	0.918414204806368	1.15368882023636	0.313598783616839	GSEA_Hallmark_vascular_endothelial_nonDM_ED_vs_normal.tsv	True	Retained non-significant
HALLMARK_COMPLEMENT	1.50203029385456	0.0142977099921884	1.43995595783608	0.0312175158665529	GSEA_Hallmark_vascular_endothelial_nonDM_ED_vs_normal.tsv	True	Retained significant
HALLMARK_DNA_REPAIR	-1.4396462735447	0.023537330534928	-1.42166529186119	0.0305715197113973	GSEA_Hallmark_vascular_endothelial_nonDM_ED_vs_normal.tsv	True	Retained significant
HALLMARK_E2F_TARGETS	0.957986620606892	0.712008037391342	0.821717738695567	0.898203592814371	GSEA_Hallmark_vascular_endothelial_nonDM_ED_vs_normal.tsv	True	Retained non-significant
HALLMARK_EPITHELIAL_MESENCHYMAL_TRANSITION	1.2023391153636	0.184461805555556	1.63411952002636	0.0008481652179749	GSEA_Hallmark_vascular_endothelial_nonDM_ED_vs_normal.tsv	True	Gained significance
HALLMARK_ESTROGEN_RESPONSE_EARLY	1.76995065253323	0.0002798707178657	1.87429623529632	4.52535894386253e-05	GSEA_Hallmark_vascular_endothelial_nonDM_ED_vs_normal.tsv	True	Retained significant
HALLMARK_ESTROGEN_RESPONSE_LATE	1.76349530299718	0.0002686275732417	1.81202417129823	0.0001208841881986	GSEA_Hallmark_vascular_endothelial_nonDM_ED_vs_normal.tsv	True	Retained significant
HALLMARK_FATTY_ACID_METABOLISM	1.22629051779871	0.184461805555556	1.10978520519894	0.343030829353018	GSEA_Hallmark_vascular_endothelial_nonDM_ED_vs_normal.tsv	True	Retained non-significant
HALLMARK_G2M_CHECKPOINT	1.58241414133828	0.0043354685118584	1.48140212180317	0.0169805592170331	GSEA_Hallmark_vascular_endothelial_nonDM_ED_vs_normal.tsv	True	Retained significant
HALLMARK_GLYCOLYSIS	0.761146422275083	0.977023462446203	0.741360874737203	0.982502956606119	GSEA_Hallmark_vascular_endothelial_nonDM_ED_vs_normal.tsv	True	Retained non-significant
HALLMARK_HEDGEHOG_SIGNALING	-0.654204227754328	0.977023462446203	-0.78856467823143	0.837081459270365	GSEA_Hallmark_vascular_endothelial_nonDM_ED_vs_normal.tsv	True	Retained non-significant
HALLMARK_HEME_METABOLISM	0.92795356635273	0.729964796024022	0.860680318269785	0.859184667857723	GSEA_Hallmark_vascular_endothelial_nonDM_ED_vs_normal.tsv	True	Retained non-significant
HALLMARK_HYPOXIA	2.16242656159442	7.17221399216057e-08	2.08098413215967	4.87256315317193e-07	GSEA_Hallmark_vascular_endothelial_nonDM_ED_vs_normal.tsv	True	Retained significant
HALLMARK_IL2_STAT5_SIGNALING	1.66056045604543	0.0013117801431135	1.78284365250085	0.0002048440798247	GSEA_Hallmark_vascular_endothelial_nonDM_ED_vs_normal.tsv	True	Retained significant
HALLMARK_IL6_JAK_STAT3_SIGNALING	1.24098288714493	0.214558169103624	1.29888021374008	0.165195395178359	GSEA_Hallmark_vascular_endothelial_nonDM_ED_vs_normal.tsv	True	Retained non-significant
HALLMARK_INFLAMMATORY_RESPONSE	1.89350185863391	7.73672585966882e-05	1.95124565083995	1.43882476952705e-05	GSEA_Hallmark_vascular_endothelial_nonDM_ED_vs_normal.tsv	True	Retained significant
HALLMARK_INTERFERON_ALPHA_RESPONSE	2.20380853527731	3.40459680726497e-07	2.11173970457316	5.4879873076794e-06	GSEA_Hallmark_vascular_endothelial_nonDM_ED_vs_normal.tsv	True	Retained significant
HALLMARK_INTERFERON_GAMMA_RESPONSE	2.09230762211649	3.40459680726497e-07	2.04945293239142	4.87256315317193e-07	GSEA_Hallmark_vascular_endothelial_nonDM_ED_vs_normal.tsv	True	Retained significant
HALLMARK_KRAS_SIGNALING_DN	1.80416876238653	0.0013117801431135	1.88921433134142	0.0003873037121794	GSEA_Hallmark_vascular_endothelial_nonDM_ED_vs_normal.tsv	True	Retained significant
HALLMARK_KRAS_SIGNALING_UP	1.28655184319363	0.126475548060708	1.43830561215594	0.0225041889759283	GSEA_Hallmark_vascular_endothelial_nonDM_ED_vs_normal.tsv	True	Gained significance
HALLMARK_MITOTIC_SPINDLE	1.644415920164	0.0011361802064687	1.48929301139779	0.0087359052806652	GSEA_Hallmark_vascular_endothelial_nonDM_ED_vs_normal.tsv	True	Retained significant
HALLMARK_MTORC1_SIGNALING	1.80348646180981	6.48210357481161e-05	1.95712520052211	5.21347384851517e-06	GSEA_Hallmark_vascular_endothelial_nonDM_ED_vs_normal.tsv	True	Retained significant
HALLMARK_MYC_TARGETS_V1	-0.951002731515383	0.729964796024022	-1.00932261063893	0.581811672037236	GSEA_Hallmark_vascular_endothelial_nonDM_ED_vs_normal.tsv	True	Retained non-significant
HALLMARK_MYC_TARGETS_V2	-0.911957757735892	0.729964796024022	-0.96975186398167	0.632603406326034	GSEA_Hallmark_vascular_endothelial_nonDM_ED_vs_normal.tsv	True	Retained non-significant
HALLMARK_MYOGENESIS	1.64543609445272	0.0013216917333668	1.62829928657234	0.0039525101170738	GSEA_Hallmark_vascular_endothelial_nonDM_ED_vs_normal.tsv	True	Retained significant
HALLMARK_NOTCH_SIGNALING	1.21007075285615	0.288120567375886	1.56693232125673	0.0376510917543277	GSEA_Hallmark_vascular_endothelial_nonDM_ED_vs_normal.tsv	True	Gained significance
HALLMARK_OXIDATIVE_PHOSPHORYLATION	-1.26323204558169	0.080148044374745	-1.30950475148313	0.0531797230979418	GSEA_Hallmark_vascular_endothelial_nonDM_ED_vs_normal.tsv	True	Retained non-significant
HALLMARK_P53_PATHWAY	1.61213346343996	0.0036552511019834	1.57215140939361	0.0030230251522756	GSEA_Hallmark_vascular_endothelial_nonDM_ED_vs_normal.tsv	True	Retained significant
HALLMARK_PANCREAS_BETA_CELLS	-0.878850324717966	0.729964796024022	-1.00658781282929	0.581811672037236	GSEA_Hallmark_vascular_endothelial_nonDM_ED_vs_normal.tsv	True	Retained non-significant
HALLMARK_PEROXISOME	-1.06535445518319	0.441441441441441	-0.995844175642594	0.591187186361449	GSEA_Hallmark_vascular_endothelial_nonDM_ED_vs_normal.tsv	True	Retained non-significant
HALLMARK_PI3K_AKT_MTOR_SIGNALING	1.18967847387208	0.256821829855538	1.04713848514343	0.481721591932289	GSEA_Hallmark_vascular_endothelial_nonDM_ED_vs_normal.tsv	True	Retained non-significant
HALLMARK_PROTEIN_SECRETION	0.613770955679596	0.99825479930192	0.664861136715461	0.985553772070626	GSEA_Hallmark_vascular_endothelial_nonDM_ED_vs_normal.tsv	True	Retained non-significant
HALLMARK_REACTIVE_OXYGEN_SPECIES_PATHWAY	-1.34293863724901	0.150034293552812	-1.38029016728249	0.127829160087225	GSEA_Hallmark_vascular_endothelial_nonDM_ED_vs_normal.tsv	True	Retained non-significant
HALLMARK_SPERMATOGENESIS	0.801289485212502	0.918414204806368	0.852246496010472	0.817555938037866	GSEA_Hallmark_vascular_endothelial_nonDM_ED_vs_normal.tsv	True	Retained non-significant
HALLMARK_TGF_BETA_SIGNALING	1.51448513099849	0.0442100476797664	1.54509091944359	0.0318225184195847	GSEA_Hallmark_vascular_endothelial_nonDM_ED_vs_normal.tsv	True	Retained significant
HALLMARK_TNFA_SIGNALING_VIA_NFKB	3.14471005951074	4.69298307445795e-32	3.03881786998871	1.08513424735537e-29	GSEA_Hallmark_vascular_endothelial_nonDM_ED_vs_normal.tsv	True	Retained significant
HALLMARK_UNFOLDED_PROTEIN_RESPONSE	1.27709956965255	0.158661025385764	1.3572014197349	0.0793650793650794	GSEA_Hallmark_vascular_endothelial_nonDM_ED_vs_normal.tsv	True	Retained non-significant
HALLMARK_UV_RESPONSE_DN	1.43106009317727	0.0428811384308175	1.52549972533293	0.0095876959457346	GSEA_Hallmark_vascular_endothelial_nonDM_ED_vs_normal.tsv	True	Retained significant
HALLMARK_UV_RESPONSE_UP	1.78993898798858	0.0002686275732417	1.83976776965053	9.01191401576466e-05	GSEA_Hallmark_vascular_endothelial_nonDM_ED_vs_normal.tsv	True	Retained significant
HALLMARK_WNT_BETA_CATENIN_SIGNALING	1.34514117390553	0.16156462585034	1.35254336735547	0.137302284710018	GSEA_Hallmark_vascular_endothelial_nonDM_ED_vs_normal.tsv	True	Retained non-significant
HALLMARK_XENOBIOTIC_METABOLISM	0.915705162148366	0.729964796024022	0.953766123055439	0.671005960434417	GSEA_Hallmark_vascular_endothelial_nonDM_ED_vs_normal.tsv	True	Retained non-significant
